{"v":"5.9.0","ip":0,"op":150,"fr":30,"w":2000,"h":2000,"nm":"QR Reading Instructions_V0.3","assets":[],"layers":[{"ind":1,"ty":4,"nm":"Shape Layer 1","sr":1,"ks":{"o":{"a":0,"k":100},"r":{"a":0,"k":0},"p":{"a":0,"k":[963.6,1546.505,0],"l":2},"a":{"a":0,"k":[582.501,606.04,0],"l":2},"s":{"a":0,"k":[65.104,65.104,100],"l":2}},"shapes":[{"ty":"gr","nm":"Shape 1","bm":0,"mn":"ADBE Vector Group","it":[{"ty":"sh","nm":"Path 1","mn":"ADBE Vector Shape - Group","ind":0,"ks":{"k":{"i":[[-11.5,-16],[73,-36],[48,1]],"o":[[11.5,16],[-73,36],[-48,-1]],"v":[[710.75,526.25],[678,643],[469.375,684]],"c":false},"a":0}},{"ty":"st","nm":"hvLottiePrimaryColor","bm":0,"mn":"ADBE Vector Graphic - Stroke","lc":1,"lj":1,"ml":4,"o":{"a":0,"k":100},"w":{"a":0,"k":6},"c":{"a":0,"k":[0.411764705882,0.490196078431,0.976470588235,1]}},{"ty":"tr","o":{"a":0,"k":100},"r":{"a":0,"k":0},"p":{"a":0,"k":[0,0]},"a":{"a":0,"k":[0,0]},"s":{"a":0,"k":[100,100]},"nm":"Transform","sk":{"a":0,"k":0},"sa":{"a":0,"k":0}}]}],"ip":0,"op":150,"st":0,"parent":10},{"ind":2,"ty":4,"nm":"Thumb","sr":1,"ks":{"o":{"a":0,"k":100},"r":{"a":0,"k":1},"p":{"a":0,"k":[942.009,1503.487,0],"l":2},"a":{"a":0,"k":[939.899,1491.382,0],"l":2},"s":{"a":0,"k":[100,100,100],"l":2}},"shapes":[{"ty":"gr","nm":"Group 1","bm":0,"mn":"ADBE Vector Group","it":[{"ty":"sh","nm":"Path 1","mn":"ADBE Vector Shape - Group","ind":0,"ks":{"k":{"i":[[0,0],[-95.841,220.694],[0,0],[-33.251,-5.868],[-9.78,-37.163],[-32.762,-48.41],[0.978,-14.181],[-54.44,-76.2]],"o":[[0,0],[-37.163,-97.96],[0,0],[33.252,5.868],[9.779,37.163],[32.761,48.41],[-0.978,14.181],[0,0]],"v":[[-66.216,248.903],[-68.662,-28.668],[-89.688,-208.289],[-49.102,-248.385],[-28.075,-175.526],[24.735,-49.368],[65.81,28.869],[110.633,226.99]],"c":false},"a":0}},{"ty":"st","nm":"hvLottiePrimaryColor","bm":0,"mn":"ADBE Vector Graphic - Stroke","lc":1,"lj":1,"ml":10,"o":{"a":0,"k":100},"w":{"a":0,"k":4.169},"c":{"a":0,"k":[0.411764711142,0.490196079016,0.976470589638,1]}},{"ty":"tr","o":{"a":0,"k":100},"r":{"a":0,"k":0},"p":{"a":0,"k":[934.289,1253.608]},"a":{"a":0,"k":[0,0]},"s":{"a":0,"k":[100,100]},"nm":"Transform","sk":{"a":0,"k":0},"sa":{"a":0,"k":0}}]},{"ty":"gr","nm":"Group 2","bm":0,"mn":"ADBE Vector Group","it":[{"ty":"sh","nm":"Path 1","mn":"ADBE Vector Shape - Group","ind":0,"ks":{"k":{"i":[[0,0],[1.088,-27.139],[-6.585,-0.187]],"o":[[0,0],[-1.087,27.138],[0,0]],"v":[[4.956,-27.823],[-9.181,-4.395],[9.245,27.994]],"c":false},"a":0}},{"ty":"st","nm":"hvLottiePrimaryColor","bm":0,"mn":"ADBE Vector Graphic - Stroke","lc":2,"lj":1,"ml":10,"o":{"a":0,"k":100},"w":{"a":0,"k":4.169},"c":{"a":0,"k":[0.411764711142,0.490196079016,0.976470589638,1]}},{"ty":"tr","o":{"a":0,"k":100},"r":{"a":0,"k":0},"p":{"a":0,"k":[893.044,1049.254]},"a":{"a":0,"k":[0,0]},"s":{"a":0,"k":[100,100]},"nm":"Transform","sk":{"a":0,"k":0},"sa":{"a":0,"k":0}}]},{"ty":"gr","nm":"Group 3","bm":0,"mn":"ADBE Vector Group","it":[{"ty":"sh","nm":"Path 1","mn":"ADBE Vector Shape - Group","ind":0,"ks":{"k":{"i":[[0,0],[-95.841,220.694],[0,0],[-33.251,-5.868],[-9.78,-37.163],[-32.762,-48.41],[0.978,-14.181],[-54.44,-76.2],[63.476,9.404],[25.251,24.579]],"o":[[0,0],[-37.163,-97.96],[0,0],[33.252,5.868],[9.779,37.163],[32.761,48.41],[-0.978,14.181],[35.823,50.141],[-32.991,-4.888],[0,0]],"v":[[-71.827,226.128],[-74.272,-51.443],[-95.298,-231.063],[-54.713,-271.159],[-33.685,-198.301],[19.125,-72.143],[60.199,6.095],[105.023,204.215],[21.447,269.712],[-71.827,226.128]],"c":false},"a":0}},{"ty":"fl","nm":"Fill 1","bm":0,"mn":"ADBE Vector Graphic - Fill","c":{"a":0,"k":[1,1,1,1]},"o":{"a":0,"k":100},"r":1},{"ty":"tr","o":{"a":0,"k":100},"r":{"a":0,"k":0},"p":{"a":0,"k":[939.899,1276.382]},"a":{"a":0,"k":[0,0]},"s":{"a":0,"k":[100,100]},"nm":"Transform","sk":{"a":0,"k":0},"sa":{"a":0,"k":0}}]}],"ip":0,"op":150,"st":0,"parent":10},{"ind":3,"ty":4,"nm":"Scan line 2","sr":1,"ks":{"o":{"a":0,"k":100},"r":{"a":0,"k":0},"p":{"k":[{"i":{"x":0.833,"y":0.833},"o":{"x":0.167,"y":0.167},"t":84,"s":[590.773,1106.295,0],"ti":[-35,0,0],"to":[35,0,0]},{"t":109,"s":[803.773,1106.295,0]}],"x":"var $bm_rt;\n$bm_rt = loopOut();","a":1,"l":2},"a":{"a":0,"k":[0,0,0],"l":2},"s":{"a":0,"k":[100,100,100],"l":2}},"shapes":[{"ty":"gr","nm":"Group 1","bm":0,"mn":"ADBE Vector Group","it":[{"ty":"sh","nm":"Path 1","mn":"ADBE Vector Shape - Group","ind":0,"ks":{"k":{"i":[[0.553,0],[0,0.552],[0,0],[-0.553,0],[0,-0.552],[0,0]],"o":[[-0.553,0],[0,0],[0,-0.552],[0.553,0],[0,0],[0,0.552]],"v":[[0,104.161],[-1,103.161],[-1,-103.161],[0,-104.161],[1,-103.161],[1,103.161]],"c":true},"a":0}},{"ty":"fl","nm":"Fill 1","bm":0,"mn":"ADBE Vector Graphic - Fill","c":{"a":0,"k":[1,1,1,1]},"o":{"a":0,"k":100},"r":1},{"ty":"tr","o":{"a":0,"k":100},"r":{"a":0,"k":0},"p":{"a":0,"k":[0,0]},"a":{"a":0,"k":[0,0]},"s":{"a":0,"k":[100,100]},"nm":"Transform","sk":{"a":0,"k":0},"sa":{"a":0,"k":0}}]}],"ip":84,"op":134,"st":84,"parent":10},{"ind":4,"ty":4,"nm":"QR Area 2","sr":1,"ks":{"o":{"a":0,"k":100},"r":{"a":0,"k":0},"p":{"a":0,"k":[525.095,1135.102,0],"l":2},"a":{"a":0,"k":[0,0,0],"l":2},"s":{"a":0,"k":[100,100,100],"l":2}},"shapes":[{"ty":"gr","nm":"Rectangle 1","bm":0,"mn":"ADBE Vector Group","it":[{"ty":"rc","nm":"Rectangle Path 1","mn":"ADBE Vector Shape - Rect","d":1,"s":{"a":0,"k":[194.5,191]},"p":{"a":0,"k":[0,0]},"r":{"a":0,"k":0}},{"ty":"st","nm":"Stroke 1","bm":0,"mn":"ADBE Vector Graphic - Stroke","lc":1,"lj":1,"ml":4,"o":{"a":0,"k":100},"w":{"a":0,"k":0},"c":{"a":0,"k":[1,1,1,1]}},{"ty":"fl","nm":"Fill 1","bm":0,"mn":"ADBE Vector Graphic - Fill","c":{"a":0,"k":[0.819607902976,0.854902020623,0.996078491211,1]},"o":{"a":0,"k":100},"r":1},{"ty":"tr","o":{"a":0,"k":100},"r":{"a":0,"k":0},"p":{"a":0,"k":[173.75,-30]},"a":{"a":0,"k":[0,0]},"s":{"a":0,"k":[100,100]},"nm":"Transform","sk":{"a":0,"k":0},"sa":{"a":0,"k":0}}]}],"ip":84,"op":134,"st":84,"parent":10,"td":1},{"ind":5,"ty":4,"nm":"Scan Gradient","sr":1,"ks":{"o":{"a":0,"k":100},"r":{"a":0,"k":0},"p":{"a":0,"k":[-41.666,-8.162,0],"l":2},"a":{"a":0,"k":[0,0,0],"l":2},"s":{"a":0,"k":[100,100,100],"l":2}},"shapes":[{"ty":"gr","nm":"Group 1","bm":0,"mn":"ADBE Vector Group","it":[{"ty":"rc","nm":"Rectangle Path 1","mn":"ADBE Vector Shape - Rect","d":1,"s":{"a":0,"k":[84.387,204.387]},"p":{"a":0,"k":[0,0]},"r":{"a":0,"k":0}},{"ty":"gf","s":{"a":0,"k":[-41.419,0.129]},"e":{"a":0,"k":[42.968,0.129]},"t":1,"g":{"k":{"a":0,"k":[0,1,1,1,0.39,0.502,0.902,0.802,0.779,0.004,0.804,0.604,0.89,0.102,0.578,0.8,1,0.2,0.353,0.996,0,0,0.39,0.5,0.779,1,0.89,1,1,1]},"p":5},"nm":"Gradient Fill 1","bm":0,"mn":"ADBE Vector Graphic - G-Fill","o":{"a":0,"k":100},"r":1},{"ty":"tr","o":{"a":0,"k":100},"r":{"a":0,"k":0},"p":{"a":0,"k":[0,0]},"a":{"a":0,"k":[0,0]},"s":{"a":0,"k":[100,100]},"nm":"Transform","sk":{"a":0,"k":0},"sa":{"a":0,"k":0}}]}],"ip":84,"op":134,"st":84,"parent":3,"tt":1},{"ind":6,"ty":4,"nm":"OR code screen","sr":1,"ks":{"o":{"a":0,"k":100},"r":{"a":0,"k":0},"p":{"a":0,"k":[695.572,1128.902,0],"l":2},"a":{"a":0,"k":[697.086,1128.908,0],"l":2},"s":{"a":0,"k":[100,100,100],"l":2}},"shapes":[{"ty":"gr","nm":"Group 1","bm":0,"mn":"ADBE Vector Group","it":[{"ty":"sh","nm":"Path 1","mn":"ADBE Vector Shape - Group","ind":0,"ks":{"k":{"i":[[0,0],[0,0],[0,0]],"o":[[0,0],[0,0],[0,0]],"v":[[-13,13.435],[13,13.435],[13,-13.435]],"c":false},"a":0}},{"ty":"st","nm":"Fill","bm":0,"mn":"ADBE Vector Graphic - Stroke","lc":1,"lj":1,"ml":10,"o":{"a":0,"k":100},"w":{"a":0,"k":3.477},"c":{"a":0,"k":[0.16862745098,0.16862745098,0.16862745098,1]}},{"ty":"tr","o":{"a":0,"k":100},"r":{"a":0,"k":0},"p":{"a":0,"k":[796.013,1201.298]},"a":{"a":0,"k":[0,0]},"s":{"a":0,"k":[100,100]},"nm":"Transform","sk":{"a":0,"k":0},"sa":{"a":0,"k":0}}]},{"ty":"gr","nm":"Group 2","bm":0,"mn":"ADBE Vector Group","it":[{"ty":"sh","nm":"Path 1","mn":"ADBE Vector Shape - Group","ind":0,"ks":{"k":{"i":[[0,0],[0,0],[0,0]],"o":[[0,0],[0,0],[0,0]],"v":[[13.935,-14.161],[-13.935,-14.161],[-13.935,14.161]],"c":false},"a":0}},{"ty":"st","nm":"Fill","bm":0,"mn":"ADBE Vector Graphic - Stroke","lc":1,"lj":1,"ml":10,"o":{"a":0,"k":100},"w":{"a":0,"k":3.477},"c":{"a":0,"k":[0.16862745098,0.16862745098,0.16862745098,1]}},{"ty":"tr","o":{"a":0,"k":100},"r":{"a":0,"k":0},"p":{"a":0,"k":[605.852,1013.089]},"a":{"a":0,"k":[0,0]},"s":{"a":0,"k":[100,100]},"nm":"Transform","sk":{"a":0,"k":0},"sa":{"a":0,"k":0}}]},{"ty":"gr","nm":"Group 3","bm":0,"mn":"ADBE Vector Group","it":[{"ty":"sh","nm":"Path 1","mn":"ADBE Vector Shape - Group","ind":0,"ks":{"k":{"i":[[0,0],[0,0],[0,0]],"o":[[0,0],[0,0],[0,0]],"v":[[13,13.435],[-13,13.435],[-13,-13.435]],"c":false},"a":0}},{"ty":"st","nm":"Fill","bm":0,"mn":"ADBE Vector Graphic - Stroke","lc":1,"lj":1,"ml":10,"o":{"a":0,"k":100},"w":{"a":0,"k":3.477},"c":{"a":0,"k":[0.16862745098,0.16862745098,0.16862745098,1]}},{"ty":"tr","o":{"a":0,"k":100},"r":{"a":0,"k":0},"p":{"a":0,"k":[604.916,1201.298]},"a":{"a":0,"k":[0,0]},"s":{"a":0,"k":[100,100]},"nm":"Transform","sk":{"a":0,"k":0},"sa":{"a":0,"k":0}}]},{"ty":"gr","nm":"Group 4","bm":0,"mn":"ADBE Vector Group","it":[{"ty":"sh","nm":"Path 1","mn":"ADBE Vector Shape - Group","ind":0,"ks":{"k":{"i":[[0,0],[0,0],[0,0]],"o":[[0,0],[0,0],[0,0]],"v":[[-13.935,-14.161],[13.935,-14.161],[13.935,14.161]],"c":false},"a":0}},{"ty":"st","nm":"Fill","bm":0,"mn":"ADBE Vector Graphic - Stroke","lc":1,"lj":1,"ml":10,"o":{"a":0,"k":100},"w":{"a":0,"k":3.477},"c":{"a":0,"k":[0.16862745098,0.16862745098,0.16862745098,1]}},{"ty":"tr","o":{"a":0,"k":100},"r":{"a":0,"k":0},"p":{"a":0,"k":[795.078,1013.089]},"a":{"a":0,"k":[0,0]},"s":{"a":0,"k":[100,100]},"nm":"Transform","sk":{"a":0,"k":0},"sa":{"a":0,"k":0}}]},{"ty":"gr","nm":"Group 5","bm":0,"mn":"ADBE Vector Group","it":[{"ty":"sh","nm":"Path 2","mn":"ADBE Vector Shape - Group","ind":1,"ks":{"k":{"i":[[19.568,0],[0,0],[0,-0.82],[0,0],[8.527,0],[0,0],[0,8.526],[0,0],[-0.125,0.788],[0,0],[0,-19.719],[0,0],[-19.568,0],[0,0],[0,19.72],[0,0]],"o":[[0,0],[0.124,0.787],[0,0],[0,8.526],[0,0],[-8.527,0],[0,0],[0,-0.821],[0,0],[-19.568,0],[0,0],[0,19.72],[0,0],[19.568,0],[0,0],[0,-19.719]],"v":[[129.964,-326.468],[70.201,-326.468],[70.409,-324.059],[70.409,-320.355],[54.906,-304.853],[-54.905,-304.853],[-70.409,-320.355],[-70.409,-324.058],[-70.2,-326.468],[-129.97,-326.468],[-165.55,-290.62],[-165.55,290.62],[-129.97,326.468],[129.964,326.468],[165.55,290.62],[165.55,-290.62]],"c":true},"a":0}},{"ty":"fl","nm":"hvLottiePrimaryColor","bm":0,"mn":"ADBE Vector Graphic - Fill","c":{"a":0,"k":[0.411764711142,0.490196079016,0.976470589638,1]},"o":{"a":0,"k":30},"r":1},{"ty":"tr","o":{"a":0,"k":70},"r":{"a":0,"k":0},"p":{"a":0,"k":[698.389,1128.908]},"a":{"a":0,"k":[0,0]},"s":{"a":0,"k":[100,100]},"nm":"Transform","sk":{"a":0,"k":0},"sa":{"a":0,"k":0}}]}],"ip":0,"op":150,"st":0,"parent":10},{"ind":7,"ty":4,"nm":"QR Area","sr":1,"ks":{"o":{"a":0,"k":20},"r":{"a":0,"k":0},"p":{"a":0,"k":[525.095,1135.102,0],"l":2},"a":{"a":0,"k":[0,0,0],"l":2},"s":{"a":0,"k":[100,100,100],"l":2}},"shapes":[{"ty":"gr","nm":"Rectangle 1","bm":0,"mn":"ADBE Vector Group","it":[{"ty":"rc","nm":"Rectangle Path 1","mn":"ADBE Vector Shape - Rect","d":1,"s":{"a":0,"k":[194.5,191]},"p":{"a":0,"k":[0,0]},"r":{"a":0,"k":0}},{"ty":"fl","nm":"hvLottiePrimaryColor","bm":0,"mn":"ADBE Vector Graphic - Fill","c":{"a":0,"k":[0.411764705882,0.490196078431,0.976470588235,1]},"o":{"a":0,"k":100},"r":1},{"ty":"tr","o":{"a":0,"k":100},"r":{"a":0,"k":0},"p":{"a":0,"k":[173.75,-30]},"a":{"a":0,"k":[0,0]},"s":{"a":0,"k":[100,100]},"nm":"Transform","sk":{"a":0,"k":0},"sa":{"a":0,"k":0}}]}],"ip":0,"op":150,"st":0,"parent":10},{"ind":8,"ty":4,"nm":"Mobile mask","sr":1,"ks":{"o":{"a":0,"k":100},"r":{"a":0,"k":0},"p":{"a":0,"k":[696.8,1128.904,0],"l":2},"a":{"a":0,"k":[165.8,326.718,0],"l":2},"s":{"a":0,"k":[100,100,100],"l":2}},"shapes":[{"ty":"gr","nm":"Group 1","bm":0,"mn":"ADBE Vector Group","it":[{"ty":"sh","nm":"Path 1","mn":"ADBE Vector Shape - Group","ind":0,"ks":{"k":{"i":[[19.568,0],[0,0],[0,-0.821],[0,0],[8.527,0],[0,0],[0,8.526],[0,0],[-0.125,0.788],[0,0],[0,-19.719],[0,0],[-19.569,0],[0,0],[0,19.72],[0,0]],"o":[[0,0],[0.124,0.787],[0,0],[0,8.526],[0,0],[-8.526,0],[0,0],[0,-0.822],[0,0],[-19.569,0],[0,0],[0,19.72],[0,0],[19.568,0],[0,0],[0,-19.719]],"v":[[129.964,-326.468],[70.201,-326.468],[70.409,-324.059],[70.409,-320.355],[54.906,-304.853],[-54.906,-304.853],[-70.409,-320.355],[-70.409,-324.058],[-70.2,-326.468],[-129.97,-326.468],[-165.55,-290.62],[-165.55,290.619],[-129.97,326.468],[129.964,326.468],[165.55,290.619],[165.55,-290.62]],"c":true},"a":0}},{"ty":"fl","nm":"hvLottiePrimaryColor","bm":0,"mn":"ADBE Vector Graphic - Fill","c":{"a":0,"k":[0,0,0,1]},"o":{"a":0,"k":100},"r":1},{"ty":"tr","o":{"a":0,"k":100},"r":{"a":0,"k":0},"p":{"a":0,"k":[165.8,326.718]},"a":{"a":0,"k":[0,0]},"s":{"a":0,"k":[100,100]},"nm":"Transform","sk":{"a":0,"k":0},"sa":{"a":0,"k":0}}]}],"ip":0,"op":150,"st":0,"parent":10,"td":1},{"ind":9,"ty":4,"nm":"ID Card 3","sr":1,"ks":{"o":{"a":0,"k":100},"r":{"a":0,"k":0},"p":{"a":0,"k":[759.658,774.918,0],"l":2},"a":{"a":0,"k":[998.658,909.918,0],"l":2},"s":{"a":0,"k":[176.8,176.8,100],"l":2}},"shapes":[{"ty":"gr","nm":"Group 1","bm":0,"mn":"ADBE Vector Group","it":[{"ty":"sh","nm":"Path 1","mn":"ADBE Vector Shape - Group","ind":0,"ks":{"k":{"i":[[5.736,0],[0,5.712],[-5.725,0],[0,-5.732]],"o":[[0,-5.722],[5.708,0],[0,5.69],[-5.686,0]],"v":[[-8.56,8.56],[-8.56,-8.56],[8.56,-8.56],[8.56,8.56]],"c":true},"a":0}},{"ty":"fl","nm":"Fill 1","bm":0,"mn":"ADBE Vector Graphic - Fill","c":{"a":0,"k":[0.16862745098,0.16862745098,0.16862745098,1]},"o":{"a":0,"k":100},"r":1},{"ty":"tr","o":{"a":0,"k":100},"r":{"a":0,"k":0},"p":{"a":0,"k":[1197.282,1036.385]},"a":{"a":0,"k":[0,0]},"s":{"a":0,"k":[100,100]},"nm":"Transform","sk":{"a":0,"k":0},"sa":{"a":0,"k":0}}]},{"ty":"gr","nm":"Group 2","bm":0,"mn":"ADBE Vector Group","it":[{"ty":"sh","nm":"Path 1","mn":"ADBE Vector Shape - Group","ind":0,"ks":{"k":{"i":[[5.737,0],[0,5.712],[-5.725,0],[0,-5.733]],"o":[[0,-5.721],[5.708,0],[0,5.69],[-5.685,0]],"v":[[-8.56,8.56],[-8.56,-8.56],[8.56,-8.56],[8.56,8.56]],"c":true},"a":0}},{"ty":"fl","nm":"Fill 1","bm":0,"mn":"ADBE Vector Graphic - Fill","c":{"a":0,"k":[0.16862745098,0.16862745098,0.16862745098,1]},"o":{"a":0,"k":100},"r":1},{"ty":"tr","o":{"a":0,"k":100},"r":{"a":0,"k":0},"p":{"a":0,"k":[1277.456,956.212]},"a":{"a":0,"k":[0,0]},"s":{"a":0,"k":[100,100]},"nm":"Transform","sk":{"a":0,"k":0},"sa":{"a":0,"k":0}}]},{"ty":"gr","nm":"Group 3","bm":0,"mn":"ADBE Vector Group","it":[{"ty":"sh","nm":"Path 1","mn":"ADBE Vector Shape - Group","ind":0,"ks":{"k":{"i":[[0,-5.735],[5.712,0],[0,5.725],[-5.732,0]],"o":[[-5.723,0],[0,-5.709],[5.691,0],[0,5.687]],"v":[[8.561,8.56],[-8.561,8.56],[-8.561,-8.56],[8.561,-8.56]],"c":true},"a":0}},{"ty":"fl","nm":"Fill 1","bm":0,"mn":"ADBE Vector Graphic - Fill","c":{"a":0,"k":[0.16862745098,0.16862745098,0.16862745098,1]},"o":{"a":0,"k":100},"r":1},{"ty":"tr","o":{"a":0,"k":100},"r":{"a":0,"k":0},"p":{"a":0,"k":[1197.286,956.224]},"a":{"a":0,"k":[0,0]},"s":{"a":0,"k":[100,100]},"nm":"Transform","sk":{"a":0,"k":0},"sa":{"a":0,"k":0}}]},{"ty":"gr","nm":"Group 4","bm":0,"mn":"ADBE Vector Group","it":[{"ty":"sh","nm":"Path 1","mn":"ADBE Vector Shape - Group","ind":0,"ks":{"k":{"i":[[0,0],[1.923,0],[0,1.912],[-1.933,0],[0,-1.9]],"o":[[-1.888,0],[0,-1.897],[1.874,0],[0,1.903],[0,0]],"v":[[2.85,2.838],[-2.85,2.838],[-2.85,-2.851],[2.836,-2.851],[2.836,2.851]],"c":true},"a":0}},{"ty":"fl","nm":"Fill 1","bm":0,"mn":"ADBE Vector Graphic - Fill","c":{"a":0,"k":[0.16862745098,0.16862745098,0.16862745098,1]},"o":{"a":0,"k":100},"r":1},{"ty":"tr","o":{"a":0,"k":100},"r":{"a":0,"k":0},"p":{"a":0,"k":[1248.852,1002.049]},"a":{"a":0,"k":[0,0]},"s":{"a":0,"k":[100,100]},"nm":"Transform","sk":{"a":0,"k":0},"sa":{"a":0,"k":0}}]},{"ty":"gr","nm":"Group 5","bm":0,"mn":"ADBE Vector Group","it":[{"ty":"sh","nm":"Path 1","mn":"ADBE Vector Shape - Group","ind":0,"ks":{"k":{"i":[[0,-1.92],[1.895,0],[0,1.908],[-1.915,0]],"o":[[-1.902,0],[0,-1.89],[1.87,0],[0,1.866]],"v":[[2.833,2.833],[-2.833,2.833],[-2.833,-2.833],[2.833,-2.833]],"c":true},"a":0}},{"ty":"fl","nm":"Fill 1","bm":0,"mn":"ADBE Vector Graphic - Fill","c":{"a":0,"k":[0.16862745098,0.16862745098,0.16862745098,1]},"o":{"a":0,"k":100},"r":1},{"ty":"tr","o":{"a":0,"k":100},"r":{"a":0,"k":0},"p":{"a":0,"k":[1294.64,1053.578]},"a":{"a":0,"k":[0,0]},"s":{"a":0,"k":[100,100]},"nm":"Transform","sk":{"a":0,"k":0},"sa":{"a":0,"k":0}}]},{"ty":"gr","nm":"Group 6","bm":0,"mn":"ADBE Vector Group","it":[{"ty":"sh","nm":"Path 1","mn":"ADBE Vector Shape - Group","ind":0,"ks":{"k":{"i":[[0,0],[0,-1.923],[1.912,0],[0,1.933],[-1.9,0]],"o":[[0,1.888],[-1.897,0],[0,-1.874],[1.903,0],[0,0]],"v":[[2.837,-2.85],[2.837,2.85],[-2.851,2.85],[-2.851,-2.836],[2.851,-2.836]],"c":true},"a":0}},{"ty":"fl","nm":"Fill 1","bm":0,"mn":"ADBE Vector Graphic - Fill","c":{"a":0,"k":[0.16862745098,0.16862745098,0.16862745098,1]},"o":{"a":0,"k":100},"r":1},{"ty":"tr","o":{"a":0,"k":100},"r":{"a":0,"k":0},"p":{"a":0,"k":[1260.304,1053.547]},"a":{"a":0,"k":[0,0]},"s":{"a":0,"k":[100,100]},"nm":"Transform","sk":{"a":0,"k":0},"sa":{"a":0,"k":0}}]},{"ty":"gr","nm":"Group 7","bm":0,"mn":"ADBE Vector Group","it":[{"ty":"sh","nm":"Path 1","mn":"ADBE Vector Shape - Group","ind":0,"ks":{"k":{"i":[[0,-1.918],[1.894,0],[0,1.907],[-1.915,0]],"o":[[-1.904,0],[0,-1.891],[1.872,0],[0,1.868]],"v":[[2.834,2.833],[-2.834,2.833],[-2.834,-2.833],[2.834,-2.833]],"c":true},"a":0}},{"ty":"fl","nm":"Fill 1","bm":0,"mn":"ADBE Vector Graphic - Fill","c":{"a":0,"k":[0.16862745098,0.16862745098,0.16862745098,1]},"o":{"a":0,"k":100},"r":1},{"ty":"tr","o":{"a":0,"k":100},"r":{"a":0,"k":0},"p":{"a":0,"k":[1248.826,1047.851]},"a":{"a":0,"k":[0,0]},"s":{"a":0,"k":[100,100]},"nm":"Transform","sk":{"a":0,"k":0},"sa":{"a":0,"k":0}}]},{"ty":"gr","nm":"Group 8","bm":0,"mn":"ADBE Vector Group","it":[{"ty":"sh","nm":"Path 1","mn":"ADBE Vector Shape - Group","ind":0,"ks":{"k":{"i":[[0,0],[-1.923,0],[0,-1.934],[1.9,0],[0,0],[0,1.913]],"o":[[1.889,0],[0,1.899],[-1.9,0],[0,0],[0,-1.913],[0,0]],"v":[[-2.85,-2.857],[2.85,-2.857],[2.85,2.857],[-2.85,2.857],[-2.836,2.87],[-2.836,-2.87]],"c":true},"a":0}},{"ty":"fl","nm":"Fill 1","bm":0,"mn":"ADBE Vector Graphic - Fill","c":{"a":0,"k":[0.16862745098,0.16862745098,0.16862745098,1]},"o":{"a":0,"k":100},"r":1},{"ty":"tr","o":{"a":0,"k":100},"r":{"a":0,"k":0},"p":{"a":0,"k":[1283.17,996.303]},"a":{"a":0,"k":[0,0]},"s":{"a":0,"k":[100,100]},"nm":"Transform","sk":{"a":0,"k":0},"sa":{"a":0,"k":0}}]},{"ty":"gr","nm":"Group 9","bm":0,"mn":"ADBE Vector Group","it":[{"ty":"sh","nm":"Path 1","mn":"ADBE Vector Shape - Group","ind":0,"ks":{"k":{"i":[[0,0],[0,1.924],[-1.912,0],[0,-1.933],[1.9,0]],"o":[[0,-1.888],[1.897,0],[0,1.874],[-1.903,0],[0,0]],"v":[[-2.837,2.85],[-2.837,-2.85],[2.851,-2.85],[2.851,2.836],[-2.851,2.836]],"c":true},"a":0}},{"ty":"fl","nm":"Fill 1","bm":0,"mn":"ADBE Vector Graphic - Fill","c":{"a":0,"k":[0.16862745098,0.16862745098,0.16862745098,1]},"o":{"a":0,"k":100},"r":1},{"ty":"tr","o":{"a":0,"k":100},"r":{"a":0,"k":0},"p":{"a":0,"k":[1288.897,1030.685]},"a":{"a":0,"k":[0,0]},"s":{"a":0,"k":[100,100]},"nm":"Transform","sk":{"a":0,"k":0},"sa":{"a":0,"k":0}}]},{"ty":"gr","nm":"Group 10","bm":0,"mn":"ADBE Vector Group","it":[{"ty":"sh","nm":"Path 1","mn":"ADBE Vector Shape - Group","ind":0,"ks":{"k":{"i":[[0,0],[1.923,0],[0,1.934],[-1.9,0],[0,0],[0,-1.913]],"o":[[-1.889,0],[0,-1.899],[1.9,0],[0,0],[0,1.913],[0,0]],"v":[[2.85,2.857],[-2.85,2.857],[-2.85,-2.857],[2.85,-2.857],[2.836,-2.87],[2.836,2.87]],"c":true},"a":0}},{"ty":"fl","nm":"Fill 1","bm":0,"mn":"ADBE Vector Graphic - Fill","c":{"a":0,"k":[0.16862745098,0.16862745098,0.16862745098,1]},"o":{"a":0,"k":100},"r":1},{"ty":"tr","o":{"a":0,"k":100},"r":{"a":0,"k":0},"p":{"a":0,"k":[1225.945,1024.936]},"a":{"a":0,"k":[0,0]},"s":{"a":0,"k":[100,100]},"nm":"Transform","sk":{"a":0,"k":0},"sa":{"a":0,"k":0}}]},{"ty":"gr","nm":"Group 11","bm":0,"mn":"ADBE Vector Group","it":[{"ty":"sh","nm":"Path 1","mn":"ADBE Vector Shape - Group","ind":0,"ks":{"k":{"i":[[0,0],[0,1.923],[-1.912,0],[0,-1.933],[1.9,0]],"o":[[0,-1.888],[1.897,0],[0,1.874],[-1.903,0],[0,0]],"v":[[-2.838,2.85],[-2.838,-2.85],[2.851,-2.85],[2.851,2.836],[-2.851,2.836]],"c":true},"a":0}},{"ty":"fl","nm":"Fill 1","bm":0,"mn":"ADBE Vector Graphic - Fill","c":{"a":0,"k":[0.16862745098,0.16862745098,0.16862745098,1]},"o":{"a":0,"k":100},"r":1},{"ty":"tr","o":{"a":0,"k":100},"r":{"a":0,"k":0},"p":{"a":0,"k":[1248.811,973.418]},"a":{"a":0,"k":[0,0]},"s":{"a":0,"k":[100,100]},"nm":"Transform","sk":{"a":0,"k":0},"sa":{"a":0,"k":0}}]},{"ty":"gr","nm":"Group 12","bm":0,"mn":"ADBE Vector Group","it":[{"ty":"sh","nm":"Path 1","mn":"ADBE Vector Shape - Group","ind":0,"ks":{"k":{"i":[[0,1.925],[-1.904,0],[0,-1.911],[1.906,0]],"o":[[1.894,0],[0,1.884],[-1.88,0],[0,-1.881]],"v":[[-2.833,-2.837],[2.833,-2.837],[2.833,2.837],[-2.833,2.837]],"c":true},"a":0}},{"ty":"fl","nm":"Fill 1","bm":0,"mn":"ADBE Vector Graphic - Fill","c":{"a":0,"k":[0.16862745098,0.16862745098,0.16862745098,1]},"o":{"a":0,"k":100},"r":1},{"ty":"tr","o":{"a":0,"k":100},"r":{"a":0,"k":0},"p":{"a":0,"k":[1294.64,1019.205]},"a":{"a":0,"k":[0,0]},"s":{"a":0,"k":[100,100]},"nm":"Transform","sk":{"a":0,"k":0},"sa":{"a":0,"k":0}}]},{"ty":"gr","nm":"Group 13","bm":0,"mn":"ADBE Vector Group","it":[{"ty":"sh","nm":"Path 1","mn":"ADBE Vector Shape - Group","ind":0,"ks":{"k":{"i":[[0,0],[0,1.924],[-1.912,0],[0,-1.933],[1.9,0]],"o":[[0,-1.888],[1.897,0],[0,1.874],[-1.903,0],[0,0]],"v":[[-2.838,2.85],[-2.838,-2.85],[2.851,-2.85],[2.851,2.836],[-2.851,2.836]],"c":true},"a":0}},{"ty":"fl","nm":"Fill 1","bm":0,"mn":"ADBE Vector Graphic - Fill","c":{"a":0,"k":[0.16862745098,0.16862745098,0.16862745098,1]},"o":{"a":0,"k":100},"r":1},{"ty":"tr","o":{"a":0,"k":100},"r":{"a":0,"k":0},"p":{"a":0,"k":[1288.897,1007.778]},"a":{"a":0,"k":[0,0]},"s":{"a":0,"k":[100,100]},"nm":"Transform","sk":{"a":0,"k":0},"sa":{"a":0,"k":0}}]},{"ty":"gr","nm":"Group 14","bm":0,"mn":"ADBE Vector Group","it":[{"ty":"sh","nm":"Path 1","mn":"ADBE Vector Shape - Group","ind":0,"ks":{"k":{"i":[[0,0],[0,1.923],[-3.82,0],[0,-1.931],[3.808,0]],"o":[[0,-1.889],[3.808,0],[0,1.876],[-3.813,0],[0,0]],"v":[[-5.701,2.85],[-5.701,-2.85],[5.715,-2.85],[5.715,2.837],[-5.715,2.837]],"c":true},"a":0}},{"ty":"fl","nm":"Fill 1","bm":0,"mn":"ADBE Vector Graphic - Fill","c":{"a":0,"k":[0.16862745098,0.16862745098,0.16862745098,1]},"o":{"a":0,"k":100},"r":1},{"ty":"tr","o":{"a":0,"k":100},"r":{"a":0,"k":0},"p":{"a":0,"k":[1211.587,984.87]},"a":{"a":0,"k":[0,0]},"s":{"a":0,"k":[100,100]},"nm":"Transform","sk":{"a":0,"k":0},"sa":{"a":0,"k":0}}]},{"ty":"gr","nm":"Group 15","bm":0,"mn":"ADBE Vector Group","it":[{"ty":"sh","nm":"Path 1","mn":"ADBE Vector Shape - Group","ind":0,"ks":{"k":{"i":[[0,-5.735],[1.906,0],[0,3.832],[1.911,0],[0,1.905],[-3.814,0]],"o":[[-1.904,0],[0,-3.802],[-1.917,0],[0,-1.935],[3.797,0],[0,5.7]],"v":[[5.695,8.567],[0.015,8.567],[0.015,-2.846],[-5.695,-2.846],[-5.695,-8.567],[5.695,-8.567]],"c":true},"a":0}},{"ty":"fl","nm":"Fill 1","bm":0,"mn":"ADBE Vector Graphic - Fill","c":{"a":0,"k":[0.16862745098,0.16862745098,0.16862745098,1]},"o":{"a":0,"k":100},"r":1},{"ty":"tr","o":{"a":0,"k":100},"r":{"a":0,"k":0},"p":{"a":0,"k":[1291.778,990.576]},"a":{"a":0,"k":[0,0]},"s":{"a":0,"k":[100,100]},"nm":"Transform","sk":{"a":0,"k":0},"sa":{"a":0,"k":0}}]},{"ty":"gr","nm":"Group 16","bm":0,"mn":"ADBE Vector Group","it":[{"ty":"sh","nm":"Path 1","mn":"ADBE Vector Shape - Group","ind":0,"ks":{"k":{"i":[[0,0],[3.851,0],[0,-1.909],[1.91,0],[0,3.825],[-5.756,0],[0,-1.901]],"o":[[-3.798,0],[0,1.914],[-1.922,0],[0,-3.776],[5.681,0],[0,1.897],[0,0]],"v":[[8.574,-0.009],[-2.873,-0.009],[-2.873,5.695],[-8.574,5.695],[-8.574,-5.695],[8.56,-5.695],[8.56,0.004]],"c":true},"a":0}},{"ty":"fl","nm":"Fill 1","bm":0,"mn":"ADBE Vector Graphic - Fill","c":{"a":0,"k":[0.16862745098,0.16862745098,0.16862745098,1]},"o":{"a":0,"k":100},"r":1},{"ty":"tr","o":{"a":0,"k":100},"r":{"a":0,"k":0},"p":{"a":0,"k":[1185.861,987.716]},"a":{"a":0,"k":[0,0]},"s":{"a":0,"k":[100,100]},"nm":"Transform","sk":{"a":0,"k":0},"sa":{"a":0,"k":0}}]},{"ty":"gr","nm":"Group 17","bm":0,"mn":"ADBE Vector Group","it":[{"ty":"sh","nm":"Path 1","mn":"ADBE Vector Shape - Group","ind":0,"ks":{"k":{"i":[[0,0],[0,-1.943],[-1.917,0],[0,-1.923],[-1.913,0],[0,-1.907],[5.725,0],[0,5.757],[-1.902,0]],"o":[[0,1.89],[1.917,0],[0,1.923],[1.917,0],[0,1.935],[-5.699,0],[0,-5.693],[1.894,0],[0,0]],"v":[[-2.872,-8.581],[-2.872,-2.858],[2.844,-2.858],[2.844,2.858],[8.556,2.858],[8.556,8.581],[-8.556,8.581],[-8.556,-8.568],[-2.858,-8.568]],"c":true},"a":0}},{"ty":"fl","nm":"Fill 1","bm":0,"mn":"ADBE Vector Graphic - Fill","c":{"a":0,"k":[0.16862745098,0.16862745098,0.16862745098,1]},"o":{"a":0,"k":100},"r":1},{"ty":"tr","o":{"a":0,"k":100},"r":{"a":0,"k":0},"p":{"a":0,"k":[1231.654,1047.826]},"a":{"a":0,"k":[0,0]},"s":{"a":0,"k":[100,100]},"nm":"Transform","sk":{"a":0,"k":0},"sa":{"a":0,"k":0}}]},{"ty":"gr","nm":"Group 18","bm":0,"mn":"ADBE Vector Group","it":[{"ty":"sh","nm":"Path 1","mn":"ADBE Vector Shape - Group","ind":0,"ks":{"k":{"i":[[0,0],[0,-1.943],[-3.816,0],[0,-1.923],[5.752,0],[0,-3.816],[7.634,0],[0,3.823],[-1.918,0],[0,-1.908],[-3.863,0],[0,5.719],[0,0],[-3.821,0]],"o":[[0,1.89],[3.83,0],[0,1.923],[-5.693,0],[0,3.842],[-7.649,0],[0,-3.782],[1.872,0],[0,1.877],[3.826,0],[0,-5.71],[0,0],[3.821,0],[0,0]],"v":[[8.576,-11.443],[8.576,-5.721],[20.012,-5.721],[20.012,-0.005],[2.868,-0.005],[2.868,11.443],[-20.012,11.443],[-20.012,0.048],[-14.341,0.048],[-14.341,5.704],[-2.861,5.704],[-2.861,-11.443],[-2.875,-11.43],[8.589,-11.429]],"c":true},"a":0}},{"ty":"fl","nm":"Fill 1","bm":0,"mn":"ADBE Vector Graphic - Fill","c":{"a":0,"k":[0.16862745098,0.16862745098,0.16862745098,1]},"o":{"a":0,"k":100},"r":1},{"ty":"tr","o":{"a":0,"k":100},"r":{"a":0,"k":0},"p":{"a":0,"k":[1197.297,999.15]},"a":{"a":0,"k":[0,0]},"s":{"a":0,"k":[100,100]},"nm":"Transform","sk":{"a":0,"k":0},"sa":{"a":0,"k":0}}]},{"ty":"gr","nm":"Group 19","bm":0,"mn":"ADBE Vector Group","it":[{"ty":"sh","nm":"Path 1","mn":"ADBE Vector Shape - Group","ind":0,"ks":{"k":{"i":[[0,-1.904],[-1.868,0],[0,1.872],[1.89,0]],"o":[[1.918,0],[0,-1.914],[-1.907,0],[0,1.894]],"v":[[-2.842,-2.898],[2.824,-2.898],[2.824,-8.565],[-2.842,-8.565]],"c":true},"a":0}},{"ty":"sh","nm":"Path 2","mn":"ADBE Vector Shape - Group","ind":1,"ks":{"k":{"i":[[0,0],[0,3.852],[1.907,0],[0,3.816],[-9.548,0],[0,-3.827],[1.907,0],[0,-1.935],[-1.905,0],[0,-3.814],[1.935,0],[0,1.918],[1.924,0],[0,1.909],[1.924,0],[0,-1.941],[1.902,0]],"o":[[0,-3.799],[-1.917,0],[0,-3.832],[9.511,0],[0,3.785],[-1.882,0],[0,1.917],[1.879,0],[0,3.832],[-1.881,0],[0,-1.882],[-1.923,0],[0,-1.917],[-1.923,0],[0,1.871],[-1.955,0],[0,0]],"v":[[-8.585,8.597],[-8.585,-2.853],[-14.292,-2.853],[-14.292,-14.281],[14.284,-14.281],[14.284,-2.879],[8.626,-2.879],[8.626,2.855],[14.292,2.855],[14.292,14.281],[8.594,14.281],[8.594,8.599],[2.876,8.599],[2.876,2.89],[-2.841,2.89],[-2.841,8.584],[-8.599,8.584]],"c":true},"a":0}},{"ty":"fl","nm":"Fill 1","bm":0,"mn":"ADBE Vector Graphic - Fill","c":{"a":0,"k":[0.16862745098,0.16862745098,0.16862745098,1]},"o":{"a":0,"k":100},"r":1},{"ty":"tr","o":{"a":0,"k":100},"r":{"a":0,"k":0},"p":{"a":0,"k":[1237.378,950.49]},"a":{"a":0,"k":[0,0]},"s":{"a":0,"k":[100,100]},"nm":"Transform","sk":{"a":0,"k":0},"sa":{"a":0,"k":0}}]},{"ty":"gr","nm":"Group 20","bm":0,"mn":"ADBE Vector Group","it":[{"ty":"sh","nm":"Path 1","mn":"ADBE Vector Shape - Group","ind":0,"ks":{"k":{"i":[[0,9.54],[9.504,0],[0,-9.508],[-9.526,0]],"o":[[-9.553,0],[0,9.55],[9.542,0],[0,-9.53]],"v":[[14.29,-14.274],[-14.283,-14.274],[-14.283,14.3],[14.29,14.3]],"c":true},"a":0}},{"ty":"sh","nm":"Path 2","mn":"ADBE Vector Shape - Group","ind":1,"ks":{"k":{"i":[[0,13.372],[-13.348,0],[0,-13.361],[13.368,0]],"o":[[13.357,0],[0,13.344],[-13.325,0],[0,-13.321]],"v":[[-20.013,-20.013],[20.013,-20.013],[20.013,20.013],[-20.013,20.013]],"c":true},"a":0}},{"ty":"fl","nm":"Fill 1","bm":0,"mn":"ADBE Vector Graphic - Fill","c":{"a":0,"k":[0.16862745098,0.16862745098,0.16862745098,1]},"o":{"a":0,"k":100},"r":1},{"ty":"tr","o":{"a":0,"k":100},"r":{"a":0,"k":0},"p":{"a":0,"k":[1197.295,1036.381]},"a":{"a":0,"k":[0,0]},"s":{"a":0,"k":[100,100]},"nm":"Transform","sk":{"a":0,"k":0},"sa":{"a":0,"k":0}}]},{"ty":"gr","nm":"Group 21","bm":0,"mn":"ADBE Vector Group","it":[{"ty":"sh","nm":"Path 1","mn":"ADBE Vector Shape - Group","ind":0,"ks":{"k":{"i":[[0,9.538],[9.502,0],[0,-9.506],[-9.525,0]],"o":[[-9.555,0],[0,9.55],[9.543,0],[0,-9.53]],"v":[[14.3,-14.291],[-14.273,-14.291],[-14.273,14.281],[14.3,14.281]],"c":true},"a":0}},{"ty":"sh","nm":"Path 2","mn":"ADBE Vector Shape - Group","ind":1,"ks":{"k":{"i":[[0,-13.374],[13.349,0],[0,13.362],[-13.369,0]],"o":[[-13.355,0],[0,-13.343],[13.323,0],[0,13.319]],"v":[[20.013,20.013],[-20.013,20.013],[-20.013,-20.013],[20.013,-20.013]],"c":true},"a":0}},{"ty":"fl","nm":"Fill 1","bm":0,"mn":"ADBE Vector Graphic - Fill","c":{"a":0,"k":[0.16862745098,0.16862745098,0.16862745098,1]},"o":{"a":0,"k":100},"r":1},{"ty":"tr","o":{"a":0,"k":100},"r":{"a":0,"k":0},"p":{"a":0,"k":[1277.46,956.225]},"a":{"a":0,"k":[0,0]},"s":{"a":0,"k":[100,100]},"nm":"Transform","sk":{"a":0,"k":0},"sa":{"a":0,"k":0}}]},{"ty":"gr","nm":"Group 22","bm":0,"mn":"ADBE Vector Group","it":[{"ty":"sh","nm":"Path 1","mn":"ADBE Vector Shape - Group","ind":0,"ks":{"k":{"i":[[9.54,0],[0,-9.504],[-9.508,0],[0,9.526]],"o":[[0,9.553],[9.55,0],[0,-9.543],[-9.53,0]],"v":[[-14.274,-14.29],[-14.274,14.282],[14.3,14.282],[14.3,-14.29]],"c":true},"a":0}},{"ty":"sh","nm":"Path 2","mn":"ADBE Vector Shape - Group","ind":1,"ks":{"k":{"i":[[13.372,0],[0,13.348],[-13.361,0],[0,-13.368]],"o":[[0,-13.357],[13.344,0],[0,13.325],[-13.321,0]],"v":[[-20.013,20.013],[-20.013,-20.013],[20.013,-20.013],[20.013,20.013]],"c":true},"a":0}},{"ty":"fl","nm":"Fill 1","bm":0,"mn":"ADBE Vector Graphic - Fill","c":{"a":0,"k":[0.16862745098,0.16862745098,0.16862745098,1]},"o":{"a":0,"k":100},"r":1},{"ty":"tr","o":{"a":0,"k":100},"r":{"a":0,"k":0},"p":{"a":0,"k":[1197.282,956.212]},"a":{"a":0,"k":[0,0]},"s":{"a":0,"k":[100,100]},"nm":"Transform","sk":{"a":0,"k":0},"sa":{"a":0,"k":0}}]},{"ty":"gr","nm":"Group 23","bm":0,"mn":"ADBE Vector Group","it":[{"ty":"sh","nm":"Path 1","mn":"ADBE Vector Shape - Group","ind":0,"ks":{"k":{"i":[[0,-1.902],[-1.866,0],[0,1.87],[1.89,0]],"o":[[1.92,0],[0,-1.915],[-1.908,0],[0,1.895]],"v":[[11.476,-14.335],[17.142,-14.335],[17.142,-20.001],[11.476,-20.001]],"c":true},"a":0}},{"ty":"sh","nm":"Path 2","mn":"ADBE Vector Shape - Group","ind":1,"ks":{"k":{"i":[[0,1.902],[1.866,0],[0,-1.87],[-1.89,0]],"o":[[-1.92,0],[0,1.915],[1.908,0],[0,-1.895]],"v":[[-0.02,14.368],[-5.686,14.368],[-5.686,20.033],[-0.02,20.033]],"c":true},"a":0}},{"ty":"sh","nm":"Path 3","mn":"ADBE Vector Shape - Group","ind":2,"ks":{"k":{"i":[[3.796,0],[0,1.903],[1.874,0],[0,-1.897],[-1.888,0],[0,-1.9],[-3.781,0],[0,1.894]],"o":[[0,-1.9],[-1.933,0],[0,1.912],[1.923,0],[0,1.9],[3.84,0],[0,-1.912],[-3.831,0]],"v":[[11.449,14.341],[11.449,8.639],[5.764,8.639],[5.764,14.327],[11.463,14.327],[11.463,20.027],[22.872,20.027],[22.872,14.341]],"c":true},"a":0}},{"ty":"sh","nm":"Path 4","mn":"ADBE Vector Shape - Group","ind":3,"ks":{"k":{"i":[[0,0],[0,3.822],[0,0],[-1.899,0],[0,1.913],[1.888,0],[0,0],[0.005,1.913],[-3.861,0],[0,1.881],[-1.922,0],[0,-1.885],[-1.917,0],[0,3.797],[0,0],[-0.242,0],[-5.488,0.003],[0,-1.903],[-1.874,0],[0,1.897],[1.888,0],[0,1.954],[3.825,0],[0,3.787],[5.752,0],[0,-1.916],[3.788,0],[0,-3.843],[-1.873,0],[0,-1.923],[1.905,0],[0,-1.89],[1.942,0],[0,1.932],[5.721,0],[0,1.921],[-5.744,0],[0,15.295],[-1.901,0],[0,0],[-0.003,-5.514],[0,-0.226],[-1.933,0],[0,3.813],[-1.921,0],[0,-3.862],[-1.901,0],[0,0],[0,-1.941],[-9.552,0],[0,-1.923],[-1.939,0],[0,-1.901],[0,0],[1.899,0],[0,-1.913],[-1.888,0],[0,0],[0,-3.872],[-1.901,0],[0,0],[0,-3.847],[1.912,0],[0,-3.858],[-1.9,0],[0,0],[0,-1.942],[-3.816,0],[0,-1.922],[5.751,0],[0,-3.817],[1.923,0],[0,1.955],[3.81,0],[0,0],[0,1.943],[1.907,0],[0,1.923],[-3.821,0],[0,1.907],[9.557,0],[0,-1.938],[3.81,0]],"o":[[0,-3.822],[0,0],[1.9,0],[0,-1.948],[-1.922,0],[0,0],[-0.005,-1.913],[3.809,0],[0,-1.936],[1.922,0],[0,1.904],[1.933,0],[0,-3.831],[0,0],[0.242,-0.003],[5.488,-0.003],[0,1.9],[1.933,0],[0,-1.912],[-1.923,0],[0,-1.901],[-3.847,0],[0,-3.831],[-5.734,0],[0,1.913],[-3.832,0],[0,3.826],[1.913,0],[0,1.923],[-1.908,0],[0,1.943],[-1.889,0],[0,-1.919],[-5.75,0],[0,-1.92],[5.699,0],[0,-15.29],[1.947,0],[0,0],[0.003,5.513],[0,0.192],[1.907,0],[0,-3.792],[1.921,0],[0,3.786],[1.952,0],[0,0],[0,1.89],[9.556,0],[0,1.921],[1.917,0],[0,1.954],[0,0],[-1.9,0],[0,1.948],[1.922,0],[0,0],[0,3.798],[1.937,0],[0,0],[0,3.796],[-1.894,0],[0,3.838],[1.9,0],[0,0],[0,1.89],[3.83,0],[0,1.922],[-5.692,0],[0,3.842],[-1.922,0],[0,-1.872],[-3.863,0],[0,0],[0,-1.89],[-1.921,0],[0,-1.923],[3.785,0],[0,-1.934],[-9.516,0],[0,1.873],[-3.863,0],[0,0]],"v":[[-22.897,31.518],[-22.898,20.053],[-22.912,20.066],[-17.213,20.066],[-17.213,14.326],[-22.912,14.326],[-22.898,14.339],[-22.913,8.601],[-11.434,8.601],[-11.434,2.902],[-5.721,2.902],[-5.721,8.572],[0.01,8.572],[0.01,-2.853],[-0.004,-2.839],[0.722,-2.847],[17.187,-2.855],[17.187,2.847],[22.872,2.847],[22.872,-2.842],[17.173,-2.842],[17.173,-8.598],[5.71,-8.598],[5.71,-19.995],[-11.475,-19.995],[-11.475,-14.283],[-22.873,-14.283],[-22.873,-2.825],[-17.205,-2.825],[-17.205,2.891],[-22.9,2.891],[-22.9,8.615],[-28.621,8.615],[-28.621,2.882],[-45.789,2.882],[-45.789,-2.828],[-28.649,-2.828],[-28.649,-48.652],[-22.9,-48.652],[-22.913,-48.666],[-22.905,-32.126],[-22.905,-31.515],[-17.185,-31.515],[-17.185,-42.91],[-11.473,-42.91],[-11.473,-31.472],[-5.72,-31.472],[-5.733,-31.486],[-5.733,-25.765],[22.89,-25.765],[22.89,-20.051],[28.627,-20.051],[28.627,-14.294],[28.642,-14.307],[22.942,-14.307],[22.942,-8.567],[28.642,-8.567],[28.627,-8.58],[28.627,2.888],[34.367,2.888],[34.354,2.874],[34.354,14.312],[28.667,14.312],[28.667,25.795],[34.367,25.795],[34.354,25.781],[34.354,31.503],[45.789,31.503],[45.789,37.217],[28.647,37.217],[28.647,48.666],[22.931,48.666],[22.931,42.958],[11.449,42.958],[11.463,42.971],[11.463,37.249],[5.753,37.249],[5.753,31.534],[17.15,31.534],[17.15,25.812],[-11.428,25.812],[-11.428,31.505],[-22.911,31.505]],"c":true},"a":0}},{"ty":"fl","nm":"Fill 1","bm":0,"mn":"ADBE Vector Graphic - Fill","c":{"a":0,"k":[0.16862745098,0.16862745098,0.16862745098,1]},"o":{"a":0,"k":100},"r":1},{"ty":"tr","o":{"a":0,"k":100},"r":{"a":0,"k":0},"p":{"a":0,"k":[1251.693,1007.74]},"a":{"a":0,"k":[0,0]},"s":{"a":0,"k":[100,100]},"nm":"Transform","sk":{"a":0,"k":0},"sa":{"a":0,"k":0}}]},{"ty":"gr","nm":"Group 24","bm":0,"mn":"ADBE Vector Group","it":[{"ty":"gr","nm":"Group 1","bm":0,"mn":"ADBE Vector Group","it":[{"ty":"sh","nm":"Path 1","mn":"ADBE Vector Shape - Group","ind":0,"ks":{"k":{"i":[[0,5.381],[5.401,0],[0,0],[0,0],[0,0]],"o":[[0,-5.412],[0,0],[0,0],[0,0],[5.401,0]],"v":[[6.495,-0.03],[-2.507,-9.035],[-6.703,-9.035],[-6.703,9.035],[-2.507,9.035]],"c":true},"a":0}},{"ty":"sh","nm":"Path 2","mn":"ADBE Vector Shape - Group","ind":1,"ks":{"k":{"i":[[0,-10.659],[11.014,0],[0,0],[0,0],[0,0]],"o":[[0,10.644],[0,0],[0,0],[0,0],[11.044,0]],"v":[[16.796,-0.03],[-2.034,18.238],[-16.796,18.238],[-16.796,-18.238],[-2.034,-18.238]],"c":true},"a":0}},{"ty":"fl","nm":"Fill 1","bm":0,"mn":"ADBE Vector Graphic - Fill","c":{"a":0,"k":[0.16862745098,0.16862745098,0.16862745098,1]},"o":{"a":0,"k":100},"r":1},{"ty":"tr","o":{"a":0,"k":100},"r":{"a":0,"k":0},"p":{"a":0,"k":[1191.53,816.6]},"a":{"a":0,"k":[0,0]},"s":{"a":0,"k":[100,100]},"nm":"Transform","sk":{"a":0,"k":0},"sa":{"a":0,"k":0}}]},{"ty":"gr","nm":"Group 2","bm":0,"mn":"ADBE Vector Group","it":[{"ty":"sh","nm":"Path 1","mn":"ADBE Vector Shape - Group","ind":0,"ks":{"k":{"i":[[0,0],[0,0],[0,2.28],[2.809,0],[0,0]],"o":[[0,0],[2.809,0],[0,-2.28],[0,0],[0,0]],"v":[[-5.364,-1.387],[-0.774,-1.387],[3.652,-5.36],[-0.774,-9.308],[-5.364,-9.308]],"c":true},"a":0}},{"ty":"sh","nm":"Path 2","mn":"ADBE Vector Shape - Group","ind":1,"ks":{"k":{"i":[[0,0],[0,0],[0,0],[0,0],[0,0],[0,0],[0,-7.625],[3.604,-2.158],[0,0],[0,0]],"o":[[0,0],[0,0],[0,0],[0,0],[0,0],[7.864,0],[0,4.476],[0,0],[0,0],[0,0]],"v":[[-1.721,7.077],[-5.364,7.077],[-5.364,18.238],[-15.413,18.238],[-15.413,-18.238],[0.396,-18.238],[13.96,-5.329],[8.17,4.972],[15.413,18.238],[4.197,18.238]],"c":true},"a":0}},{"ty":"fl","nm":"Fill 1","bm":0,"mn":"ADBE Vector Graphic - Fill","c":{"a":0,"k":[0.16862745098,0.16862745098,0.16862745098,1]},"o":{"a":0,"k":100},"r":1},{"ty":"tr","o":{"a":0,"k":100},"r":{"a":0,"k":0},"p":{"a":0,"k":[1154.924,816.6]},"a":{"a":0,"k":[0,0]},"s":{"a":0,"k":[100,100]},"nm":"Transform","sk":{"a":0,"k":0},"sa":{"a":0,"k":0}}]},{"ty":"gr","nm":"Group 3","bm":0,"mn":"ADBE Vector Group","it":[{"ty":"sh","nm":"Path 1","mn":"ADBE Vector Shape - Group","ind":0,"ks":{"k":{"i":[[0,0],[0,0],[0,0]],"o":[[0,0],[0,0],[0,0]],"v":[[-0.164,-6.853],[-4.161,4.45],[3.869,4.45]],"c":true},"a":0}},{"ty":"sh","nm":"Path 2","mn":"ADBE Vector Shape - Group","ind":1,"ks":{"k":{"i":[[0,0],[0,0],[0,0],[0,0],[0,0],[0,0],[0,0],[0,0]],"o":[[0,0],[0,0],[0,0],[0,0],[0,0],[0,0],[0,0],[0,0]],"v":[[6.321,12.314],[-6.608,12.314],[-8.628,18.238],[-19.397,18.238],[-5.069,-18.238],[4.754,-18.238],[19.397,18.238],[8.331,18.238]],"c":true},"a":0}},{"ty":"fl","nm":"Fill 1","bm":0,"mn":"ADBE Vector Graphic - Fill","c":{"a":0,"k":[0.16862745098,0.16862745098,0.16862745098,1]},"o":{"a":0,"k":100},"r":1},{"ty":"tr","o":{"a":0,"k":100},"r":{"a":0,"k":0},"p":{"a":0,"k":[1116.606,816.6]},"a":{"a":0,"k":[0,0]},"s":{"a":0,"k":[100,100]},"nm":"Transform","sk":{"a":0,"k":0},"sa":{"a":0,"k":0}}]},{"ty":"gr","nm":"Group 4","bm":0,"mn":"ADBE Vector Group","it":[{"ty":"sh","nm":"Path 1","mn":"ADBE Vector Shape - Group","ind":0,"ks":{"k":{"i":[[0,0],[0,10.911],[-11.102,0],[-1.482,-9.249],[0,0],[3.839,0],[0,-5.648],[-5.165,0],[-1.022,4.053],[0,0],[9.716,0]],"o":[[-11.102,0],[0,-10.971],[9.56,0],[0,0],[-1.252,-3.741],[-5.165,0],[0,5.626],[4.047,0],[0,0],[-1.387,9.591],[0,0]],"v":[[0.421,19.16],[-18.972,0.03],[0.421,-19.16],[18.868,-3.602],[8.686,-3.602],[0.443,-9.771],[-8.51,0.03],[0.443,9.749],[8.694,3.058],[18.972,3.058],[0.421,19.16]],"c":true},"a":0}},{"ty":"fl","nm":"Fill 1","bm":0,"mn":"ADBE Vector Graphic - Fill","c":{"a":0,"k":[0.16862745098,0.16862745098,0.16862745098,1]},"o":{"a":0,"k":100},"r":1},{"ty":"tr","o":{"a":0,"k":100},"r":{"a":0,"k":0},"p":{"a":0,"k":[1076.968,816.6]},"a":{"a":0,"k":[0,0]},"s":{"a":0,"k":[100,100]},"nm":"Transform","sk":{"a":0,"k":0},"sa":{"a":0,"k":0}}]},{"ty":"gr","nm":"Group 5","bm":0,"mn":"ADBE Vector Group","it":[{"ty":"sh","nm":"Path 1","mn":"ADBE Vector Shape - Group","ind":0,"ks":{"k":{"i":[[0,5.381],[5.401,0],[0,0],[0,0],[0,0]],"o":[[0,-5.412],[0,0],[0,0],[0,0],[5.401,0]],"v":[[6.495,-0.03],[-2.507,-9.035],[-6.703,-9.035],[-6.703,9.035],[-2.507,9.035]],"c":true},"a":0}},{"ty":"sh","nm":"Path 2","mn":"ADBE Vector Shape - Group","ind":1,"ks":{"k":{"i":[[0,-10.659],[11.014,0],[0,0],[0,0],[0,0]],"o":[[0,10.644],[0,0],[0,0],[0,0],[11.044,0]],"v":[[16.796,-0.03],[-2.034,18.238],[-16.796,18.238],[-16.796,-18.238],[-2.034,-18.238]],"c":true},"a":0}},{"ty":"fl","nm":"Fill 1","bm":0,"mn":"ADBE Vector Graphic - Fill","c":{"a":0,"k":[0.16862745098,0.16862745098,0.16862745098,1]},"o":{"a":0,"k":100},"r":1},{"ty":"tr","o":{"a":0,"k":100},"r":{"a":0,"k":0},"p":{"a":0,"k":[1026.567,816.6]},"a":{"a":0,"k":[0,0]},"s":{"a":0,"k":[100,100]},"nm":"Transform","sk":{"a":0,"k":0},"sa":{"a":0,"k":0}}]},{"ty":"gr","nm":"Group 6","bm":0,"mn":"ADBE Vector Group","it":[{"ty":"sh","nm":"Path 1","mn":"ADBE Vector Shape - Group","ind":0,"ks":{"k":{"i":[[0,0],[0,0],[0,0],[0,0]],"o":[[0,0],[0,0],[0,0],[0,0]],"v":[[-5.091,-18.238],[5.091,-18.238],[5.091,18.238],[-5.091,18.238]],"c":true},"a":0}},{"ty":"fl","nm":"Fill 1","bm":0,"mn":"ADBE Vector Graphic - Fill","c":{"a":0,"k":[0.16862745098,0.16862745098,0.16862745098,1]},"o":{"a":0,"k":100},"r":1},{"ty":"tr","o":{"a":0,"k":100},"r":{"a":0,"k":0},"p":{"a":0,"k":[997.616,816.6]},"a":{"a":0,"k":[0,0]},"s":{"a":0,"k":[100,100]},"nm":"Transform","sk":{"a":0,"k":0},"sa":{"a":0,"k":0}}]},{"ty":"tr","o":{"a":0,"k":100},"r":{"a":0,"k":0},"p":{"a":0,"k":[997.616,816.6]},"a":{"a":0,"k":[997.616,816.6]},"s":{"a":0,"k":[100,100]},"nm":"Transform","sk":{"a":0,"k":0},"sa":{"a":0,"k":0}}]},{"ty":"gr","nm":"Group 25","bm":0,"mn":"ADBE Vector Group","it":[{"ty":"gr","nm":"Group 1","bm":0,"mn":"ADBE Vector Group","it":[{"ty":"sh","nm":"Path 1","mn":"ADBE Vector Shape - Group","ind":0,"ks":{"k":{"i":[[2.057,2.461],[0,0],[4.464,0],[0,0],[0,0],[0,-7.827],[0,0],[0,0],[0,0],[0,0],[0,0],[-3.206,-2.616],[-3.472,0],[0,0],[0,7.827],[0,0],[0,0],[0,0],[0,0]],"o":[[0,0],[-2.65,-3.171],[0,0],[0,0],[-7.93,0],[0,0],[0,0],[0,0],[0,0],[0,0],[0,4.4],[2.494,2.035],[0,0],[7.928,0],[0,0],[0,0],[0,0],[0,0],[0,-3.421]],"v":[[360.701,-222.286],[360.701,-222.286],[349.582,-227.486],[-13.843,-227.486],[-349.58,-227.486],[-363.997,-213.255],[-363.997,-165.573],[-363.997,-147.155],[-363.997,-139.128],[-363.997,-130.068],[-363.997,213.255],[-358.739,224.223],[-349.58,227.486],[349.582,227.486],[363.997,213.255],[363.997,-130.068],[363.997,-139.128],[363.997,-147.155],[363.997,-213.255]],"c":true},"a":0}},{"ty":"st","nm":"Fill","bm":0,"mn":"ADBE Vector Graphic - Stroke","lc":1,"lj":1,"ml":10,"o":{"a":0,"k":100},"w":{"a":0,"k":3.477},"c":{"a":0,"k":[0.168627455831,0.168627455831,0.168627455831,1]}},{"ty":"tr","o":{"a":0,"k":100},"r":{"a":0,"k":0},"p":{"a":0,"k":[1000,909.918]},"a":{"a":0,"k":[0,0]},"s":{"a":0,"k":[100,100]},"nm":"Transform","sk":{"a":0,"k":0},"sa":{"a":0,"k":0}}]},{"ty":"gr","nm":"Group 2","bm":0,"mn":"ADBE Vector Group","it":[{"ty":"sh","nm":"Path 1","mn":"ADBE Vector Shape - Group","ind":0,"ks":{"k":{"i":[[0,0],[-43.316,0],[-12.026,-38.666],[57.649,0]],"o":[[11.424,-39.638],[42.624,0],[0,0],[-57.606,0]],"v":[[-90.889,14.7],[-0.008,-52.577],[90.889,14.644],[-0.008,52.577]],"c":true},"a":0}},{"ty":"fl","nm":"Fill 1","bm":0,"mn":"ADBE Vector Graphic - Fill","c":{"a":0,"k":[0.905882358551,0.92549020052,0.996078431606,1]},"o":{"a":0,"k":100},"r":1},{"ty":"tr","o":{"a":0,"k":100},"r":{"a":0,"k":0},"p":{"a":0,"k":[811.388,993.165]},"a":{"a":0,"k":[0,0]},"s":{"a":0,"k":[100,100]},"nm":"Transform","sk":{"a":0,"k":0},"sa":{"a":0,"k":0}}]},{"ty":"gr","nm":"Group 3","bm":0,"mn":"ADBE Vector Group","it":[{"ty":"sh","nm":"Path 1","mn":"ADBE Vector Shape - Group","ind":0,"ks":{"k":{"i":[[0,0],[31.742,0],[0,31.742],[-31.742,0],[0,-31.742]],"o":[[0,31.742],[-31.742,0],[0,-31.742],[31.742,0],[0,0]],"v":[[57.475,0],[0,57.475],[-57.475,0],[0,-57.475],[57.475,0]],"c":false},"a":0}},{"ty":"fl","nm":"Fill 1","bm":0,"mn":"ADBE Vector Graphic - Fill","c":{"a":0,"k":[0.905882358551,0.92549020052,0.996078431606,1]},"o":{"a":0,"k":100},"r":1},{"ty":"tr","o":{"a":0,"k":100},"r":{"a":0,"k":0},"p":{"a":0,"k":[811.38,893.502]},"a":{"a":0,"k":[0,0]},"s":{"a":0,"k":[100,100]},"nm":"Transform","sk":{"a":0,"k":0},"sa":{"a":0,"k":0}}]},{"ty":"gr","nm":"Group 4","bm":0,"mn":"ADBE Vector Group","it":[{"ty":"sh","nm":"Path 1","mn":"ADBE Vector Shape - Group","ind":0,"ks":{"k":{"i":[[0,0],[0,0]],"o":[[0,0],[0,0]],"v":[[-64.489,0],[64.489,0]],"c":false},"a":0}},{"ty":"st","nm":"Stroke 1","bm":0,"mn":"ADBE Vector Graphic - Stroke","lc":2,"lj":1,"ml":10,"o":{"a":0,"k":100},"w":{"a":0,"k":11.289},"c":{"a":0,"k":[1,1,1,1]}},{"ty":"tr","o":{"a":0,"k":100},"r":{"a":0,"k":0},"p":{"a":0,"k":[1064.489,999.665]},"a":{"a":0,"k":[0,0]},"s":{"a":0,"k":[100,100]},"nm":"Transform","sk":{"a":0,"k":0},"sa":{"a":0,"k":0}}]},{"ty":"gr","nm":"Group 5","bm":0,"mn":"ADBE Vector Group","it":[{"ty":"sh","nm":"Path 1","mn":"ADBE Vector Shape - Group","ind":0,"ks":{"k":{"i":[[0,0],[0,0]],"o":[[0,0],[0,0]],"v":[[-64.489,0],[64.489,0]],"c":false},"a":0}},{"ty":"st","nm":"Stroke 1","bm":0,"mn":"ADBE Vector Graphic - Stroke","lc":2,"lj":1,"ml":10,"o":{"a":0,"k":100},"w":{"a":0,"k":11.289},"c":{"a":0,"k":[1,1,1,1]}},{"ty":"tr","o":{"a":0,"k":100},"r":{"a":0,"k":0},"p":{"a":0,"k":[1064.489,944.628]},"a":{"a":0,"k":[0,0]},"s":{"a":0,"k":[100,100]},"nm":"Transform","sk":{"a":0,"k":0},"sa":{"a":0,"k":0}}]},{"ty":"gr","nm":"Group 6","bm":0,"mn":"ADBE Vector Group","it":[{"ty":"sh","nm":"Path 1","mn":"ADBE Vector Shape - Group","ind":0,"ks":{"k":{"i":[[0,0],[0,0]],"o":[[0,0],[0,0]],"v":[[-146.905,0],[146.905,0]],"c":false},"a":0}},{"ty":"st","nm":"Stroke 1","bm":0,"mn":"ADBE Vector Graphic - Stroke","lc":2,"lj":1,"ml":10,"o":{"a":0,"k":100},"w":{"a":0,"k":11.289},"c":{"a":0,"k":[1,1,1,1]}},{"ty":"tr","o":{"a":0,"k":100},"r":{"a":0,"k":0},"p":{"a":0,"k":[1146.905,882.455]},"a":{"a":0,"k":[0,0]},"s":{"a":0,"k":[100,100]},"nm":"Transform","sk":{"a":0,"k":0},"sa":{"a":0,"k":0}}]},{"ty":"gr","nm":"Group 7","bm":0,"mn":"ADBE Vector Group","it":[{"ty":"sh","nm":"Path 1","mn":"ADBE Vector Shape - Group","ind":0,"ks":{"k":{"i":[[0,0],[70.687,0],[0,70.689],[-70.689,0],[0,-70.689]],"o":[[0,70.689],[-70.689,0],[0,-70.689],[70.687,0],[0,0]],"v":[[127.993,0],[0.001,127.992],[-127.993,0],[0.001,-127.992],[127.993,0]],"c":false},"a":0}},{"ty":"fl","nm":"Fill 1","bm":0,"mn":"ADBE Vector Graphic - Fill","c":{"a":0,"k":[1,1,1,1]},"o":{"a":0,"k":100},"r":1},{"ty":"tr","o":{"a":0,"k":100},"r":{"a":0,"k":0},"p":{"a":0,"k":[811.38,917.75]},"a":{"a":0,"k":[0,0]},"s":{"a":0,"k":[100,100]},"nm":"Transform","sk":{"a":0,"k":0},"sa":{"a":0,"k":0}}]},{"ty":"gr","nm":"Group 8","bm":0,"mn":"ADBE Vector Group","it":[{"ty":"sh","nm":"Path 1","mn":"ADBE Vector Shape - Group","ind":0,"ks":{"k":{"i":[[0,0],[0,0],[4.464,0],[0,0],[0,0],[0,-7.827],[0,0],[0,0],[0,0],[0,0],[0,0],[-3.206,-2.616],[-3.472,0],[0,0],[0,7.827],[0,0],[0,0],[0,0],[0,0],[2.057,2.461]],"o":[[0,0],[-2.65,-3.171],[0,0],[0,0],[-7.93,0],[0,0],[0,0],[0,0],[0,0],[0,0],[0,4.4],[2.494,2.035],[0,0],[7.928,0],[0,0],[0,0],[0,0],[0,0],[0,-3.421],[0,0]],"v":[[360.701,-222.286],[360.701,-222.286],[349.582,-227.486],[-13.843,-227.486],[-349.58,-227.486],[-363.997,-213.255],[-363.997,-165.573],[-363.997,-147.155],[-363.997,-139.128],[-363.997,-130.068],[-363.997,213.255],[-358.739,224.223],[-349.58,227.486],[349.582,227.486],[363.997,213.255],[363.997,-130.068],[363.997,-139.128],[363.997,-147.155],[363.997,-213.255],[360.701,-222.286]],"c":false},"a":0}},{"ty":"fl","nm":"hvLottiePrimaryColor","bm":0,"mn":"ADBE Vector Graphic - Fill","c":{"a":0,"k":[0.411764705882,0.490196078431,0.976470588235,1]},"o":{"a":0,"k":30},"r":1},{"ty":"tr","o":{"a":0,"k":100},"r":{"a":0,"k":0},"p":{"a":0,"k":[1000.157,909.918]},"a":{"a":0,"k":[0,0]},"s":{"a":0,"k":[100,100]},"nm":"Transform","sk":{"a":0,"k":0},"sa":{"a":0,"k":0}}]},{"ty":"tr","o":{"a":0,"k":100},"r":{"a":0,"k":0},"p":{"a":0,"k":[997.316,909.918]},"a":{"a":0,"k":[997.316,909.918]},"s":{"a":0,"k":[100,100]},"nm":"Transform","sk":{"a":0,"k":0},"sa":{"a":0,"k":0}}]}],"ip":0,"op":150,"st":0,"tt":1},{"ind":10,"ty":4,"nm":"Moble","sr":1,"ks":{"o":{"a":0,"k":100},"r":{"a":1,"k":[{"i":{"x":[0],"y":[1]},"o":{"x":[0.333],"y":[0]},"t":13,"s":[-14]},{"t":35,"s":[0]}]},"p":{"k":[{"i":{"x":0.186,"y":1},"o":{"x":0.333,"y":0},"t":5,"s":[2397.253,1283.783,0],"ti":[0,0,0],"to":[-197.62,-40.23,0]},{"i":{"x":0.8,"y":1},"o":{"x":0.167,"y":0},"t":35,"s":[1211.533,1042.404,0],"ti":[0,0,0],"to":[0,0,0]},{"i":{"x":0.8,"y":1},"o":{"x":0.2,"y":0},"t":54,"s":[1196.173,940.004,0],"ti":[0,0,0],"to":[0,0,0]},{"i":{"x":0.667,"y":1},"o":{"x":0.191,"y":0},"t":70,"s":[1153.933,954.084,0],"ti":[0,0,0],"to":[0,0,0]},{"i":{"x":0.756,"y":1},"o":{"x":0.333,"y":0},"t":81,"s":[1170.853,976.732,0],"ti":[0,0,0],"to":[0,0,0]},{"t":87,"s":[1173.133,968.164,0]}],"a":1,"l":2},"a":{"a":0,"k":[697.085,1131.221,0],"l":2},"s":{"a":0,"k":[153.6,153.6,100],"l":2}},"shapes":[{"ty":"gr","nm":"Group 1","bm":0,"mn":"ADBE Vector Group","it":[{"ty":"sh","nm":"Path 1","mn":"ADBE Vector Shape - Group","ind":0,"ks":{"k":{"i":[[0,0],[0,0],[0,-0.82],[0,0],[8.527,0],[0,0],[0,8.526],[0,0],[-0.125,0.788],[0,0],[0,-19.719],[0,0],[-19.568,0],[0,0],[0,19.719],[0,0],[19.568,0]],"o":[[0,0],[0.124,0.787],[0,0],[0,8.526],[0,0],[-8.526,0],[0,0],[0,-0.821],[0,0],[-19.568,0],[0,0],[0,19.719],[0,0],[19.568,0],[0,0],[0,-19.719],[0,0]],"v":[[129.964,-326.468],[70.201,-326.468],[70.409,-324.059],[70.409,-320.355],[54.906,-304.852],[-54.906,-304.852],[-70.409,-320.355],[-70.409,-324.058],[-70.2,-326.468],[-129.97,-326.468],[-165.55,-290.62],[-165.55,290.62],[-129.97,326.468],[129.964,326.468],[165.55,290.62],[165.55,-290.62],[129.964,-326.468]],"c":false},"a":0}},{"ty":"fl","nm":"Fill 1","bm":0,"mn":"ADBE Vector Graphic - Fill","c":{"a":0,"k":[1,1,1,1]},"o":{"a":0,"k":100},"r":1},{"ty":"tr","o":{"a":0,"k":100},"r":{"a":0,"k":0},"p":{"a":0,"k":[697.087,1128.908]},"a":{"a":0,"k":[0,0]},"s":{"a":0,"k":[100,100]},"nm":"Transform","sk":{"a":0,"k":0},"sa":{"a":0,"k":0}}]},{"ty":"gr","nm":"Group 2","bm":0,"mn":"ADBE Vector Group","it":[{"ty":"sh","nm":"Path 1","mn":"ADBE Vector Shape - Group","ind":0,"ks":{"k":{"i":[[0,0],[19.567,0],[0,0],[0,19.719],[0,0],[-19.568,0],[0,0],[0,-0.821],[0,0],[-8.527,0],[0,0],[0,8.526],[0,0],[0.124,0.787],[0,0],[0,-19.719]],"o":[[0,19.719],[0,0],[-19.568,0],[0,0],[0,-19.719],[0,0],[-0.125,0.787],[0,0],[0,8.526],[0,0],[8.527,0],[0,0],[0,-0.821],[0,0],[19.567,0],[0,0]],"v":[[165.553,288.307],[129.966,324.155],[-129.968,324.155],[-165.548,288.307],[-165.548,-292.933],[-129.968,-328.781],[-70.198,-328.781],[-70.407,-326.371],[-70.407,-322.669],[-54.903,-307.165],[54.908,-307.165],[70.411,-322.669],[70.411,-326.372],[70.203,-328.781],[129.966,-328.781],[165.553,-292.933]],"c":true},"a":0}},{"ty":"sh","nm":"Path 2","mn":"ADBE Vector Shape - Group","ind":1,"ks":{"k":{"i":[[0,0],[0,0],[0,-29.252],[0,0],[-29.252,0],[0,0],[0,29.251],[0,0],[29.251,0]],"o":[[0,0],[-29.252,0],[0,0],[0,29.251],[0,0],[29.251,0],[0,0],[0,-29.252],[0,0]],"v":[[130.582,-345.93],[-130.581,-345.93],[-183.767,-292.744],[-183.767,292.745],[-130.581,345.93],[130.582,345.93],[183.767,292.745],[183.767,-292.744],[130.582,-345.93]],"c":false},"a":0}},{"ty":"fl","nm":"hvLottiePrimaryColor","bm":0,"mn":"ADBE Vector Graphic - Fill","c":{"a":0,"k":[0.411764711142,0.490196079016,0.976470589638,1]},"o":{"a":0,"k":100},"r":1},{"ty":"tr","o":{"a":0,"k":100},"r":{"a":0,"k":0},"p":{"a":0,"k":[697.085,1131.221]},"a":{"a":0,"k":[0,0]},"s":{"a":0,"k":[100,100]},"nm":"Transform","sk":{"a":0,"k":0},"sa":{"a":0,"k":0}}]}],"ip":0,"op":150,"st":0},{"ind":11,"ty":4,"nm":"Fingers","sr":1,"ks":{"o":{"a":0,"k":100},"r":{"a":0,"k":0},"p":{"a":0,"k":[693.022,1345.673,0],"l":2},"a":{"a":0,"k":[697.652,1334.894,0],"l":2},"s":{"a":0,"k":[100,100,100],"l":2}},"shapes":[{"ty":"gr","nm":"Group 1","bm":0,"mn":"ADBE Vector Group","it":[{"ty":"sh","nm":"Path 1","mn":"ADBE Vector Shape - Group","ind":0,"ks":{"k":{"i":[[0,0],[-114.257,-1.27],[0,0]],"o":[[0,0],[114.257,1.27],[0,0]],"v":[[-95.493,-49.519],[46.259,86.332],[40.106,-86.339]],"c":true},"a":0}},{"ty":"fl","nm":"Fill 1","bm":0,"mn":"ADBE Vector Graphic - Fill","c":{"a":0,"k":[0.972549021244,0.972549021244,0.972549021244,1]},"o":{"a":0,"k":100},"r":1},{"ty":"tr","o":{"a":0,"k":100},"r":{"a":0,"k":0},"p":{"a":0,"k":[785.359,1429.047]},"a":{"a":0,"k":[0,0]},"s":{"a":0,"k":[100,100]},"nm":"Transform","sk":{"a":0,"k":0},"sa":{"a":0,"k":0}}]},{"ty":"gr","nm":"Group 2","bm":0,"mn":"ADBE Vector Group","it":[{"ty":"sh","nm":"Path 1","mn":"ADBE Vector Shape - Group","ind":0,"ks":{"k":{"i":[[0,0],[41.075,10.269],[14.67,-42.727],[0,0],[-63.079,-104.116],[-24.094,-7.499],[-34.498,3.266]],"o":[[0,0],[-41.074,-10.269],[-14.669,42.726],[0,0],[63.079,104.115],[13.552,4.218],[0,0]],"v":[[41.265,-115.383],[-21.815,-138.819],[-215.453,-93.157],[-86.377,-62.661],[-17.413,10.773],[130.532,135.401],[216.504,141.031]],"c":false},"a":0}},{"ty":"st","nm":"hvLottiePrimaryColor","bm":0,"mn":"ADBE Vector Graphic - Stroke","lc":1,"lj":1,"ml":10,"o":{"a":0,"k":100},"w":{"a":0,"k":4.169},"c":{"a":0,"k":[0.411764705882,0.490196078431,0.976470588235,1]}},{"ty":"tr","o":{"a":0,"k":100},"r":{"a":0,"k":0},"p":{"a":0,"k":[680.913,1445.159]},"a":{"a":0,"k":[0,0]},"s":{"a":0,"k":[100,100]},"nm":"Transform","sk":{"a":0,"k":0},"sa":{"a":0,"k":0}}]},{"ty":"gr","nm":"Group 3","bm":0,"mn":"ADBE Vector Group","it":[{"ty":"sh","nm":"Path 1","mn":"ADBE Vector Shape - Group","ind":0,"ks":{"k":{"i":[[0,0],[41.075,10.269],[14.67,-42.727],[0,0],[-63.079,-104.116],[-24.094,-7.499],[-21.973,36.819],[229.121,60.328]],"o":[[0,0],[-41.074,-10.269],[-14.669,42.726],[0,0],[63.079,104.115],[24.093,7.499],[21.973,-36.819],[0,0]],"v":[[7.646,-115.383],[-55.434,-138.819],[-249.072,-93.157],[-119.996,-62.661],[-51.032,10.773],[96.913,135.401],[244.091,115.035],[7.646,-115.383]],"c":false},"a":0}},{"ty":"fl","nm":"Fill 1","bm":0,"mn":"ADBE Vector Graphic - Fill","c":{"a":0,"k":[1,1,1,1]},"o":{"a":0,"k":100},"r":1},{"ty":"tr","o":{"a":0,"k":100},"r":{"a":0,"k":0},"p":{"a":0,"k":[714.532,1445.159]},"a":{"a":0,"k":[0,0]},"s":{"a":0,"k":[100,100]},"nm":"Transform","sk":{"a":0,"k":0},"sa":{"a":0,"k":0}}]},{"ty":"gr","nm":"Group 4","bm":0,"mn":"ADBE Vector Group","it":[{"ty":"sh","nm":"Path 1","mn":"ADBE Vector Shape - Group","ind":0,"ks":{"k":{"i":[[0,0],[35.207,-4.4],[-7.335,-51.61],[-45.475,-10.595],[0,0]],"o":[[0,0],[-35.207,4.401],[7.335,51.609],[45.475,10.596],[0,0]],"v":[[124.1,-31.23],[40.484,-47.367],[-123.815,8.112],[65.422,24.187],[124.1,47.985]],"c":false},"a":0}},{"ty":"st","nm":"hvLottiePrimaryColor","bm":0,"mn":"ADBE Vector Graphic - Stroke","lc":1,"lj":1,"ml":10,"o":{"a":0,"k":100},"w":{"a":0,"k":4.169},"c":{"a":0,"k":[0.411764711142,0.490196079016,0.976470589638,1]}},{"ty":"tr","o":{"a":0,"k":100},"r":{"a":0,"k":0},"p":{"a":0,"k":[573.139,1248.087]},"a":{"a":0,"k":[0,0]},"s":{"a":0,"k":[100,100]},"nm":"Transform","sk":{"a":0,"k":0},"sa":{"a":0,"k":0}}]},{"ty":"gr","nm":"Group 5","bm":0,"mn":"ADBE Vector Group","it":[{"ty":"sh","nm":"Path 1","mn":"ADBE Vector Shape - Group","ind":0,"ks":{"k":{"i":[[0,0],[35.207,-4.4],[-7.335,-51.61],[-45.475,-10.595],[0,0]],"o":[[0,0],[-35.207,4.401],[7.335,51.609],[45.475,10.596],[0,0]],"v":[[124.1,-31.23],[40.484,-47.367],[-123.815,8.112],[65.422,24.187],[124.1,47.985]],"c":false},"a":0}},{"ty":"fl","nm":"Fill 1","bm":0,"mn":"ADBE Vector Graphic - Fill","c":{"a":0,"k":[1,1,1,1]},"o":{"a":0,"k":100},"r":1},{"ty":"tr","o":{"a":0,"k":100},"r":{"a":0,"k":0},"p":{"a":0,"k":[573.139,1248.087]},"a":{"a":0,"k":[0,0]},"s":{"a":0,"k":[100,100]},"nm":"Transform","sk":{"a":0,"k":0},"sa":{"a":0,"k":0}}]},{"ty":"gr","nm":"Group 6","bm":0,"mn":"ADBE Vector Group","it":[{"ty":"sh","nm":"Path 1","mn":"ADBE Vector Shape - Group","ind":0,"ks":{"k":{"i":[[0,0],[76.282,-12.069],[-20.538,-41.161],[0,0],[-17.603,-13.574]],"o":[[0,0],[-76.282,12.069],[20.537,41.162],[0,0],[0,0]],"v":[[142.015,-34.638],[24.822,-45.926],[-139.477,27.668],[64.43,32.186],[131.91,49.388]],"c":false},"a":0}},{"ty":"st","nm":"hvLottiePrimaryColor","bm":0,"mn":"ADBE Vector Graphic - Stroke","lc":1,"lj":1,"ml":10,"o":{"a":0,"k":100},"w":{"a":0,"k":4.169},"c":{"a":0,"k":[0.411764711142,0.490196079016,0.976470589638,1]}},{"ty":"tr","o":{"a":0,"k":100},"r":{"a":0,"k":0},"p":{"a":0,"k":[572.665,1131.89]},"a":{"a":0,"k":[0,0]},"s":{"a":0,"k":[100,100]},"nm":"Transform","sk":{"a":0,"k":0},"sa":{"a":0,"k":0}}]},{"ty":"gr","nm":"Group 7","bm":0,"mn":"ADBE Vector Group","it":[{"ty":"sh","nm":"Path 1","mn":"ADBE Vector Shape - Group","ind":0,"ks":{"k":{"i":[[0,0],[76.282,-12.069],[-20.538,-41.161],[0,0],[-17.603,-13.574]],"o":[[0,0],[-76.282,12.069],[20.537,41.162],[0,0],[0,0]],"v":[[142.015,-34.638],[24.822,-45.926],[-139.477,27.668],[64.43,32.186],[131.91,49.388]],"c":false},"a":0}},{"ty":"fl","nm":"Fill 1","bm":0,"mn":"ADBE Vector Graphic - Fill","c":{"a":0,"k":[1,1,1,1]},"o":{"a":0,"k":100},"r":1},{"ty":"tr","o":{"a":0,"k":100},"r":{"a":0,"k":0},"p":{"a":0,"k":[572.665,1131.89]},"a":{"a":0,"k":[0,0]},"s":{"a":0,"k":[100,100]},"nm":"Transform","sk":{"a":0,"k":0},"sa":{"a":0,"k":0}}]}],"ip":0,"op":150,"st":0,"parent":10},{"ind":12,"ty":4,"nm":"Wrist","sr":1,"ks":{"o":{"a":0,"k":100},"r":{"a":0,"k":0},"p":{"a":0,"k":[580.095,1208.102,0],"l":2},"a":{"a":0,"k":[0,0,0],"l":2},"s":{"a":0,"k":[100,100,100],"l":2}},"shapes":[{"ty":"gr","nm":"Shape 1","bm":0,"mn":"ADBE Vector Group","it":[{"ty":"sh","nm":"Path 1","mn":"ADBE Vector Shape - Group","ind":0,"ks":{"k":{"i":[[42.5,-15.5],[-28,-22.5],[-131,34.5],[18.75,26.5]],"o":[[-42.5,15.5],[28,22.5],[98.329,-25.896],[-18.503,-26.151]],"v":[[337.5,227.5],[227.5,365.5],[413,374],[453.5,270]],"c":true},"a":0}},{"ty":"st","nm":"Stroke 1","bm":0,"mn":"ADBE Vector Graphic - Stroke","lc":1,"lj":1,"ml":4,"o":{"a":0,"k":100},"w":{"a":0,"k":0},"c":{"a":0,"k":[1,1,1,1]}},{"ty":"fl","nm":"Fill 1","bm":0,"mn":"ADBE Vector Graphic - Fill","c":{"a":0,"k":[1,1,1,1]},"o":{"a":0,"k":100},"r":1},{"ty":"tr","o":{"a":0,"k":100},"r":{"a":0,"k":0},"p":{"a":0,"k":[0,0]},"a":{"a":0,"k":[0,0]},"s":{"a":0,"k":[100,100]},"nm":"Transform","sk":{"a":0,"k":0},"sa":{"a":0,"k":0}}]}],"ip":0,"op":150,"st":0,"parent":10},{"ind":13,"ty":4,"nm":"ID Card 2","sr":1,"ks":{"o":{"a":0,"k":100},"r":{"a":0,"k":0},"p":{"k":[{"i":{"x":0.5,"y":1},"o":{"x":0.5,"y":0},"t":0,"s":[1015.338,876.918,0],"ti":[39.613,17,0],"to":[-39.613,-17,0]},{"t":25,"s":[777.658,774.918,0]}],"a":1,"l":2},"a":{"a":0,"k":[998.658,909.918,0],"l":2},"s":{"a":0,"k":[132,132,100],"l":2}},"shapes":[{"ty":"gr","nm":"Group 1","bm":0,"mn":"ADBE Vector Group","it":[{"ty":"sh","nm":"Path 1","mn":"ADBE Vector Shape - Group","ind":0,"ks":{"k":{"i":[[5.736,0],[0,5.712],[-5.725,0],[0,-5.732]],"o":[[0,-5.722],[5.708,0],[0,5.69],[-5.686,0]],"v":[[-8.56,8.56],[-8.56,-8.56],[8.56,-8.56],[8.56,8.56]],"c":true},"a":0}},{"ty":"fl","nm":"Fill 1","bm":0,"mn":"ADBE Vector Graphic - Fill","c":{"a":0,"k":[0.16862745098,0.16862745098,0.16862745098,1]},"o":{"a":0,"k":100},"r":1},{"ty":"tr","o":{"a":0,"k":100},"r":{"a":0,"k":0},"p":{"a":0,"k":[1197.282,1036.385]},"a":{"a":0,"k":[0,0]},"s":{"a":0,"k":[100,100]},"nm":"Transform","sk":{"a":0,"k":0},"sa":{"a":0,"k":0}}]},{"ty":"gr","nm":"Group 2","bm":0,"mn":"ADBE Vector Group","it":[{"ty":"sh","nm":"Path 1","mn":"ADBE Vector Shape - Group","ind":0,"ks":{"k":{"i":[[5.737,0],[0,5.712],[-5.725,0],[0,-5.733]],"o":[[0,-5.721],[5.708,0],[0,5.69],[-5.685,0]],"v":[[-8.56,8.56],[-8.56,-8.56],[8.56,-8.56],[8.56,8.56]],"c":true},"a":0}},{"ty":"fl","nm":"Fill 1","bm":0,"mn":"ADBE Vector Graphic - Fill","c":{"a":0,"k":[0.16862745098,0.16862745098,0.16862745098,1]},"o":{"a":0,"k":100},"r":1},{"ty":"tr","o":{"a":0,"k":100},"r":{"a":0,"k":0},"p":{"a":0,"k":[1277.456,956.212]},"a":{"a":0,"k":[0,0]},"s":{"a":0,"k":[100,100]},"nm":"Transform","sk":{"a":0,"k":0},"sa":{"a":0,"k":0}}]},{"ty":"gr","nm":"Group 3","bm":0,"mn":"ADBE Vector Group","it":[{"ty":"sh","nm":"Path 1","mn":"ADBE Vector Shape - Group","ind":0,"ks":{"k":{"i":[[0,-5.735],[5.712,0],[0,5.725],[-5.732,0]],"o":[[-5.723,0],[0,-5.709],[5.691,0],[0,5.687]],"v":[[8.561,8.56],[-8.561,8.56],[-8.561,-8.56],[8.561,-8.56]],"c":true},"a":0}},{"ty":"fl","nm":"Fill 1","bm":0,"mn":"ADBE Vector Graphic - Fill","c":{"a":0,"k":[0.16862745098,0.16862745098,0.16862745098,1]},"o":{"a":0,"k":100},"r":1},{"ty":"tr","o":{"a":0,"k":100},"r":{"a":0,"k":0},"p":{"a":0,"k":[1197.286,956.224]},"a":{"a":0,"k":[0,0]},"s":{"a":0,"k":[100,100]},"nm":"Transform","sk":{"a":0,"k":0},"sa":{"a":0,"k":0}}]},{"ty":"gr","nm":"Group 4","bm":0,"mn":"ADBE Vector Group","it":[{"ty":"sh","nm":"Path 1","mn":"ADBE Vector Shape - Group","ind":0,"ks":{"k":{"i":[[0,0],[1.923,0],[0,1.912],[-1.933,0],[0,-1.9]],"o":[[-1.888,0],[0,-1.897],[1.874,0],[0,1.903],[0,0]],"v":[[2.85,2.838],[-2.85,2.838],[-2.85,-2.851],[2.836,-2.851],[2.836,2.851]],"c":true},"a":0}},{"ty":"fl","nm":"Fill 1","bm":0,"mn":"ADBE Vector Graphic - Fill","c":{"a":0,"k":[0.16862745098,0.16862745098,0.16862745098,1]},"o":{"a":0,"k":100},"r":1},{"ty":"tr","o":{"a":0,"k":100},"r":{"a":0,"k":0},"p":{"a":0,"k":[1248.852,1002.049]},"a":{"a":0,"k":[0,0]},"s":{"a":0,"k":[100,100]},"nm":"Transform","sk":{"a":0,"k":0},"sa":{"a":0,"k":0}}]},{"ty":"gr","nm":"Group 5","bm":0,"mn":"ADBE Vector Group","it":[{"ty":"sh","nm":"Path 1","mn":"ADBE Vector Shape - Group","ind":0,"ks":{"k":{"i":[[0,-1.92],[1.895,0],[0,1.908],[-1.915,0]],"o":[[-1.902,0],[0,-1.89],[1.87,0],[0,1.866]],"v":[[2.833,2.833],[-2.833,2.833],[-2.833,-2.833],[2.833,-2.833]],"c":true},"a":0}},{"ty":"fl","nm":"Fill 1","bm":0,"mn":"ADBE Vector Graphic - Fill","c":{"a":0,"k":[0.16862745098,0.16862745098,0.16862745098,1]},"o":{"a":0,"k":100},"r":1},{"ty":"tr","o":{"a":0,"k":100},"r":{"a":0,"k":0},"p":{"a":0,"k":[1294.64,1053.578]},"a":{"a":0,"k":[0,0]},"s":{"a":0,"k":[100,100]},"nm":"Transform","sk":{"a":0,"k":0},"sa":{"a":0,"k":0}}]},{"ty":"gr","nm":"Group 6","bm":0,"mn":"ADBE Vector Group","it":[{"ty":"sh","nm":"Path 1","mn":"ADBE Vector Shape - Group","ind":0,"ks":{"k":{"i":[[0,0],[0,-1.923],[1.912,0],[0,1.933],[-1.9,0]],"o":[[0,1.888],[-1.897,0],[0,-1.874],[1.903,0],[0,0]],"v":[[2.837,-2.85],[2.837,2.85],[-2.851,2.85],[-2.851,-2.836],[2.851,-2.836]],"c":true},"a":0}},{"ty":"fl","nm":"Fill 1","bm":0,"mn":"ADBE Vector Graphic - Fill","c":{"a":0,"k":[0.16862745098,0.16862745098,0.16862745098,1]},"o":{"a":0,"k":100},"r":1},{"ty":"tr","o":{"a":0,"k":100},"r":{"a":0,"k":0},"p":{"a":0,"k":[1260.304,1053.547]},"a":{"a":0,"k":[0,0]},"s":{"a":0,"k":[100,100]},"nm":"Transform","sk":{"a":0,"k":0},"sa":{"a":0,"k":0}}]},{"ty":"gr","nm":"Group 7","bm":0,"mn":"ADBE Vector Group","it":[{"ty":"sh","nm":"Path 1","mn":"ADBE Vector Shape - Group","ind":0,"ks":{"k":{"i":[[0,-1.918],[1.894,0],[0,1.907],[-1.915,0]],"o":[[-1.904,0],[0,-1.891],[1.872,0],[0,1.868]],"v":[[2.834,2.833],[-2.834,2.833],[-2.834,-2.833],[2.834,-2.833]],"c":true},"a":0}},{"ty":"fl","nm":"Fill 1","bm":0,"mn":"ADBE Vector Graphic - Fill","c":{"a":0,"k":[0.16862745098,0.16862745098,0.16862745098,1]},"o":{"a":0,"k":100},"r":1},{"ty":"tr","o":{"a":0,"k":100},"r":{"a":0,"k":0},"p":{"a":0,"k":[1248.826,1047.851]},"a":{"a":0,"k":[0,0]},"s":{"a":0,"k":[100,100]},"nm":"Transform","sk":{"a":0,"k":0},"sa":{"a":0,"k":0}}]},{"ty":"gr","nm":"Group 8","bm":0,"mn":"ADBE Vector Group","it":[{"ty":"sh","nm":"Path 1","mn":"ADBE Vector Shape - Group","ind":0,"ks":{"k":{"i":[[0,0],[-1.923,0],[0,-1.934],[1.9,0],[0,0],[0,1.913]],"o":[[1.889,0],[0,1.899],[-1.9,0],[0,0],[0,-1.913],[0,0]],"v":[[-2.85,-2.857],[2.85,-2.857],[2.85,2.857],[-2.85,2.857],[-2.836,2.87],[-2.836,-2.87]],"c":true},"a":0}},{"ty":"fl","nm":"Fill 1","bm":0,"mn":"ADBE Vector Graphic - Fill","c":{"a":0,"k":[0.16862745098,0.16862745098,0.16862745098,1]},"o":{"a":0,"k":100},"r":1},{"ty":"tr","o":{"a":0,"k":100},"r":{"a":0,"k":0},"p":{"a":0,"k":[1283.17,996.303]},"a":{"a":0,"k":[0,0]},"s":{"a":0,"k":[100,100]},"nm":"Transform","sk":{"a":0,"k":0},"sa":{"a":0,"k":0}}]},{"ty":"gr","nm":"Group 9","bm":0,"mn":"ADBE Vector Group","it":[{"ty":"sh","nm":"Path 1","mn":"ADBE Vector Shape - Group","ind":0,"ks":{"k":{"i":[[0,0],[0,1.924],[-1.912,0],[0,-1.933],[1.9,0]],"o":[[0,-1.888],[1.897,0],[0,1.874],[-1.903,0],[0,0]],"v":[[-2.837,2.85],[-2.837,-2.85],[2.851,-2.85],[2.851,2.836],[-2.851,2.836]],"c":true},"a":0}},{"ty":"fl","nm":"Fill 1","bm":0,"mn":"ADBE Vector Graphic - Fill","c":{"a":0,"k":[0.16862745098,0.16862745098,0.16862745098,1]},"o":{"a":0,"k":100},"r":1},{"ty":"tr","o":{"a":0,"k":100},"r":{"a":0,"k":0},"p":{"a":0,"k":[1288.897,1030.685]},"a":{"a":0,"k":[0,0]},"s":{"a":0,"k":[100,100]},"nm":"Transform","sk":{"a":0,"k":0},"sa":{"a":0,"k":0}}]},{"ty":"gr","nm":"Group 10","bm":0,"mn":"ADBE Vector Group","it":[{"ty":"sh","nm":"Path 1","mn":"ADBE Vector Shape - Group","ind":0,"ks":{"k":{"i":[[0,0],[1.923,0],[0,1.934],[-1.9,0],[0,0],[0,-1.913]],"o":[[-1.889,0],[0,-1.899],[1.9,0],[0,0],[0,1.913],[0,0]],"v":[[2.85,2.857],[-2.85,2.857],[-2.85,-2.857],[2.85,-2.857],[2.836,-2.87],[2.836,2.87]],"c":true},"a":0}},{"ty":"fl","nm":"Fill 1","bm":0,"mn":"ADBE Vector Graphic - Fill","c":{"a":0,"k":[0.16862745098,0.16862745098,0.16862745098,1]},"o":{"a":0,"k":100},"r":1},{"ty":"tr","o":{"a":0,"k":100},"r":{"a":0,"k":0},"p":{"a":0,"k":[1225.945,1024.936]},"a":{"a":0,"k":[0,0]},"s":{"a":0,"k":[100,100]},"nm":"Transform","sk":{"a":0,"k":0},"sa":{"a":0,"k":0}}]},{"ty":"gr","nm":"Group 11","bm":0,"mn":"ADBE Vector Group","it":[{"ty":"sh","nm":"Path 1","mn":"ADBE Vector Shape - Group","ind":0,"ks":{"k":{"i":[[0,0],[0,1.923],[-1.912,0],[0,-1.933],[1.9,0]],"o":[[0,-1.888],[1.897,0],[0,1.874],[-1.903,0],[0,0]],"v":[[-2.838,2.85],[-2.838,-2.85],[2.851,-2.85],[2.851,2.836],[-2.851,2.836]],"c":true},"a":0}},{"ty":"fl","nm":"Fill 1","bm":0,"mn":"ADBE Vector Graphic - Fill","c":{"a":0,"k":[0.16862745098,0.16862745098,0.16862745098,1]},"o":{"a":0,"k":100},"r":1},{"ty":"tr","o":{"a":0,"k":100},"r":{"a":0,"k":0},"p":{"a":0,"k":[1248.811,973.418]},"a":{"a":0,"k":[0,0]},"s":{"a":0,"k":[100,100]},"nm":"Transform","sk":{"a":0,"k":0},"sa":{"a":0,"k":0}}]},{"ty":"gr","nm":"Group 12","bm":0,"mn":"ADBE Vector Group","it":[{"ty":"sh","nm":"Path 1","mn":"ADBE Vector Shape - Group","ind":0,"ks":{"k":{"i":[[0,1.925],[-1.904,0],[0,-1.911],[1.906,0]],"o":[[1.894,0],[0,1.884],[-1.88,0],[0,-1.881]],"v":[[-2.833,-2.837],[2.833,-2.837],[2.833,2.837],[-2.833,2.837]],"c":true},"a":0}},{"ty":"fl","nm":"Fill 1","bm":0,"mn":"ADBE Vector Graphic - Fill","c":{"a":0,"k":[0.16862745098,0.16862745098,0.16862745098,1]},"o":{"a":0,"k":100},"r":1},{"ty":"tr","o":{"a":0,"k":100},"r":{"a":0,"k":0},"p":{"a":0,"k":[1294.64,1019.205]},"a":{"a":0,"k":[0,0]},"s":{"a":0,"k":[100,100]},"nm":"Transform","sk":{"a":0,"k":0},"sa":{"a":0,"k":0}}]},{"ty":"gr","nm":"Group 13","bm":0,"mn":"ADBE Vector Group","it":[{"ty":"sh","nm":"Path 1","mn":"ADBE Vector Shape - Group","ind":0,"ks":{"k":{"i":[[0,0],[0,1.924],[-1.912,0],[0,-1.933],[1.9,0]],"o":[[0,-1.888],[1.897,0],[0,1.874],[-1.903,0],[0,0]],"v":[[-2.838,2.85],[-2.838,-2.85],[2.851,-2.85],[2.851,2.836],[-2.851,2.836]],"c":true},"a":0}},{"ty":"fl","nm":"Fill 1","bm":0,"mn":"ADBE Vector Graphic - Fill","c":{"a":0,"k":[0.16862745098,0.16862745098,0.16862745098,1]},"o":{"a":0,"k":100},"r":1},{"ty":"tr","o":{"a":0,"k":100},"r":{"a":0,"k":0},"p":{"a":0,"k":[1288.897,1007.778]},"a":{"a":0,"k":[0,0]},"s":{"a":0,"k":[100,100]},"nm":"Transform","sk":{"a":0,"k":0},"sa":{"a":0,"k":0}}]},{"ty":"gr","nm":"Group 14","bm":0,"mn":"ADBE Vector Group","it":[{"ty":"sh","nm":"Path 1","mn":"ADBE Vector Shape - Group","ind":0,"ks":{"k":{"i":[[0,0],[0,1.923],[-3.82,0],[0,-1.931],[3.808,0]],"o":[[0,-1.889],[3.808,0],[0,1.876],[-3.813,0],[0,0]],"v":[[-5.701,2.85],[-5.701,-2.85],[5.715,-2.85],[5.715,2.837],[-5.715,2.837]],"c":true},"a":0}},{"ty":"fl","nm":"Fill 1","bm":0,"mn":"ADBE Vector Graphic - Fill","c":{"a":0,"k":[0.16862745098,0.16862745098,0.16862745098,1]},"o":{"a":0,"k":100},"r":1},{"ty":"tr","o":{"a":0,"k":100},"r":{"a":0,"k":0},"p":{"a":0,"k":[1211.587,984.87]},"a":{"a":0,"k":[0,0]},"s":{"a":0,"k":[100,100]},"nm":"Transform","sk":{"a":0,"k":0},"sa":{"a":0,"k":0}}]},{"ty":"gr","nm":"Group 15","bm":0,"mn":"ADBE Vector Group","it":[{"ty":"sh","nm":"Path 1","mn":"ADBE Vector Shape - Group","ind":0,"ks":{"k":{"i":[[0,-5.735],[1.906,0],[0,3.832],[1.911,0],[0,1.905],[-3.814,0]],"o":[[-1.904,0],[0,-3.802],[-1.917,0],[0,-1.935],[3.797,0],[0,5.7]],"v":[[5.695,8.567],[0.015,8.567],[0.015,-2.846],[-5.695,-2.846],[-5.695,-8.567],[5.695,-8.567]],"c":true},"a":0}},{"ty":"fl","nm":"Fill 1","bm":0,"mn":"ADBE Vector Graphic - Fill","c":{"a":0,"k":[0.16862745098,0.16862745098,0.16862745098,1]},"o":{"a":0,"k":100},"r":1},{"ty":"tr","o":{"a":0,"k":100},"r":{"a":0,"k":0},"p":{"a":0,"k":[1291.778,990.576]},"a":{"a":0,"k":[0,0]},"s":{"a":0,"k":[100,100]},"nm":"Transform","sk":{"a":0,"k":0},"sa":{"a":0,"k":0}}]},{"ty":"gr","nm":"Group 16","bm":0,"mn":"ADBE Vector Group","it":[{"ty":"sh","nm":"Path 1","mn":"ADBE Vector Shape - Group","ind":0,"ks":{"k":{"i":[[0,0],[3.851,0],[0,-1.909],[1.91,0],[0,3.825],[-5.756,0],[0,-1.901]],"o":[[-3.798,0],[0,1.914],[-1.922,0],[0,-3.776],[5.681,0],[0,1.897],[0,0]],"v":[[8.574,-0.009],[-2.873,-0.009],[-2.873,5.695],[-8.574,5.695],[-8.574,-5.695],[8.56,-5.695],[8.56,0.004]],"c":true},"a":0}},{"ty":"fl","nm":"Fill 1","bm":0,"mn":"ADBE Vector Graphic - Fill","c":{"a":0,"k":[0.16862745098,0.16862745098,0.16862745098,1]},"o":{"a":0,"k":100},"r":1},{"ty":"tr","o":{"a":0,"k":100},"r":{"a":0,"k":0},"p":{"a":0,"k":[1185.861,987.716]},"a":{"a":0,"k":[0,0]},"s":{"a":0,"k":[100,100]},"nm":"Transform","sk":{"a":0,"k":0},"sa":{"a":0,"k":0}}]},{"ty":"gr","nm":"Group 17","bm":0,"mn":"ADBE Vector Group","it":[{"ty":"sh","nm":"Path 1","mn":"ADBE Vector Shape - Group","ind":0,"ks":{"k":{"i":[[0,0],[0,-1.943],[-1.917,0],[0,-1.923],[-1.913,0],[0,-1.907],[5.725,0],[0,5.757],[-1.902,0]],"o":[[0,1.89],[1.917,0],[0,1.923],[1.917,0],[0,1.935],[-5.699,0],[0,-5.693],[1.894,0],[0,0]],"v":[[-2.872,-8.581],[-2.872,-2.858],[2.844,-2.858],[2.844,2.858],[8.556,2.858],[8.556,8.581],[-8.556,8.581],[-8.556,-8.568],[-2.858,-8.568]],"c":true},"a":0}},{"ty":"fl","nm":"Fill 1","bm":0,"mn":"ADBE Vector Graphic - Fill","c":{"a":0,"k":[0.16862745098,0.16862745098,0.16862745098,1]},"o":{"a":0,"k":100},"r":1},{"ty":"tr","o":{"a":0,"k":100},"r":{"a":0,"k":0},"p":{"a":0,"k":[1231.654,1047.826]},"a":{"a":0,"k":[0,0]},"s":{"a":0,"k":[100,100]},"nm":"Transform","sk":{"a":0,"k":0},"sa":{"a":0,"k":0}}]},{"ty":"gr","nm":"Group 18","bm":0,"mn":"ADBE Vector Group","it":[{"ty":"sh","nm":"Path 1","mn":"ADBE Vector Shape - Group","ind":0,"ks":{"k":{"i":[[0,0],[0,-1.943],[-3.816,0],[0,-1.923],[5.752,0],[0,-3.816],[7.634,0],[0,3.823],[-1.918,0],[0,-1.908],[-3.863,0],[0,5.719],[0,0],[-3.821,0]],"o":[[0,1.89],[3.83,0],[0,1.923],[-5.693,0],[0,3.842],[-7.649,0],[0,-3.782],[1.872,0],[0,1.877],[3.826,0],[0,-5.71],[0,0],[3.821,0],[0,0]],"v":[[8.576,-11.443],[8.576,-5.721],[20.012,-5.721],[20.012,-0.005],[2.868,-0.005],[2.868,11.443],[-20.012,11.443],[-20.012,0.048],[-14.341,0.048],[-14.341,5.704],[-2.861,5.704],[-2.861,-11.443],[-2.875,-11.43],[8.589,-11.429]],"c":true},"a":0}},{"ty":"fl","nm":"Fill 1","bm":0,"mn":"ADBE Vector Graphic - Fill","c":{"a":0,"k":[0.16862745098,0.16862745098,0.16862745098,1]},"o":{"a":0,"k":100},"r":1},{"ty":"tr","o":{"a":0,"k":100},"r":{"a":0,"k":0},"p":{"a":0,"k":[1197.297,999.15]},"a":{"a":0,"k":[0,0]},"s":{"a":0,"k":[100,100]},"nm":"Transform","sk":{"a":0,"k":0},"sa":{"a":0,"k":0}}]},{"ty":"gr","nm":"Group 19","bm":0,"mn":"ADBE Vector Group","it":[{"ty":"sh","nm":"Path 1","mn":"ADBE Vector Shape - Group","ind":0,"ks":{"k":{"i":[[0,-1.904],[-1.868,0],[0,1.872],[1.89,0]],"o":[[1.918,0],[0,-1.914],[-1.907,0],[0,1.894]],"v":[[-2.842,-2.898],[2.824,-2.898],[2.824,-8.565],[-2.842,-8.565]],"c":true},"a":0}},{"ty":"sh","nm":"Path 2","mn":"ADBE Vector Shape - Group","ind":1,"ks":{"k":{"i":[[0,0],[0,3.852],[1.907,0],[0,3.816],[-9.548,0],[0,-3.827],[1.907,0],[0,-1.935],[-1.905,0],[0,-3.814],[1.935,0],[0,1.918],[1.924,0],[0,1.909],[1.924,0],[0,-1.941],[1.902,0]],"o":[[0,-3.799],[-1.917,0],[0,-3.832],[9.511,0],[0,3.785],[-1.882,0],[0,1.917],[1.879,0],[0,3.832],[-1.881,0],[0,-1.882],[-1.923,0],[0,-1.917],[-1.923,0],[0,1.871],[-1.955,0],[0,0]],"v":[[-8.585,8.597],[-8.585,-2.853],[-14.292,-2.853],[-14.292,-14.281],[14.284,-14.281],[14.284,-2.879],[8.626,-2.879],[8.626,2.855],[14.292,2.855],[14.292,14.281],[8.594,14.281],[8.594,8.599],[2.876,8.599],[2.876,2.89],[-2.841,2.89],[-2.841,8.584],[-8.599,8.584]],"c":true},"a":0}},{"ty":"fl","nm":"Fill 1","bm":0,"mn":"ADBE Vector Graphic - Fill","c":{"a":0,"k":[0.16862745098,0.16862745098,0.16862745098,1]},"o":{"a":0,"k":100},"r":1},{"ty":"tr","o":{"a":0,"k":100},"r":{"a":0,"k":0},"p":{"a":0,"k":[1237.378,950.49]},"a":{"a":0,"k":[0,0]},"s":{"a":0,"k":[100,100]},"nm":"Transform","sk":{"a":0,"k":0},"sa":{"a":0,"k":0}}]},{"ty":"gr","nm":"Group 20","bm":0,"mn":"ADBE Vector Group","it":[{"ty":"sh","nm":"Path 1","mn":"ADBE Vector Shape - Group","ind":0,"ks":{"k":{"i":[[0,9.54],[9.504,0],[0,-9.508],[-9.526,0]],"o":[[-9.553,0],[0,9.55],[9.542,0],[0,-9.53]],"v":[[14.29,-14.274],[-14.283,-14.274],[-14.283,14.3],[14.29,14.3]],"c":true},"a":0}},{"ty":"sh","nm":"Path 2","mn":"ADBE Vector Shape - Group","ind":1,"ks":{"k":{"i":[[0,13.372],[-13.348,0],[0,-13.361],[13.368,0]],"o":[[13.357,0],[0,13.344],[-13.325,0],[0,-13.321]],"v":[[-20.013,-20.013],[20.013,-20.013],[20.013,20.013],[-20.013,20.013]],"c":true},"a":0}},{"ty":"fl","nm":"Fill 1","bm":0,"mn":"ADBE Vector Graphic - Fill","c":{"a":0,"k":[0.16862745098,0.16862745098,0.16862745098,1]},"o":{"a":0,"k":100},"r":1},{"ty":"tr","o":{"a":0,"k":100},"r":{"a":0,"k":0},"p":{"a":0,"k":[1197.295,1036.381]},"a":{"a":0,"k":[0,0]},"s":{"a":0,"k":[100,100]},"nm":"Transform","sk":{"a":0,"k":0},"sa":{"a":0,"k":0}}]},{"ty":"gr","nm":"Group 21","bm":0,"mn":"ADBE Vector Group","it":[{"ty":"sh","nm":"Path 1","mn":"ADBE Vector Shape - Group","ind":0,"ks":{"k":{"i":[[0,9.538],[9.502,0],[0,-9.506],[-9.525,0]],"o":[[-9.555,0],[0,9.55],[9.543,0],[0,-9.53]],"v":[[14.3,-14.291],[-14.273,-14.291],[-14.273,14.281],[14.3,14.281]],"c":true},"a":0}},{"ty":"sh","nm":"Path 2","mn":"ADBE Vector Shape - Group","ind":1,"ks":{"k":{"i":[[0,-13.374],[13.349,0],[0,13.362],[-13.369,0]],"o":[[-13.355,0],[0,-13.343],[13.323,0],[0,13.319]],"v":[[20.013,20.013],[-20.013,20.013],[-20.013,-20.013],[20.013,-20.013]],"c":true},"a":0}},{"ty":"fl","nm":"Fill 1","bm":0,"mn":"ADBE Vector Graphic - Fill","c":{"a":0,"k":[0.16862745098,0.16862745098,0.16862745098,1]},"o":{"a":0,"k":100},"r":1},{"ty":"tr","o":{"a":0,"k":100},"r":{"a":0,"k":0},"p":{"a":0,"k":[1277.46,956.225]},"a":{"a":0,"k":[0,0]},"s":{"a":0,"k":[100,100]},"nm":"Transform","sk":{"a":0,"k":0},"sa":{"a":0,"k":0}}]},{"ty":"gr","nm":"Group 22","bm":0,"mn":"ADBE Vector Group","it":[{"ty":"sh","nm":"Path 1","mn":"ADBE Vector Shape - Group","ind":0,"ks":{"k":{"i":[[9.54,0],[0,-9.504],[-9.508,0],[0,9.526]],"o":[[0,9.553],[9.55,0],[0,-9.543],[-9.53,0]],"v":[[-14.274,-14.29],[-14.274,14.282],[14.3,14.282],[14.3,-14.29]],"c":true},"a":0}},{"ty":"sh","nm":"Path 2","mn":"ADBE Vector Shape - Group","ind":1,"ks":{"k":{"i":[[13.372,0],[0,13.348],[-13.361,0],[0,-13.368]],"o":[[0,-13.357],[13.344,0],[0,13.325],[-13.321,0]],"v":[[-20.013,20.013],[-20.013,-20.013],[20.013,-20.013],[20.013,20.013]],"c":true},"a":0}},{"ty":"fl","nm":"Fill 1","bm":0,"mn":"ADBE Vector Graphic - Fill","c":{"a":0,"k":[0.16862745098,0.16862745098,0.16862745098,1]},"o":{"a":0,"k":100},"r":1},{"ty":"tr","o":{"a":0,"k":100},"r":{"a":0,"k":0},"p":{"a":0,"k":[1197.282,956.212]},"a":{"a":0,"k":[0,0]},"s":{"a":0,"k":[100,100]},"nm":"Transform","sk":{"a":0,"k":0},"sa":{"a":0,"k":0}}]},{"ty":"gr","nm":"Group 23","bm":0,"mn":"ADBE Vector Group","it":[{"ty":"sh","nm":"Path 1","mn":"ADBE Vector Shape - Group","ind":0,"ks":{"k":{"i":[[0,-1.902],[-1.866,0],[0,1.87],[1.89,0]],"o":[[1.92,0],[0,-1.915],[-1.908,0],[0,1.895]],"v":[[11.476,-14.335],[17.142,-14.335],[17.142,-20.001],[11.476,-20.001]],"c":true},"a":0}},{"ty":"sh","nm":"Path 2","mn":"ADBE Vector Shape - Group","ind":1,"ks":{"k":{"i":[[0,1.902],[1.866,0],[0,-1.87],[-1.89,0]],"o":[[-1.92,0],[0,1.915],[1.908,0],[0,-1.895]],"v":[[-0.02,14.368],[-5.686,14.368],[-5.686,20.033],[-0.02,20.033]],"c":true},"a":0}},{"ty":"sh","nm":"Path 3","mn":"ADBE Vector Shape - Group","ind":2,"ks":{"k":{"i":[[3.796,0],[0,1.903],[1.874,0],[0,-1.897],[-1.888,0],[0,-1.9],[-3.781,0],[0,1.894]],"o":[[0,-1.9],[-1.933,0],[0,1.912],[1.923,0],[0,1.9],[3.84,0],[0,-1.912],[-3.831,0]],"v":[[11.449,14.341],[11.449,8.639],[5.764,8.639],[5.764,14.327],[11.463,14.327],[11.463,20.027],[22.872,20.027],[22.872,14.341]],"c":true},"a":0}},{"ty":"sh","nm":"Path 4","mn":"ADBE Vector Shape - Group","ind":3,"ks":{"k":{"i":[[0,0],[0,3.822],[0,0],[-1.899,0],[0,1.913],[1.888,0],[0,0],[0.005,1.913],[-3.861,0],[0,1.881],[-1.922,0],[0,-1.885],[-1.917,0],[0,3.797],[0,0],[-0.242,0],[-5.488,0.003],[0,-1.903],[-1.874,0],[0,1.897],[1.888,0],[0,1.954],[3.825,0],[0,3.787],[5.752,0],[0,-1.916],[3.788,0],[0,-3.843],[-1.873,0],[0,-1.923],[1.905,0],[0,-1.89],[1.942,0],[0,1.932],[5.721,0],[0,1.921],[-5.744,0],[0,15.295],[-1.901,0],[0,0],[-0.003,-5.514],[0,-0.226],[-1.933,0],[0,3.813],[-1.921,0],[0,-3.862],[-1.901,0],[0,0],[0,-1.941],[-9.552,0],[0,-1.923],[-1.939,0],[0,-1.901],[0,0],[1.899,0],[0,-1.913],[-1.888,0],[0,0],[0,-3.872],[-1.901,0],[0,0],[0,-3.847],[1.912,0],[0,-3.858],[-1.9,0],[0,0],[0,-1.942],[-3.816,0],[0,-1.922],[5.751,0],[0,-3.817],[1.923,0],[0,1.955],[3.81,0],[0,0],[0,1.943],[1.907,0],[0,1.923],[-3.821,0],[0,1.907],[9.557,0],[0,-1.938],[3.81,0]],"o":[[0,-3.822],[0,0],[1.9,0],[0,-1.948],[-1.922,0],[0,0],[-0.005,-1.913],[3.809,0],[0,-1.936],[1.922,0],[0,1.904],[1.933,0],[0,-3.831],[0,0],[0.242,-0.003],[5.488,-0.003],[0,1.9],[1.933,0],[0,-1.912],[-1.923,0],[0,-1.901],[-3.847,0],[0,-3.831],[-5.734,0],[0,1.913],[-3.832,0],[0,3.826],[1.913,0],[0,1.923],[-1.908,0],[0,1.943],[-1.889,0],[0,-1.919],[-5.75,0],[0,-1.92],[5.699,0],[0,-15.29],[1.947,0],[0,0],[0.003,5.513],[0,0.192],[1.907,0],[0,-3.792],[1.921,0],[0,3.786],[1.952,0],[0,0],[0,1.89],[9.556,0],[0,1.921],[1.917,0],[0,1.954],[0,0],[-1.9,0],[0,1.948],[1.922,0],[0,0],[0,3.798],[1.937,0],[0,0],[0,3.796],[-1.894,0],[0,3.838],[1.9,0],[0,0],[0,1.89],[3.83,0],[0,1.922],[-5.692,0],[0,3.842],[-1.922,0],[0,-1.872],[-3.863,0],[0,0],[0,-1.89],[-1.921,0],[0,-1.923],[3.785,0],[0,-1.934],[-9.516,0],[0,1.873],[-3.863,0],[0,0]],"v":[[-22.897,31.518],[-22.898,20.053],[-22.912,20.066],[-17.213,20.066],[-17.213,14.326],[-22.912,14.326],[-22.898,14.339],[-22.913,8.601],[-11.434,8.601],[-11.434,2.902],[-5.721,2.902],[-5.721,8.572],[0.01,8.572],[0.01,-2.853],[-0.004,-2.839],[0.722,-2.847],[17.187,-2.855],[17.187,2.847],[22.872,2.847],[22.872,-2.842],[17.173,-2.842],[17.173,-8.598],[5.71,-8.598],[5.71,-19.995],[-11.475,-19.995],[-11.475,-14.283],[-22.873,-14.283],[-22.873,-2.825],[-17.205,-2.825],[-17.205,2.891],[-22.9,2.891],[-22.9,8.615],[-28.621,8.615],[-28.621,2.882],[-45.789,2.882],[-45.789,-2.828],[-28.649,-2.828],[-28.649,-48.652],[-22.9,-48.652],[-22.913,-48.666],[-22.905,-32.126],[-22.905,-31.515],[-17.185,-31.515],[-17.185,-42.91],[-11.473,-42.91],[-11.473,-31.472],[-5.72,-31.472],[-5.733,-31.486],[-5.733,-25.765],[22.89,-25.765],[22.89,-20.051],[28.627,-20.051],[28.627,-14.294],[28.642,-14.307],[22.942,-14.307],[22.942,-8.567],[28.642,-8.567],[28.627,-8.58],[28.627,2.888],[34.367,2.888],[34.354,2.874],[34.354,14.312],[28.667,14.312],[28.667,25.795],[34.367,25.795],[34.354,25.781],[34.354,31.503],[45.789,31.503],[45.789,37.217],[28.647,37.217],[28.647,48.666],[22.931,48.666],[22.931,42.958],[11.449,42.958],[11.463,42.971],[11.463,37.249],[5.753,37.249],[5.753,31.534],[17.15,31.534],[17.15,25.812],[-11.428,25.812],[-11.428,31.505],[-22.911,31.505]],"c":true},"a":0}},{"ty":"fl","nm":"Fill 1","bm":0,"mn":"ADBE Vector Graphic - Fill","c":{"a":0,"k":[0.16862745098,0.16862745098,0.16862745098,1]},"o":{"a":0,"k":100},"r":1},{"ty":"tr","o":{"a":0,"k":100},"r":{"a":0,"k":0},"p":{"a":0,"k":[1251.693,1007.74]},"a":{"a":0,"k":[0,0]},"s":{"a":0,"k":[100,100]},"nm":"Transform","sk":{"a":0,"k":0},"sa":{"a":0,"k":0}}]},{"ty":"gr","nm":"Group 24","bm":0,"mn":"ADBE Vector Group","it":[{"ty":"gr","nm":"Group 1","bm":0,"mn":"ADBE Vector Group","it":[{"ty":"sh","nm":"Path 1","mn":"ADBE Vector Shape - Group","ind":0,"ks":{"k":{"i":[[0,5.381],[5.401,0],[0,0],[0,0],[0,0]],"o":[[0,-5.412],[0,0],[0,0],[0,0],[5.401,0]],"v":[[6.495,-0.03],[-2.507,-9.035],[-6.703,-9.035],[-6.703,9.035],[-2.507,9.035]],"c":true},"a":0}},{"ty":"sh","nm":"Path 2","mn":"ADBE Vector Shape - Group","ind":1,"ks":{"k":{"i":[[0,-10.659],[11.014,0],[0,0],[0,0],[0,0]],"o":[[0,10.644],[0,0],[0,0],[0,0],[11.044,0]],"v":[[16.796,-0.03],[-2.034,18.238],[-16.796,18.238],[-16.796,-18.238],[-2.034,-18.238]],"c":true},"a":0}},{"ty":"fl","nm":"Fill 1","bm":0,"mn":"ADBE Vector Graphic - Fill","c":{"a":0,"k":[0.16862745098,0.16862745098,0.16862745098,1]},"o":{"a":0,"k":100},"r":1},{"ty":"tr","o":{"a":0,"k":100},"r":{"a":0,"k":0},"p":{"a":0,"k":[1191.53,816.6]},"a":{"a":0,"k":[0,0]},"s":{"a":0,"k":[100,100]},"nm":"Transform","sk":{"a":0,"k":0},"sa":{"a":0,"k":0}}]},{"ty":"gr","nm":"Group 2","bm":0,"mn":"ADBE Vector Group","it":[{"ty":"sh","nm":"Path 1","mn":"ADBE Vector Shape - Group","ind":0,"ks":{"k":{"i":[[0,0],[0,0],[0,2.28],[2.809,0],[0,0]],"o":[[0,0],[2.809,0],[0,-2.28],[0,0],[0,0]],"v":[[-5.364,-1.387],[-0.774,-1.387],[3.652,-5.36],[-0.774,-9.308],[-5.364,-9.308]],"c":true},"a":0}},{"ty":"sh","nm":"Path 2","mn":"ADBE Vector Shape - Group","ind":1,"ks":{"k":{"i":[[0,0],[0,0],[0,0],[0,0],[0,0],[0,0],[0,-7.625],[3.604,-2.158],[0,0],[0,0]],"o":[[0,0],[0,0],[0,0],[0,0],[0,0],[7.864,0],[0,4.476],[0,0],[0,0],[0,0]],"v":[[-1.721,7.077],[-5.364,7.077],[-5.364,18.238],[-15.413,18.238],[-15.413,-18.238],[0.396,-18.238],[13.96,-5.329],[8.17,4.972],[15.413,18.238],[4.197,18.238]],"c":true},"a":0}},{"ty":"fl","nm":"Fill 1","bm":0,"mn":"ADBE Vector Graphic - Fill","c":{"a":0,"k":[0.16862745098,0.16862745098,0.16862745098,1]},"o":{"a":0,"k":100},"r":1},{"ty":"tr","o":{"a":0,"k":100},"r":{"a":0,"k":0},"p":{"a":0,"k":[1154.924,816.6]},"a":{"a":0,"k":[0,0]},"s":{"a":0,"k":[100,100]},"nm":"Transform","sk":{"a":0,"k":0},"sa":{"a":0,"k":0}}]},{"ty":"gr","nm":"Group 3","bm":0,"mn":"ADBE Vector Group","it":[{"ty":"sh","nm":"Path 1","mn":"ADBE Vector Shape - Group","ind":0,"ks":{"k":{"i":[[0,0],[0,0],[0,0]],"o":[[0,0],[0,0],[0,0]],"v":[[-0.164,-6.853],[-4.161,4.45],[3.869,4.45]],"c":true},"a":0}},{"ty":"sh","nm":"Path 2","mn":"ADBE Vector Shape - Group","ind":1,"ks":{"k":{"i":[[0,0],[0,0],[0,0],[0,0],[0,0],[0,0],[0,0],[0,0]],"o":[[0,0],[0,0],[0,0],[0,0],[0,0],[0,0],[0,0],[0,0]],"v":[[6.321,12.314],[-6.608,12.314],[-8.628,18.238],[-19.397,18.238],[-5.069,-18.238],[4.754,-18.238],[19.397,18.238],[8.331,18.238]],"c":true},"a":0}},{"ty":"fl","nm":"Fill 1","bm":0,"mn":"ADBE Vector Graphic - Fill","c":{"a":0,"k":[0.16862745098,0.16862745098,0.16862745098,1]},"o":{"a":0,"k":100},"r":1},{"ty":"tr","o":{"a":0,"k":100},"r":{"a":0,"k":0},"p":{"a":0,"k":[1116.606,816.6]},"a":{"a":0,"k":[0,0]},"s":{"a":0,"k":[100,100]},"nm":"Transform","sk":{"a":0,"k":0},"sa":{"a":0,"k":0}}]},{"ty":"gr","nm":"Group 4","bm":0,"mn":"ADBE Vector Group","it":[{"ty":"sh","nm":"Path 1","mn":"ADBE Vector Shape - Group","ind":0,"ks":{"k":{"i":[[0,0],[0,10.911],[-11.102,0],[-1.482,-9.249],[0,0],[3.839,0],[0,-5.648],[-5.165,0],[-1.022,4.053],[0,0],[9.716,0]],"o":[[-11.102,0],[0,-10.971],[9.56,0],[0,0],[-1.252,-3.741],[-5.165,0],[0,5.626],[4.047,0],[0,0],[-1.387,9.591],[0,0]],"v":[[0.421,19.16],[-18.972,0.03],[0.421,-19.16],[18.868,-3.602],[8.686,-3.602],[0.443,-9.771],[-8.51,0.03],[0.443,9.749],[8.694,3.058],[18.972,3.058],[0.421,19.16]],"c":true},"a":0}},{"ty":"fl","nm":"Fill 1","bm":0,"mn":"ADBE Vector Graphic - Fill","c":{"a":0,"k":[0.16862745098,0.16862745098,0.16862745098,1]},"o":{"a":0,"k":100},"r":1},{"ty":"tr","o":{"a":0,"k":100},"r":{"a":0,"k":0},"p":{"a":0,"k":[1076.968,816.6]},"a":{"a":0,"k":[0,0]},"s":{"a":0,"k":[100,100]},"nm":"Transform","sk":{"a":0,"k":0},"sa":{"a":0,"k":0}}]},{"ty":"gr","nm":"Group 5","bm":0,"mn":"ADBE Vector Group","it":[{"ty":"sh","nm":"Path 1","mn":"ADBE Vector Shape - Group","ind":0,"ks":{"k":{"i":[[0,5.381],[5.401,0],[0,0],[0,0],[0,0]],"o":[[0,-5.412],[0,0],[0,0],[0,0],[5.401,0]],"v":[[6.495,-0.03],[-2.507,-9.035],[-6.703,-9.035],[-6.703,9.035],[-2.507,9.035]],"c":true},"a":0}},{"ty":"sh","nm":"Path 2","mn":"ADBE Vector Shape - Group","ind":1,"ks":{"k":{"i":[[0,-10.659],[11.014,0],[0,0],[0,0],[0,0]],"o":[[0,10.644],[0,0],[0,0],[0,0],[11.044,0]],"v":[[16.796,-0.03],[-2.034,18.238],[-16.796,18.238],[-16.796,-18.238],[-2.034,-18.238]],"c":true},"a":0}},{"ty":"fl","nm":"Fill 1","bm":0,"mn":"ADBE Vector Graphic - Fill","c":{"a":0,"k":[0.16862745098,0.16862745098,0.16862745098,1]},"o":{"a":0,"k":100},"r":1},{"ty":"tr","o":{"a":0,"k":100},"r":{"a":0,"k":0},"p":{"a":0,"k":[1026.567,816.6]},"a":{"a":0,"k":[0,0]},"s":{"a":0,"k":[100,100]},"nm":"Transform","sk":{"a":0,"k":0},"sa":{"a":0,"k":0}}]},{"ty":"gr","nm":"Group 6","bm":0,"mn":"ADBE Vector Group","it":[{"ty":"sh","nm":"Path 1","mn":"ADBE Vector Shape - Group","ind":0,"ks":{"k":{"i":[[0,0],[0,0],[0,0],[0,0]],"o":[[0,0],[0,0],[0,0],[0,0]],"v":[[-5.091,-18.238],[5.091,-18.238],[5.091,18.238],[-5.091,18.238]],"c":true},"a":0}},{"ty":"fl","nm":"Fill 1","bm":0,"mn":"ADBE Vector Graphic - Fill","c":{"a":0,"k":[0.16862745098,0.16862745098,0.16862745098,1]},"o":{"a":0,"k":100},"r":1},{"ty":"tr","o":{"a":0,"k":100},"r":{"a":0,"k":0},"p":{"a":0,"k":[997.616,816.6]},"a":{"a":0,"k":[0,0]},"s":{"a":0,"k":[100,100]},"nm":"Transform","sk":{"a":0,"k":0},"sa":{"a":0,"k":0}}]},{"ty":"tr","o":{"a":0,"k":100},"r":{"a":0,"k":0},"p":{"a":0,"k":[997.616,816.6]},"a":{"a":0,"k":[997.616,816.6]},"s":{"a":0,"k":[100,100]},"nm":"Transform","sk":{"a":0,"k":0},"sa":{"a":0,"k":0}}]},{"ty":"gr","nm":"Group 25","bm":0,"mn":"ADBE Vector Group","it":[{"ty":"gr","nm":"Group 1","bm":0,"mn":"ADBE Vector Group","it":[{"ty":"sh","nm":"Path 1","mn":"ADBE Vector Shape - Group","ind":0,"ks":{"k":{"i":[[2.057,2.461],[0,0],[4.464,0],[0,0],[0,0],[0,-7.827],[0,0],[0,0],[0,0],[0,0],[0,0],[-3.206,-2.616],[-3.472,0],[0,0],[0,7.827],[0,0],[0,0],[0,0],[0,0]],"o":[[0,0],[-2.65,-3.171],[0,0],[0,0],[-7.93,0],[0,0],[0,0],[0,0],[0,0],[0,0],[0,4.4],[2.494,2.035],[0,0],[7.928,0],[0,0],[0,0],[0,0],[0,0],[0,-3.421]],"v":[[360.701,-222.286],[360.701,-222.286],[349.582,-227.486],[-13.843,-227.486],[-349.58,-227.486],[-363.997,-213.255],[-363.997,-165.573],[-363.997,-147.155],[-363.997,-139.128],[-363.997,-130.068],[-363.997,213.255],[-358.739,224.223],[-349.58,227.486],[349.582,227.486],[363.997,213.255],[363.997,-130.068],[363.997,-139.128],[363.997,-147.155],[363.997,-213.255]],"c":true},"a":0}},{"ty":"st","nm":"Fill","bm":0,"mn":"ADBE Vector Graphic - Stroke","lc":1,"lj":1,"ml":10,"o":{"a":0,"k":100},"w":{"a":0,"k":3.477},"c":{"a":0,"k":[0.168627455831,0.168627455831,0.168627455831,1]}},{"ty":"tr","o":{"a":0,"k":100},"r":{"a":0,"k":0},"p":{"a":0,"k":[1000,911.434]},"a":{"a":0,"k":[0,0]},"s":{"a":0,"k":[100,100]},"nm":"Transform","sk":{"a":0,"k":0},"sa":{"a":0,"k":0}}]},{"ty":"gr","nm":"Group 2","bm":0,"mn":"ADBE Vector Group","it":[{"ty":"sh","nm":"Path 1","mn":"ADBE Vector Shape - Group","ind":0,"ks":{"k":{"i":[[0,0],[-30.598,8.063],[-13.831,0.642],[0.179,-0.048],[-9.461,-30.417],[57.649,0]],"o":[[8.842,-30.678],[-0.058,-0.195],[19.322,-0.897],[31.356,6.487],[0,0],[-57.606,0]],"v":[[-90.889,14.7],[-26.943,-48.9],[0.087,-42.16],[26.229,-48.857],[90.889,14.644],[-0.008,52.577]],"c":true},"a":0}},{"ty":"fl","nm":"hvLottiePrimaryColor","bm":0,"mn":"ADBE Vector Graphic - Fill","c":{"a":0,"k":[0.411764711142,0.490196079016,0.976470589638,1]},"o":{"a":0,"k":10},"r":1},{"ty":"tr","o":{"a":0,"k":100},"r":{"a":0,"k":0},"p":{"a":0,"k":[811.388,993.165]},"a":{"a":0,"k":[0,0]},"s":{"a":0,"k":[100,100]},"nm":"Transform","sk":{"a":0,"k":0},"sa":{"a":0,"k":0}}]},{"ty":"gr","nm":"Group 3","bm":0,"mn":"ADBE Vector Group","it":[{"ty":"sh","nm":"Path 1","mn":"ADBE Vector Shape - Group","ind":0,"ks":{"k":{"i":[[0,0],[31.742,0],[0,31.742],[-31.742,0],[0,-31.742]],"o":[[0,31.742],[-31.742,0],[0,-31.742],[31.742,0],[0,0]],"v":[[57.475,0],[0,57.475],[-57.475,0],[0,-57.475],[57.475,0]],"c":false},"a":0}},{"ty":"fl","nm":"hvLottiePrimaryColor","bm":0,"mn":"ADBE Vector Graphic - Fill","c":{"a":0,"k":[0.411764711142,0.490196079016,0.976470589638,1]},"o":{"a":0,"k":10},"r":1},{"ty":"tr","o":{"a":0,"k":100},"r":{"a":0,"k":0},"p":{"a":0,"k":[811.38,893.502]},"a":{"a":0,"k":[0,0]},"s":{"a":0,"k":[100,100]},"nm":"Transform","sk":{"a":0,"k":0},"sa":{"a":0,"k":0}}]},{"ty":"gr","nm":"Group 4","bm":0,"mn":"ADBE Vector Group","it":[{"ty":"sh","nm":"Path 1","mn":"ADBE Vector Shape - Group","ind":0,"ks":{"k":{"i":[[0,0],[0,0]],"o":[[0,0],[0,0]],"v":[[-64.489,0],[64.489,0]],"c":false},"a":0}},{"ty":"st","nm":"Stroke 1","bm":0,"mn":"ADBE Vector Graphic - Stroke","lc":2,"lj":1,"ml":10,"o":{"a":0,"k":100},"w":{"a":0,"k":11.289},"c":{"a":0,"k":[1,1,1,1]}},{"ty":"tr","o":{"a":0,"k":100},"r":{"a":0,"k":0},"p":{"a":0,"k":[1064.489,999.665]},"a":{"a":0,"k":[0,0]},"s":{"a":0,"k":[100,100]},"nm":"Transform","sk":{"a":0,"k":0},"sa":{"a":0,"k":0}}]},{"ty":"gr","nm":"Group 5","bm":0,"mn":"ADBE Vector Group","it":[{"ty":"sh","nm":"Path 1","mn":"ADBE Vector Shape - Group","ind":0,"ks":{"k":{"i":[[0,0],[0,0]],"o":[[0,0],[0,0]],"v":[[-64.489,0],[64.489,0]],"c":false},"a":0}},{"ty":"st","nm":"Stroke 1","bm":0,"mn":"ADBE Vector Graphic - Stroke","lc":2,"lj":1,"ml":10,"o":{"a":0,"k":100},"w":{"a":0,"k":11.289},"c":{"a":0,"k":[1,1,1,1]}},{"ty":"tr","o":{"a":0,"k":100},"r":{"a":0,"k":0},"p":{"a":0,"k":[1064.489,944.628]},"a":{"a":0,"k":[0,0]},"s":{"a":0,"k":[100,100]},"nm":"Transform","sk":{"a":0,"k":0},"sa":{"a":0,"k":0}}]},{"ty":"gr","nm":"Group 6","bm":0,"mn":"ADBE Vector Group","it":[{"ty":"sh","nm":"Path 1","mn":"ADBE Vector Shape - Group","ind":0,"ks":{"k":{"i":[[0,0],[0,0]],"o":[[0,0],[0,0]],"v":[[-146.905,0],[146.905,0]],"c":false},"a":0}},{"ty":"st","nm":"Stroke 1","bm":0,"mn":"ADBE Vector Graphic - Stroke","lc":2,"lj":1,"ml":10,"o":{"a":0,"k":100},"w":{"a":0,"k":11.289},"c":{"a":0,"k":[1,1,1,1]}},{"ty":"tr","o":{"a":0,"k":100},"r":{"a":0,"k":0},"p":{"a":0,"k":[1146.905,882.455]},"a":{"a":0,"k":[0,0]},"s":{"a":0,"k":[100,100]},"nm":"Transform","sk":{"a":0,"k":0},"sa":{"a":0,"k":0}}]},{"ty":"gr","nm":"Group 7","bm":0,"mn":"ADBE Vector Group","it":[{"ty":"sh","nm":"Path 1","mn":"ADBE Vector Shape - Group","ind":0,"ks":{"k":{"i":[[0,0],[70.687,0],[0,70.689],[-70.689,0],[0,-70.689]],"o":[[0,70.689],[-70.689,0],[0,-70.689],[70.687,0],[0,0]],"v":[[127.993,0],[0.001,127.992],[-127.993,0],[0.001,-127.992],[127.993,0]],"c":false},"a":0}},{"ty":"fl","nm":"Fill 1","bm":0,"mn":"ADBE Vector Graphic - Fill","c":{"a":0,"k":[1,1,1,1]},"o":{"a":0,"k":100},"r":1},{"ty":"tr","o":{"a":0,"k":100},"r":{"a":0,"k":0},"p":{"a":0,"k":[811.38,917.75]},"a":{"a":0,"k":[0,0]},"s":{"a":0,"k":[100,100]},"nm":"Transform","sk":{"a":0,"k":0},"sa":{"a":0,"k":0}}]},{"ty":"gr","nm":"Group 8","bm":0,"mn":"ADBE Vector Group","it":[{"ty":"sh","nm":"Path 1","mn":"ADBE Vector Shape - Group","ind":0,"ks":{"k":{"i":[[0,0],[0,0],[4.464,0],[0,0],[0,0],[0,-7.827],[0,0],[0,0],[0,0],[0,0],[0,0],[-3.206,-2.616],[-3.472,0],[0,0],[0,7.827],[0,0],[0,0],[0,0],[0,0],[2.057,2.461]],"o":[[0,0],[-2.65,-3.171],[0,0],[0,0],[-7.93,0],[0,0],[0,0],[0,0],[0,0],[0,0],[0,4.4],[2.494,2.035],[0,0],[7.928,0],[0,0],[0,0],[0,0],[0,0],[0,-3.421],[0,0]],"v":[[360.701,-222.286],[360.701,-222.286],[349.582,-227.486],[-13.843,-227.486],[-349.58,-227.486],[-363.997,-213.255],[-363.997,-165.573],[-363.997,-147.155],[-363.997,-139.128],[-363.997,-130.068],[-363.997,213.255],[-358.739,224.223],[-349.58,227.486],[349.582,227.486],[363.997,213.255],[363.997,-130.068],[363.997,-139.128],[363.997,-147.155],[363.997,-213.255],[360.701,-222.286]],"c":false},"a":0}},{"ty":"fl","nm":"hvLottiePrimaryColor","bm":0,"mn":"ADBE Vector Graphic - Fill","c":{"a":0,"k":[0.411764711142,0.490196079016,0.976470589638,1]},"o":{"a":0,"k":30},"r":1},{"ty":"fl","nm":"Fill","bm":0,"mn":"ADBE Vector Graphic - Fill","c":{"a":0,"k":[1,1,1,1]},"o":{"a":0,"k":100},"r":1},{"ty":"tr","o":{"a":0,"k":100},"r":{"a":0,"k":0},"p":{"a":0,"k":[1000.157,909.918]},"a":{"a":0,"k":[0,0]},"s":{"a":0,"k":[100,100]},"nm":"Transform","sk":{"a":0,"k":0},"sa":{"a":0,"k":0}}]},{"ty":"tr","o":{"a":0,"k":100},"r":{"a":0,"k":0},"p":{"a":0,"k":[997.316,909.918]},"a":{"a":0,"k":[997.316,909.918]},"s":{"a":0,"k":[100,100]},"nm":"Transform","sk":{"a":0,"k":0},"sa":{"a":0,"k":0}}]}],"ip":0,"op":150,"st":0}],"markers":[]}