{"v": "4.8.0", "meta": {"g": "LottieFiles AE 1.1.0", "a": "", "k": "", "d": "", "tc": ""}, "fr": 30, "ip": 0, "op": 61, "w": 2000, "h": 2000, "nm": "Selfie Processing", "ddd": 0, "assets": [{"id": "comp_0", "layers": [{"ddd": 0, "ind": 1, "ty": 4, "nm": "Layer 10 Outlines", "sr": 1, "ks": {"o": {"a": 0, "k": 100, "ix": 11}, "r": {"a": 0, "k": 0, "ix": 10}, "p": {"a": 0, "k": [626.621, 460.652, 0], "ix": 2}, "a": {"a": 0, "k": [48.226, 14.958, 0], "ix": 1}, "s": {"a": 0, "k": [100, 100, 100], "ix": 6}}, "ao": 0, "shapes": [{"ind": 0, "ty": "sh", "ix": 1, "ks": {"a": 0, "k": {"i": [[-0.089, -3.586], [0, 0], [0, 0], [0, 0], [9.201, 0.767], [0, 0]], "o": [[0.219, 8.844], [0, 0], [0, 0], [-8.258, -4.129], [0, 0], [-3.567, -0.375]], "v": [[0.583, 6.67], [0.25, 29.665], [96.202, 29.665], [63.631, 11.2], [37.203, 3.789], [7.13, 0.625]], "c": true}, "ix": 2}, "nm": "Path 1", "mn": "ADBE Vector Shape - Group", "hd": false}, {"ty": "fl", "c": {"a": 0, "k": [0, 0.019607843137, 0.282352941176, 1], "ix": 4}, "o": {"a": 0, "k": 100, "ix": 5}, "r": 1, "bm": 0, "nm": "Fill 1", "mn": "ADBE Vector Graphic - Fill", "hd": false}], "ip": 0, "op": 241, "st": 0, "bm": 0}, {"ddd": 0, "ind": 2, "ty": 4, "nm": "Layer 9 Outlines", "sr": 1, "ks": {"o": {"a": 0, "k": 100, "ix": 11}, "r": {"a": 0, "k": 0, "ix": 10}, "p": {"a": 0, "k": [449.824, 460.652, 0], "ix": 2}, "a": {"a": 0, "k": [48.226, 14.958, 0], "ix": 1}, "s": {"a": 0, "k": [100, 100, 100], "ix": 6}}, "ao": 0, "shapes": [{"ind": 0, "ty": "sh", "ix": 1, "ks": {"a": 0, "k": {"i": [[0.089, -3.586], [0, 0], [0, 0], [0, 0], [-9.201, 0.767], [0, 0]], "o": [[-0.219, 8.844], [0, 0], [0, 0], [8.258, -4.129], [0, 0], [3.567, -0.375]], "v": [[95.869, 6.67], [96.202, 29.665], [0.25, 29.665], [32.821, 11.2], [59.249, 3.789], [89.322, 0.625]], "c": true}, "ix": 2}, "nm": "Path 1", "mn": "ADBE Vector Shape - Group", "hd": false}, {"ty": "fl", "c": {"a": 0, "k": [0, 0.019607843137, 0.282352941176, 1], "ix": 4}, "o": {"a": 0, "k": 100, "ix": 5}, "r": 1, "bm": 0, "nm": "Fill 1", "mn": "ADBE Vector Graphic - Fill", "hd": false}], "ip": 0, "op": 241, "st": 0, "bm": 0}, {"ddd": 0, "ind": 3, "ty": 4, "nm": "Layer 8 Outlines", "sr": 1, "ks": {"o": {"a": 0, "k": 100, "ix": 11}, "r": {"a": 0, "k": 0, "ix": 10}, "p": {"a": 0, "k": [459.799, 547.256, 0], "ix": 2}, "a": {"a": 0, "k": [16.904, 16.904, 0], "ix": 1}, "s": {"a": 0, "k": [100, 100, 100], "ix": 6}}, "ao": 0, "shapes": [{"ind": 0, "ty": "sh", "ix": 1, "ks": {"a": 0, "k": {"i": [[0, -9.198], [9.198, 0], [0, 9.198], [-9.197, 0]], "o": [[0, 9.198], [-9.197, 0], [0, -9.198], [9.198, 0]], "v": [[33.558, 16.904], [16.904, 33.558], [0.25, 16.904], [16.904, 0.25]], "c": true}, "ix": 2}, "nm": "Path 1", "mn": "ADBE Vector Shape - Group", "hd": false}, {"ty": "fl", "c": {"a": 0, "k": [0, 0.019607843137, 0.282352941176, 1], "ix": 4}, "o": {"a": 0, "k": 100, "ix": 5}, "r": 1, "bm": 0, "nm": "Fill 1", "mn": "ADBE Vector Graphic - Fill", "hd": false}], "ip": 0, "op": 241, "st": 0, "bm": 0}, {"ddd": 0, "ind": 4, "ty": 4, "nm": "Layer 7 Outlines", "sr": 1, "ks": {"o": {"a": 0, "k": 100, "ix": 11}, "r": {"a": 0, "k": 0, "ix": 10}, "p": {"a": 0, "k": [614.994, 547.256, 0], "ix": 2}, "a": {"a": 0, "k": [16.904, 16.904, 0], "ix": 1}, "s": {"a": 0, "k": [100, 100, 100], "ix": 6}}, "ao": 0, "shapes": [{"ind": 0, "ty": "sh", "ix": 1, "ks": {"a": 0, "k": {"i": [[0, -9.198], [9.198, 0], [0, 9.198], [-9.197, 0]], "o": [[0, 9.198], [-9.197, 0], [0, -9.198], [9.198, 0]], "v": [[33.557, 16.904], [16.903, 33.558], [0.25, 16.904], [16.903, 0.25]], "c": true}, "ix": 2}, "nm": "Path 1", "mn": "ADBE Vector Shape - Group", "hd": false}, {"ty": "fl", "c": {"a": 0, "k": [0, 0.019607843137, 0.282352941176, 1], "ix": 4}, "o": {"a": 0, "k": 100, "ix": 5}, "r": 1, "bm": 0, "nm": "Fill 1", "mn": "ADBE Vector Graphic - Fill", "hd": false}], "ip": 0, "op": 241, "st": 0, "bm": 0}, {"ddd": 0, "ind": 5, "ty": 4, "nm": "Layer 6 Outlines", "sr": 1, "ks": {"o": {"a": 0, "k": 100, "ix": 11}, "r": {"a": 0, "k": 0, "ix": 10}, "p": {"a": 0, "k": [543.51, 613.282, 0], "ix": 2}, "a": {"a": 0, "k": [42.591, 68.398, 0], "ix": 1}, "s": {"a": 0, "k": [100, 100, 100], "ix": 6}}, "ao": 0, "shapes": [{"ind": 0, "ty": "sh", "ix": 1, "ks": {"a": 0, "k": {"i": [[0, 0], [0, 0], [-0.793, -1.983], [-8.101, 2.155], [0, 0]], "o": [[0, 0], [0, 2.256], [3.111, 7.783], [0, 0], [0, 0]], "v": [[23.182, 23.182], [23.182, 95.702], [24.41, 102.102], [44.581, 111.459], [61.999, 106.826]], "c": false}, "ix": 2}, "nm": "Path 1", "mn": "ADBE Vector Shape - Group", "hd": false}, {"ty": "st", "c": {"a": 0, "k": [0, 0.019607843137, 0.282352941176, 1], "ix": 3}, "o": {"a": 0, "k": 100, "ix": 4}, "w": {"a": 0, "k": 9.273, "ix": 5}, "lc": 2, "lj": 2, "bm": 0, "nm": "Stroke 1", "mn": "ADBE Vector Graphic - Stroke", "hd": false}], "ip": 0, "op": 241, "st": 0, "bm": 0}, {"ddd": 0, "ind": 6, "ty": 4, "nm": "Layer 5 Outlines", "sr": 1, "ks": {"o": {"a": 0, "k": 100, "ix": 11}, "r": {"a": 0, "k": 0, "ix": 10}, "p": {"a": 0, "k": [540, 701.965, 0], "ix": 2}, "a": {"a": 0, "k": [83.87, 33.126, 0], "ix": 1}, "s": {"a": 0, "k": [100, 100, 100], "ix": 6}}, "ao": 0, "shapes": [{"ind": 0, "ty": "sh", "ix": 1, "ks": {"a": 0, "k": {"i": [[0, 0], [-34.519, 0], [0, 0]], "o": [[0, 0], [34.52, 0], [0, 0]], "v": [[23.182, 23.182], [86.185, 43.069], [144.558, 23.182]], "c": false}, "ix": 2}, "nm": "Path 1", "mn": "ADBE Vector Shape - Group", "hd": false}, {"ty": "st", "c": {"a": 0, "k": [0, 0.019607843137, 0.282352941176, 1], "ix": 3}, "o": {"a": 0, "k": 100, "ix": 4}, "w": {"a": 0, "k": 9.273, "ix": 5}, "lc": 2, "lj": 2, "bm": 0, "nm": "Stroke 1", "mn": "ADBE Vector Graphic - Stroke", "hd": false}], "ip": 0, "op": 241, "st": 0, "bm": 0}, {"ddd": 0, "ind": 7, "ty": 4, "nm": "Layer 13 Outlines", "sr": 1, "ks": {"o": {"a": 0, "k": 100, "ix": 11}, "r": {"a": 0, "k": 0, "ix": 10}, "p": {"a": 0, "k": [551.211, 391.725, 0], "ix": 2}, "a": {"a": 0, "k": [253.26, 178.944, 0], "ix": 1}, "s": {"a": 0, "k": [100, 100, 100], "ix": 6}}, "ao": 0, "shapes": [{"ind": 0, "ty": "sh", "ix": 1, "ks": {"a": 0, "k": {"i": [[93.693, -1.399], [1.235, -2.262], [0.122, -0.041], [30.084, -63.076], [-11.188, -32.965], [-3.714, -14.296], [0, 0], [-7.138, 11.934], [-51.788, -34.7], [-95.423, 51.162], [0, 0], [-5.056, 26.738], [0, 0]], "o": [[-111.969, 1.672], [-0.123, 0.04], [-4.323, -1.57], [-25.777, 54.044], [3.502, 14.9], [0, 0], [1.97, -13.878], [8.97, -14.683], [56.603, 37.927], [0, 0], [8.913, -27.719], [0, 0], [70.877, -212.453]], "v": [[276.021, 1.649], [122.694, 77.5], [122.316, 77.615], [26.027, 117.945], [41.447, 304.63], [52.481, 348.575], [69.311, 229.927], [83.186, 190.855], [179.653, 160.756], [397.887, 205.253], [413.706, 357.637], [435.392, 275.464], [435.394, 275.469]], "c": true}, "ix": 2}, "nm": "Path 1", "mn": "ADBE Vector Shape - Group", "hd": false}, {"ty": "fl", "c": {"a": 0, "k": [0, 0.019607843137, 0.282352941176, 1], "ix": 4}, "o": {"a": 0, "k": 100, "ix": 5}, "r": 1, "bm": 0, "nm": "Fill 1", "mn": "ADBE Vector Graphic - Fill", "hd": false}], "ip": 0, "op": 241, "st": 0, "bm": 0}, {"ddd": 0, "ind": 8, "ty": 4, "nm": "Layer 12 Outlines", "sr": 1, "ks": {"o": {"a": 0, "k": 100, "ix": 11}, "r": {"a": 0, "k": 0, "ix": 10}, "p": {"a": 0, "k": [535.857, 570.418, 0], "ix": 2}, "a": {"a": 0, "k": [221.663, 285.721, 0], "ix": 1}, "s": {"a": 0, "k": [100, 100, 100], "ix": 6}}, "ao": 0, "shapes": [{"ind": 0, "ty": "sh", "ix": 1, "ks": {"a": 0, "k": {"i": [[0, 0], [200.851, 0], [0, 0], [-201.234, 0]], "o": [[0, 0], [-200.851, 0], [0, 0], [187.296, 0]], "v": [[400.198, 218.394], [221.663, 550.63], [36.93, 218.394], [228.464, 20.812]], "c": true}, "ix": 2}, "nm": "Path 1", "mn": "ADBE Vector Shape - Group", "hd": false}, {"ty": "st", "c": {"a": 0, "k": [0, 0.019607843137, 0.282352941176, 1], "ix": 3}, "o": {"a": 0, "k": 100, "ix": 4}, "w": {"a": 0, "k": 8.325, "ix": 5}, "lc": 2, "lj": 2, "bm": 0, "nm": "Stroke 1", "mn": "ADBE Vector Graphic - Stroke", "hd": false}], "ip": 0, "op": 241, "st": 0, "bm": 0}, {"ddd": 0, "ind": 9, "ty": 4, "nm": "Layer 11 Outlines", "sr": 1, "ks": {"o": {"a": 0, "k": 100, "ix": 11}, "r": {"a": 0, "k": 0, "ix": 10}, "p": {"a": 0, "k": [535.857, 570.418, 0], "ix": 2}, "a": {"a": 0, "k": [201.101, 265.159, 0], "ix": 1}, "s": {"a": 0, "k": [100, 100, 100], "ix": 6}}, "ao": 0, "shapes": [{"ind": 0, "ty": "sh", "ix": 1, "ks": {"a": 0, "k": {"i": [[0, 0], [200.851, 0], [0, 0], [-201.234, 0]], "o": [[0, 0], [-200.851, 0], [0, 0], [187.296, 0]], "v": [[379.635, 197.832], [201.101, 530.067], [16.368, 197.832], [207.902, 0.25]], "c": true}, "ix": 2}, "nm": "Path 1", "mn": "ADBE Vector Shape - Group", "hd": false}, {"ty": "fl", "c": {"a": 0, "k": [1, 1, 1, 1], "ix": 4}, "o": {"a": 0, "k": 100, "ix": 5}, "r": 1, "bm": 0, "nm": "Fill 1", "mn": "ADBE Vector Graphic - Fill", "hd": false}], "ip": 0, "op": 241, "st": 0, "bm": 0}, {"ddd": 0, "ind": 10, "ty": 4, "nm": "Layer 4 Outlines", "sr": 1, "ks": {"o": {"a": 0, "k": 100, "ix": 11}, "r": {"a": 0, "k": 0, "ix": 10}, "p": {"a": 0, "k": [326.88, 609.341, 0], "ix": 2}, "a": {"a": 0, "k": [58.639, 88.684, 0], "ix": 1}, "s": {"a": 0, "k": [100, 100, 100], "ix": 6}}, "ao": 0, "shapes": [{"ind": 0, "ty": "sh", "ix": 1, "ks": {"a": 0, "k": {"i": [[0, 0], [-17.841, -37.018]], "o": [[0, 0], [0, 0]], "v": [[45.564, 64.421], [88.545, 93.051]], "c": false}, "ix": 2}, "nm": "Path 1", "mn": "ADBE Vector Shape - Group", "hd": false}, {"ty": "st", "c": {"a": 0, "k": [0, 0.019607843137, 0.282352941176, 1], "ix": 3}, "o": {"a": 0, "k": 100, "ix": 4}, "w": {"a": 0, "k": 4.521, "ix": 5}, "lc": 2, "lj": 2, "bm": 0, "nm": "Stroke 1", "mn": "ADBE Vector Graphic - Stroke", "hd": false}, {"ind": 2, "ty": "sh", "ix": 3, "ks": {"a": 0, "k": {"i": [[0, 0], [-18.068, -21.988]], "o": [[0, 0], [0, 0]], "v": [[76.34, 74.94], [67.055, 111.559]], "c": false}, "ix": 2}, "nm": "Path 2", "mn": "ADBE Vector Shape - Group", "hd": false}, {"ty": "st", "c": {"a": 0, "k": [0, 0.019607843137, 0.282352941176, 1], "ix": 3}, "o": {"a": 0, "k": 100, "ix": 4}, "w": {"a": 0, "k": 4.521, "ix": 5}, "lc": 2, "lj": 2, "bm": 0, "nm": "Stroke 2", "mn": "ADBE Vector Graphic - Stroke", "hd": false}, {"ind": 4, "ty": "sh", "ix": 5, "ks": {"a": 0, "k": {"i": [[0, 0], [22.309, -13.183], [-15.211, -24.338], [-13.582, 18.69]], "o": [[0, 0], [-22.309, 13.182], [15.211, 24.336], [0, 0]], "v": [[84.232, 47.992], [43.121, 33.996], [43.121, 120.19], [96.466, 137.865]], "c": false}, "ix": 2}, "nm": "Path 3", "mn": "ADBE Vector Shape - Group", "hd": false}, {"ty": "st", "c": {"a": 0, "k": [0, 0.019607843137, 0.282352941176, 1], "ix": 3}, "o": {"a": 0, "k": 100, "ix": 4}, "w": {"a": 0, "k": 8.325, "ix": 5}, "lc": 2, "lj": 2, "bm": 0, "nm": "Stroke 3", "mn": "ADBE Vector Graphic - Stroke", "hd": false}, {"ty": "fl", "c": {"a": 0, "k": [1, 1, 1, 1], "ix": 4}, "o": {"a": 0, "k": 100, "ix": 5}, "r": 1, "bm": 0, "nm": "Fill 1", "mn": "ADBE Vector Graphic - Fill", "hd": false}], "ip": 0, "op": 241, "st": 0, "bm": 0}, {"ddd": 0, "ind": 11, "ty": 4, "nm": "Layer 3 Outlines", "sr": 1, "ks": {"o": {"a": 0, "k": 100, "ix": 11}, "r": {"a": 0, "k": 0, "ix": 10}, "p": {"a": 0, "k": [739.926, 609.341, 0], "ix": 2}, "a": {"a": 0, "k": [58.639, 88.684, 0], "ix": 1}, "s": {"a": 0, "k": [100, 100, 100], "ix": 6}}, "ao": 0, "shapes": [{"ind": 0, "ty": "sh", "ix": 1, "ks": {"a": 0, "k": {"i": [[0, 0], [17.842, -37.018]], "o": [[0, 0], [0, 0]], "v": [[71.715, 64.421], [28.734, 93.051]], "c": false}, "ix": 2}, "nm": "Path 1", "mn": "ADBE Vector Shape - Group", "hd": false}, {"ty": "st", "c": {"a": 0, "k": [0, 0.019607843137, 0.282352941176, 1], "ix": 3}, "o": {"a": 0, "k": 100, "ix": 4}, "w": {"a": 0, "k": 4.521, "ix": 5}, "lc": 2, "lj": 2, "bm": 0, "nm": "Stroke 1", "mn": "ADBE Vector Graphic - Stroke", "hd": false}, {"ind": 2, "ty": "sh", "ix": 3, "ks": {"a": 0, "k": {"i": [[0, 0], [18.068, -21.988]], "o": [[0, 0], [0, 0]], "v": [[40.939, 74.94], [50.224, 111.559]], "c": false}, "ix": 2}, "nm": "Path 2", "mn": "ADBE Vector Shape - Group", "hd": false}, {"ty": "st", "c": {"a": 0, "k": [0, 0.019607843137, 0.282352941176, 1], "ix": 3}, "o": {"a": 0, "k": 100, "ix": 4}, "w": {"a": 0, "k": 4.521, "ix": 5}, "lc": 2, "lj": 2, "bm": 0, "nm": "Stroke 2", "mn": "ADBE Vector Graphic - Stroke", "hd": false}, {"ind": 4, "ty": "sh", "ix": 5, "ks": {"a": 0, "k": {"i": [[0, 0], [-22.309, -13.183], [15.211, -24.338], [13.582, 18.69]], "o": [[0, 0], [22.309, 13.182], [-15.21, 24.336], [0, 0]], "v": [[33.047, 47.992], [74.157, 33.996], [74.157, 120.19], [20.812, 137.865]], "c": false}, "ix": 2}, "nm": "Path 3", "mn": "ADBE Vector Shape - Group", "hd": false}, {"ty": "st", "c": {"a": 0, "k": [0, 0.019607843137, 0.282352941176, 1], "ix": 3}, "o": {"a": 0, "k": 100, "ix": 4}, "w": {"a": 0, "k": 8.325, "ix": 5}, "lc": 2, "lj": 2, "bm": 0, "nm": "Stroke 3", "mn": "ADBE Vector Graphic - Stroke", "hd": false}, {"ty": "fl", "c": {"a": 0, "k": [1, 1, 1, 1], "ix": 4}, "o": {"a": 0, "k": 100, "ix": 5}, "r": 1, "bm": 0, "nm": "Fill 1", "mn": "ADBE Vector Graphic - Fill", "hd": false}], "ip": 0, "op": 241, "st": 0, "bm": 0}, {"ddd": 0, "ind": 12, "ty": 4, "nm": "Layer 1 Outlines 2", "td": 1, "sr": 1, "ks": {"o": {"a": 0, "k": 100, "ix": 11}, "r": {"a": 0, "k": 0, "ix": 10}, "p": {"a": 0, "k": [540, 540, 0], "ix": 2}, "a": {"a": 0, "k": [410.448, 410.448, 0], "ix": 1}, "s": {"a": 0, "k": [100, 100, 100], "ix": 6}}, "ao": 0, "shapes": [{"ty": "gr", "it": [{"ind": 0, "ty": "sh", "ix": 1, "ks": {"a": 0, "k": {"i": [[0, 0]], "o": [[0, 0]], "v": [[-583.967, 701.844]], "c": false}, "ix": 2}, "nm": "Path 1", "mn": "ADBE Vector Shape - Group", "hd": false}, {"ty": "fl", "c": {"a": 0, "k": [1, 1, 1, 1], "ix": 4}, "o": {"a": 0, "k": 100, "ix": 5}, "r": 1, "bm": 0, "nm": "Fill 1", "mn": "ADBE Vector Graphic - Fill", "hd": false}, {"ty": "tr", "p": {"a": 0, "k": [0, 0], "ix": 2}, "a": {"a": 0, "k": [0, 0], "ix": 1}, "s": {"a": 0, "k": [100, 100], "ix": 3}, "r": {"a": 0, "k": 0, "ix": 6}, "o": {"a": 0, "k": 100, "ix": 7}, "sk": {"a": 0, "k": 0, "ix": 4}, "sa": {"a": 0, "k": 0, "ix": 5}, "nm": "Transform"}], "nm": "Shape 1", "np": 3, "cix": 2, "bm": 0, "ix": 1, "mn": "ADBE Vector Group", "hd": false}, {"ind": 1, "ty": "sh", "ix": 2, "ks": {"a": 0, "k": {"i": [[226.546, 0], [0, 226.546], [-226.546, 0], [0, -226.546]], "o": [[-226.546, 0], [0, -226.546], [226.546, 0], [0, 226.546]], "v": [[410.448, 820.645], [0.25, 410.447], [410.448, 0.25], [820.646, 410.447]], "c": true}, "ix": 2}, "nm": "Path 1", "mn": "ADBE Vector Shape - Group", "hd": false}, {"ty": "fl", "c": {"a": 0, "k": [1, 1, 1, 1], "ix": 4}, "o": {"a": 0, "k": 100, "ix": 5}, "r": 1, "bm": 0, "nm": "Fill 1", "mn": "ADBE Vector Graphic - Fill", "hd": false}], "ip": 0, "op": 241, "st": 0, "bm": 0}, {"ddd": 0, "ind": 13, "ty": 4, "nm": "Layer 2 Outlines", "tt": 1, "sr": 1, "ks": {"o": {"a": 0, "k": 100, "ix": 11}, "r": {"a": 0, "k": 0, "ix": 10}, "p": {"a": 0, "k": [535.005, 854.44, 0], "ix": 2}, "a": {"a": 0, "k": [152.082, 99.127, 0], "ix": 1}, "s": {"a": 0, "k": [100, 100, 100], "ix": 6}}, "ao": 0, "shapes": [{"ind": 0, "ty": "sh", "ix": 1, "ks": {"a": 0, "k": {"i": [[0, 0], [0, 0], [5.33, -6.11]], "o": [[0, 0], [0, 0], [0, 0]], "v": [[30.178, 22.608], [30.178, 162.268], [22.607, 172.338]], "c": false}, "ix": 2}, "nm": "Path 1", "mn": "ADBE Vector Shape - Group", "hd": false}, {"ty": "st", "c": {"a": 0, "k": [0.643137254902, 0.709803921569, 0.996078491211, 1], "ix": 3}, "o": {"a": 0, "k": 100, "ix": 4}, "w": {"a": 0, "k": 9.043, "ix": 5}, "lc": 2, "lj": 2, "bm": 0, "nm": "Stroke 1", "mn": "ADBE Vector Graphic - Stroke", "hd": false}, {"ind": 2, "ty": "sh", "ix": 3, "ks": {"a": 0, "k": {"i": [[0, 0], [0, 0], [-3.43, -4.26]], "o": [[0, 0], [1, 4.66], [0, 0]], "v": [[274.768, 22.608], [274.768, 162.268], [281.557, 175.648]], "c": false}, "ix": 2}, "nm": "Path 2", "mn": "ADBE Vector Shape - Group", "hd": false}, {"ty": "st", "c": {"a": 0, "k": [0.643137254902, 0.709803921569, 0.996078491211, 1], "ix": 3}, "o": {"a": 0, "k": 100, "ix": 4}, "w": {"a": 0, "k": 9.043, "ix": 5}, "lc": 2, "lj": 2, "bm": 0, "nm": "Stroke 2", "mn": "ADBE Vector Graphic - Stroke", "hd": false}], "ip": 0, "op": 241, "st": 0, "bm": 0}, {"ddd": 0, "ind": 14, "ty": 4, "nm": "Layer 14 Outlines", "sr": 1, "ks": {"o": {"a": 0, "k": 100, "ix": 11}, "r": {"a": 0, "k": 0, "ix": 10}, "p": {"a": 0, "k": [538.721, 840.824, 0], "ix": 2}, "a": {"a": 0, "k": [123.174, 70.231, 0], "ix": 1}, "s": {"a": 0, "k": [100, 100, 100], "ix": 6}}, "ao": 0, "shapes": [{"ind": 0, "ty": "sh", "ix": 1, "ks": {"a": 0, "k": {"i": [[0, 0], [-58.407, -33.281], [-28.782, 39.422], [0, 42.556], [69.732, -2.89]], "o": [[0, 0], [42.408, 24.167], [14.356, -19.664], [0, 0], [-69.731, 2.891]], "v": [[0.25, 11.098], [94.758, 116.045], [220.803, 91.416], [246.097, 0.25], [129.597, 64.733]], "c": true}, "ix": 2}, "nm": "Path 1", "mn": "ADBE Vector Shape - Group", "hd": false}, {"ty": "fl", "c": {"a": 0, "k": [0.552941176471, 0.639215686275, 0.996078491211, 1], "ix": 4}, "o": {"a": 0, "k": 100, "ix": 5}, "r": 1, "bm": 0, "nm": "Fill 1", "mn": "ADBE Vector Graphic - Fill", "hd": false}], "ip": 0, "op": 241, "st": 0, "bm": 0}, {"ddd": 0, "ind": 15, "ty": 4, "nm": "Layer 1 Outlines", "sr": 1, "ks": {"o": {"a": 0, "k": 100, "ix": 11}, "r": {"a": 0, "k": 0, "ix": 10}, "p": {"a": 0, "k": [540, 540, 0], "ix": 2}, "a": {"a": 0, "k": [410.448, 410.448, 0], "ix": 1}, "s": {"a": 0, "k": [100, 100, 100], "ix": 6}}, "ao": 0, "shapes": [{"ty": "gr", "it": [{"ind": 0, "ty": "sh", "ix": 1, "ks": {"a": 0, "k": {"i": [[0, 0]], "o": [[0, 0]], "v": [[-583.967, 701.844]], "c": false}, "ix": 2}, "nm": "Path 1", "mn": "ADBE Vector Shape - Group", "hd": false}, {"ty": "fl", "c": {"a": 0, "k": [1, 1, 1, 1], "ix": 4}, "o": {"a": 0, "k": 100, "ix": 5}, "r": 1, "bm": 0, "nm": "Fill 1", "mn": "ADBE Vector Graphic - Fill", "hd": false}, {"ty": "tr", "p": {"a": 0, "k": [0, 0], "ix": 2}, "a": {"a": 0, "k": [0, 0], "ix": 1}, "s": {"a": 0, "k": [100, 100], "ix": 3}, "r": {"a": 0, "k": 0, "ix": 6}, "o": {"a": 0, "k": 100, "ix": 7}, "sk": {"a": 0, "k": 0, "ix": 4}, "sa": {"a": 0, "k": 0, "ix": 5}, "nm": "Transform"}], "nm": "Shape 1", "np": 3, "cix": 2, "bm": 0, "ix": 1, "mn": "ADBE Vector Group", "hd": false}, {"ind": 1, "ty": "sh", "ix": 2, "ks": {"a": 0, "k": {"i": [[226.546, 0], [0, 226.546], [-226.546, 0], [0, -226.546]], "o": [[-226.546, 0], [0, -226.546], [226.546, 0], [0, 226.546]], "v": [[410.448, 820.645], [0.25, 410.447], [410.448, 0.25], [820.646, 410.447]], "c": true}, "ix": 2}, "nm": "Path 1", "mn": "ADBE Vector Shape - Group", "hd": false}, {"ty": "fl", "c": {"a": 0, "k": [1, 1, 1, 1], "ix": 4}, "o": {"a": 0, "k": 100, "ix": 5}, "r": 1, "bm": 0, "nm": "Fill 1", "mn": "ADBE Vector Graphic - Fill", "hd": false}], "ip": 0, "op": 241, "st": 0, "bm": 0}]}, {"id": "comp_1", "layers": [{"ddd": 0, "ind": 1, "ty": 4, "nm": "Layer 8 Outlines", "sr": 1, "ks": {"o": {"a": 0, "k": 100, "ix": 11}, "r": {"a": 0, "k": 0, "ix": 10}, "p": {"a": 0, "k": [947.629, 417.373, 0], "ix": 2}, "a": {"a": 0, "k": [87.418, 52.031, 0], "ix": 1}, "s": {"a": 0, "k": [100, 100, 100], "ix": 6}}, "ao": 0, "shapes": [{"ind": 0, "ty": "sh", "ix": 1, "ks": {"a": 0, "k": {"i": [[-4.365, 8.555], [-33.289, -6.994], [-1.456, -33.893], [0.411, 9.567], [37.538, 10.694], [21.692, -31.278], [1.672, -3.276]], "o": [[15.402, -30.186], [33.204, 6.977], [0.411, 9.553], [-1.676, -39.018], [-36.993, -10.54], [-2.098, 3.025], [-4.334, 8.494]], "v": [[17.496, 63.946], [99.999, 23.971], [159.326, 94.193], [174.174, 94.245], [108.529, 10.79], [10.176, 47.105], [4.584, 56.615]], "c": true}, "ix": 2}, "nm": "Path 1", "mn": "ADBE Vector Shape - Group", "hd": false}, {"ty": "fl", "c": {"a": 0, "k": [1, 1, 1, 1], "ix": 4}, "o": {"a": 0, "k": 100, "ix": 5}, "r": 1, "bm": 0, "nm": "Fill 1", "mn": "ADBE Vector Graphic - Fill", "hd": false}], "ip": 0, "op": 9121, "st": 0, "bm": 0}, {"ddd": 0, "ind": 2, "ty": 4, "nm": "Layer 7 Outlines", "sr": 1, "ks": {"o": {"a": 0, "k": 100, "ix": 11}, "r": {"a": 0, "k": 0, "ix": 10}, "p": {"a": 0, "k": [943.374, 468.926, 0], "ix": 2}, "a": {"a": 0, "k": [106.286, 106.286, 0], "ix": 1}, "s": {"a": 0, "k": [100, 100, 100], "ix": 6}}, "ao": 0, "shapes": [{"ind": 0, "ty": "sh", "ix": 1, "ks": {"a": 0, "k": {"i": [[29.44, 50.773], [50.773, -29.44], [-29.44, -50.773], [-50.773, 29.44]], "o": [[-29.44, -50.773], [-50.773, 29.44], [29.439, 50.773], [50.773, -29.439]], "v": [[198.219, 52.981], [52.981, 14.354], [14.354, 159.592], [159.592, 198.219]], "c": true}, "ix": 2}, "nm": "Path 1", "mn": "ADBE Vector Shape - Group", "hd": false}, {"ty": "fl", "c": {"a": 0, "k": [0.90588241278, 0.925490255917, 0.996078491211, 1], "ix": 4}, "o": {"a": 0, "k": 100, "ix": 5}, "r": 1, "bm": 0, "nm": "Fill 1", "mn": "ADBE Vector Graphic - Fill", "hd": false}], "ip": 0, "op": 9121, "st": 0, "bm": 0}, {"ddd": 0, "ind": 3, "ty": 4, "nm": "Layer 6 Outlines", "sr": 1, "ks": {"o": {"a": 0, "k": 100, "ix": 11}, "r": {"a": 0, "k": 0, "ix": 10}, "p": {"a": 0, "k": [943.112, 470.126, 0], "ix": 2}, "a": {"a": 0, "k": [113.865, 112.483, 0], "ix": 1}, "s": {"a": 0, "k": [100, 100, 100], "ix": 6}}, "ao": 0, "shapes": [{"ind": 0, "ty": "sh", "ix": 1, "ks": {"a": 0, "k": {"i": [[1.718, -3.215], [23.896, -9.074], [23.686, 8.55], [12.134, 22.594], [-5.38, 24.331], [-21.041, 14.93], [-24.746, -2.248], [-17.648, -18.937], [-1.031, -24.827], [8.565, -16.308], [-1.696, 3.228], [4.891, 25.096], [19.061, 16.049], [25.795, 0.179], [19.464, -15.292], [5.401, -25.277], [-11.02, -22.323], [-23.325, -10.375], [-24.407, 6.511], [-14.343, 26.835]], "o": [[-12.04, 22.527], [-23.59, 8.957], [-24.217, -8.741], [-11.818, -22.006], [5.579, -25.23], [20.268, -14.383], [25.834, 2.347], [16.995, 18.236], [0.766, 18.44], [-1.695, 3.227], [11.899, -22.655], [-4.775, -24.501], [-19.768, -16.644], [-24.795, -0.172], [-20.345, 15.984], [-5.219, 24.424], [11.329, 22.951], [23.125, 10.286], [29.482, -7.864], [1.719, -3.216]], "v": [[206.871, 160.489], [151.146, 209.623], [77.656, 209.992], [21.079, 160.622], [11.313, 88.233], [53.168, 25.406], [123.529, 6.482], [191.289, 39.949], [219.054, 107.364], [206.871, 160.489], [211.867, 163.136], [222.588, 89.467], [185.242, 26.396], [114.298, 0.422], [45.39, 24.184], [5.469, 88.497], [14.912, 160.959], [69.197, 212.626], [142.946, 218.205], [211.867, 163.136]], "c": true}, "ix": 2}, "nm": "Path 1", "mn": "ADBE Vector Shape - Group", "hd": false}, {"ty": "fl", "c": {"a": 0, "k": [0, 0.019607843137, 0.282352941176, 1], "ix": 4}, "o": {"a": 0, "k": 100, "ix": 5}, "r": 1, "bm": 0, "nm": "Fill 1", "mn": "ADBE Vector Graphic - Fill", "hd": false}], "ip": 0, "op": 9121, "st": 0, "bm": 0}, {"ddd": 0, "ind": 4, "ty": 4, "nm": "Shape Layer 2", "sr": 1, "ks": {"o": {"a": 0, "k": 100, "ix": 11}, "r": {"a": 0, "k": 0, "ix": 10}, "p": {"a": 0, "k": [943.373, 468.925, 0], "ix": 2}, "a": {"a": 0, "k": [-64.5, -123.5, 0], "ix": 1}, "s": {"a": 0, "k": [100, 100, 100], "ix": 6}}, "ao": 0, "shapes": [{"ty": "gr", "it": [{"d": 1, "ty": "el", "s": {"a": 0, "k": [248, 248], "ix": 2}, "p": {"a": 0, "k": [0, 0], "ix": 3}, "nm": "Ellipse Path 1", "mn": "ADBE Vector Shape - Ellipse", "hd": false}, {"ty": "st", "c": {"a": 0, "k": [0.466666696586, 0.56862745098, 0.996078491211, 1], "ix": 3}, "o": {"a": 0, "k": 100, "ix": 4}, "w": {"a": 0, "k": 3, "ix": 5}, "lc": 1, "lj": 1, "ml": 4, "bm": 0, "nm": "Stroke 1", "mn": "ADBE Vector Graphic - Stroke", "hd": false}, {"ty": "tr", "p": {"a": 0, "k": [-64.5, -123.5], "ix": 2}, "a": {"a": 0, "k": [0, 0], "ix": 1}, "s": {"a": 0, "k": [100, 100], "ix": 3}, "r": {"a": 0, "k": 0, "ix": 6}, "o": {"a": 0, "k": 100, "ix": 7}, "sk": {"a": 0, "k": 0, "ix": 4}, "sa": {"a": 0, "k": 0, "ix": 5}, "nm": "Transform"}], "nm": "Ellipse 1", "np": 2, "cix": 2, "bm": 0, "ix": 1, "mn": "ADBE Vector Group", "hd": false}], "ip": 0, "op": 9121, "st": 0, "bm": 0}, {"ddd": 0, "ind": 5, "ty": 4, "nm": "Shape Layer 1", "sr": 1, "ks": {"o": {"a": 0, "k": 100, "ix": 11}, "r": {"a": 0, "k": 0, "ix": 10}, "p": {"a": 0, "k": [943.373, 468.925, 0], "ix": 2}, "a": {"a": 0, "k": [-64.5, -123.5, 0], "ix": 1}, "s": {"a": 0, "k": [100, 100, 100], "ix": 6}}, "ao": 0, "shapes": [{"ty": "gr", "it": [{"d": 1, "ty": "el", "s": {"a": 0, "k": [212, 212], "ix": 2}, "p": {"a": 0, "k": [0, 0], "ix": 3}, "nm": "Ellipse Path 1", "mn": "ADBE Vector Shape - Ellipse", "hd": false}, {"ty": "st", "c": {"a": 0, "k": [0.466666696586, 0.56862745098, 0.996078491211, 1], "ix": 3}, "o": {"a": 0, "k": 100, "ix": 4}, "w": {"a": 0, "k": 3, "ix": 5}, "lc": 1, "lj": 1, "ml": 4, "bm": 0, "nm": "Stroke 1", "mn": "ADBE Vector Graphic - Stroke", "hd": false}, {"ty": "tr", "p": {"a": 0, "k": [-64.5, -123.5], "ix": 2}, "a": {"a": 0, "k": [0, 0], "ix": 1}, "s": {"a": 0, "k": [100, 100], "ix": 3}, "r": {"a": 0, "k": 0, "ix": 6}, "o": {"a": 0, "k": 100, "ix": 7}, "sk": {"a": 0, "k": 0, "ix": 4}, "sa": {"a": 0, "k": 0, "ix": 5}, "nm": "Transform"}], "nm": "Ellipse 1", "np": 2, "cix": 2, "bm": 0, "ix": 1, "mn": "ADBE Vector Group", "hd": false}], "ip": 0, "op": 9121, "st": 0, "bm": 0}, {"ddd": 0, "ind": 6, "ty": 4, "nm": "Shape Layer 3", "sr": 1, "ks": {"o": {"a": 0, "k": 100, "ix": 11}, "r": {"a": 0, "k": 0, "ix": 10}, "p": {"a": 0, "k": [943.373, 468.925, 0], "ix": 2}, "a": {"a": 0, "k": [-64.5, -123.5, 0], "ix": 1}, "s": {"a": 0, "k": [100, 100, 100], "ix": 6}}, "ao": 0, "shapes": [{"ty": "gr", "it": [{"d": 1, "ty": "el", "s": {"a": 0, "k": [230, 230], "ix": 2}, "p": {"a": 0, "k": [0, 0], "ix": 3}, "nm": "Ellipse Path 1", "mn": "ADBE Vector Shape - Ellipse", "hd": false}, {"ty": "st", "c": {"a": 0, "k": [1, 1, 1, 1], "ix": 3}, "o": {"a": 0, "k": 100, "ix": 4}, "w": {"a": 0, "k": 20, "ix": 5}, "lc": 1, "lj": 1, "ml": 4, "bm": 0, "nm": "Stroke 1", "mn": "ADBE Vector Graphic - Stroke", "hd": false}, {"ty": "tr", "p": {"a": 0, "k": [-64.5, -123.5], "ix": 2}, "a": {"a": 0, "k": [0, 0], "ix": 1}, "s": {"a": 0, "k": [100, 100], "ix": 3}, "r": {"a": 0, "k": 0, "ix": 6}, "o": {"a": 0, "k": 100, "ix": 7}, "sk": {"a": 0, "k": 0, "ix": 4}, "sa": {"a": 0, "k": 0, "ix": 5}, "nm": "Transform"}], "nm": "Ellipse 1", "np": 2, "cix": 2, "bm": 0, "ix": 1, "mn": "ADBE Vector Group", "hd": false}], "ip": 0, "op": 9121, "st": 0, "bm": 0}, {"ddd": 0, "ind": 7, "ty": 4, "nm": "Layer 4 Outlines", "sr": 1, "ks": {"o": {"a": 0, "k": 100, "ix": 11}, "r": {"a": 0, "k": 0, "ix": 10}, "p": {"a": 0, "k": [1013.54, 580.477, 0], "ix": 2}, "a": {"a": 0, "k": [29.029, 23.484, 0], "ix": 1}, "s": {"a": 0, "k": [100, 100, 100], "ix": 6}}, "ao": 0, "shapes": [{"ind": 0, "ty": "sh", "ix": 1, "ks": {"a": 0, "k": {"i": [[0, 0], [0, 0], [0, 0], [0, 0]], "o": [[0, 0], [0, 0], [0, 0], [0, 0]], "v": [[0.25, 27.174], [3.49, 33.811], [57.808, 46.717], [31.473, 0.25]], "c": true}, "ix": 2}, "nm": "Path 1", "mn": "ADBE Vector Shape - Group", "hd": false}, {"ty": "fl", "c": {"a": 0, "k": [0.466666696586, 0.56862745098, 0.996078491211, 1], "ix": 4}, "o": {"a": 0, "k": 100, "ix": 5}, "r": 1, "bm": 0, "nm": "Fill 1", "mn": "ADBE Vector Graphic - Fill", "hd": false}], "ip": 0, "op": 9121, "st": 0, "bm": 0}, {"ddd": 0, "ind": 8, "ty": 4, "nm": "Layer 3 Outlines", "sr": 1, "ks": {"o": {"a": 0, "k": 100, "ix": 11}, "r": {"a": 0, "k": 0, "ix": 10}, "p": {"a": 0, "k": [1066.786, 687.066, 0], "ix": 2}, "a": {"a": 0, "k": [51.389, 65.715, 0], "ix": 1}, "s": {"a": 0, "k": [100, 100, 100], "ix": 6}}, "ao": 0, "shapes": [{"ind": 0, "ty": "sh", "ix": 1, "ks": {"a": 0, "k": {"i": [[11.199, -6.494], [0, 0], [4.87, 8.399], [0, 0], [0, 0], [0, 0]], "o": [[0, 0], [-11.199, 6.493], [0, 0], [0, 0], [0, 0], [4.87, 8.399]], "v": [[86.199, 124.449], [85.789, 124.687], [56.693, 121.236], [0.25, 25.572], [41.819, 0.25], [97.659, 97.483]], "c": true}, "ix": 2}, "nm": "Path 1", "mn": "ADBE Vector Shape - Group", "hd": false}, {"ty": "fl", "c": {"a": 0, "k": [0, 0.019607843137, 0.282352941176, 1], "ix": 4}, "o": {"a": 0, "k": 100, "ix": 5}, "r": 1, "bm": 0, "nm": "Fill 1", "mn": "ADBE Vector Graphic - Fill", "hd": false}], "ip": 0, "op": 9121, "st": 0, "bm": 0}, {"ddd": 0, "ind": 9, "ty": 4, "nm": "Layer 2 Outlines", "sr": 1, "ks": {"o": {"a": 0, "k": 100, "ix": 11}, "r": {"a": 0, "k": 0, "ix": 10}, "p": {"a": 0, "k": [1035.52, 631.316, 0], "ix": 2}, "a": {"a": 0, "k": [23.556, 16.092, 0], "ix": 1}, "s": {"a": 0, "k": [100, 100, 100], "ix": 6}}, "ao": 0, "shapes": [{"ind": 0, "ty": "sh", "ix": 1, "ks": {"a": 0, "k": {"i": [[-1.432, 0.872], [0, 0], [0.687, 1.435], [0, 0], [1.569, -0.977], [0, 0], [-0.946, -1.455], [0, 0]], "o": [[0, 0], [1.358, -0.828], [0, 0], [-0.797, -1.667], [0, 0], [-1.473, 0.918], [0, 0], [0.914, 1.406]], "v": [[5.441, 31.063], [44.992, 6.971], [46.175, 2.987], [45.953, 2.521], [41.518, 1.227], [2.156, 25.732], [1.196, 30.053], [1.23, 30.105]], "c": true}, "ix": 2}, "nm": "Path 1", "mn": "ADBE Vector Shape - Group", "hd": false}, {"ty": "fl", "c": {"a": 0, "k": [0, 0.019607843137, 0.282352941176, 1], "ix": 4}, "o": {"a": 0, "k": 100, "ix": 5}, "r": 1, "bm": 0, "nm": "Fill 1", "mn": "ADBE Vector Graphic - Fill", "hd": false}], "ip": 0, "op": 9121, "st": 0, "bm": 0}, {"ddd": 0, "ind": 10, "ty": 4, "nm": "Layer 1 Outlines", "sr": 1, "ks": {"o": {"a": 0, "k": 100, "ix": 11}, "r": {"a": 0, "k": 0, "ix": 10}, "p": {"a": 0, "k": [1033.618, 628.444, 0], "ix": 2}, "a": {"a": 0, "k": [61.551, 80.988, 0], "ix": 1}, "s": {"a": 0, "k": [100, 100, 100], "ix": 6}}, "ao": 0, "shapes": [{"ind": 0, "ty": "sh", "ix": 1, "ks": {"a": 0, "k": {"i": [[0, 0], [0, 0], [0, 0], [0, 0]], "o": [[0, 0], [0, 0], [0, 0], [0, 0]], "v": [[115.602, 133.89], [80.098, 154.476], [7.5, 28.086], [43.003, 7.5]], "c": true}, "ix": 2}, "nm": "Path 1", "mn": "ADBE Vector Shape - Group", "hd": false}, {"ty": "st", "c": {"a": 0, "k": [0.466666696586, 0.56862745098, 0.996078491211, 1], "ix": 3}, "o": {"a": 0, "k": 100, "ix": 4}, "w": {"a": 0, "k": 3, "ix": 5}, "lc": 2, "lj": 1, "ml": 10, "bm": 0, "nm": "Stroke 1", "mn": "ADBE Vector Graphic - Stroke", "hd": false}, {"ty": "fl", "c": {"a": 0, "k": [1, 1, 1, 1], "ix": 4}, "o": {"a": 0, "k": 100, "ix": 5}, "r": 1, "bm": 0, "nm": "Fill 1", "mn": "ADBE Vector Graphic - Fill", "hd": false}], "ip": 0, "op": 9121, "st": 0, "bm": 0}]}, {"id": "comp_2", "layers": [{"ddd": 0, "ind": 1, "ty": 4, "nm": "Shape Layer 1", "sr": 1, "ks": {"o": {"a": 0, "k": 100, "ix": 11}, "r": {"a": 0, "k": 0, "ix": 10}, "p": {"a": 0, "k": [943.373, 468.925, 0], "ix": 2}, "a": {"a": 0, "k": [-64.5, -123.5, 0], "ix": 1}, "s": {"a": 0, "k": [100, 100, 100], "ix": 6}}, "ao": 0, "shapes": [{"ty": "gr", "it": [{"d": 1, "ty": "el", "s": {"a": 0, "k": [212, 212], "ix": 2}, "p": {"a": 0, "k": [0, 0], "ix": 3}, "nm": "Ellipse Path 1", "mn": "ADBE Vector Shape - Ellipse", "hd": false}, {"ty": "st", "c": {"a": 0, "k": [0.552941176471, 0.639215686275, 0.996078431373, 1], "ix": 3}, "o": {"a": 0, "k": 100, "ix": 4}, "w": {"a": 0, "k": 3, "ix": 5}, "lc": 1, "lj": 1, "ml": 4, "bm": 0, "nm": "Stroke 1", "mn": "ADBE Vector Graphic - Stroke", "hd": false}, {"ty": "tr", "p": {"a": 0, "k": [-64.5, -123.5], "ix": 2}, "a": {"a": 0, "k": [0, 0], "ix": 1}, "s": {"a": 0, "k": [100, 100], "ix": 3}, "r": {"a": 0, "k": 0, "ix": 6}, "o": {"a": 0, "k": 100, "ix": 7}, "sk": {"a": 0, "k": 0, "ix": 4}, "sa": {"a": 0, "k": 0, "ix": 5}, "nm": "Transform"}], "nm": "Ellipse 1", "np": 2, "cix": 2, "bm": 0, "ix": 1, "mn": "ADBE Vector Group", "hd": false}], "ip": 0, "op": 9121, "st": 0, "bm": 0}, {"ddd": 0, "ind": 2, "ty": 4, "nm": "Shape Layer 3", "sr": 1, "ks": {"o": {"a": 0, "k": 100, "ix": 11}, "r": {"a": 0, "k": 0, "ix": 10}, "p": {"a": 0, "k": [943.373, 468.925, 0], "ix": 2}, "a": {"a": 0, "k": [-64.5, -123.5, 0], "ix": 1}, "s": {"a": 0, "k": [100, 100, 100], "ix": 6}}, "ao": 0, "shapes": [{"ty": "gr", "it": [{"d": 1, "ty": "el", "s": {"a": 0, "k": [230, 230], "ix": 2}, "p": {"a": 0, "k": [0, 0], "ix": 3}, "nm": "Ellipse Path 1", "mn": "ADBE Vector Shape - Ellipse", "hd": false}, {"ty": "st", "c": {"a": 0, "k": [0.552941176471, 0.639215686275, 0.996078431373, 1], "ix": 3}, "o": {"a": 0, "k": 100, "ix": 4}, "w": {"a": 0, "k": 20, "ix": 5}, "lc": 1, "lj": 1, "ml": 4, "bm": 0, "nm": "Stroke 1", "mn": "ADBE Vector Graphic - Stroke", "hd": false}, {"ty": "tr", "p": {"a": 0, "k": [-64.5, -123.5], "ix": 2}, "a": {"a": 0, "k": [0, 0], "ix": 1}, "s": {"a": 0, "k": [100, 100], "ix": 3}, "r": {"a": 0, "k": 0, "ix": 6}, "o": {"a": 0, "k": 100, "ix": 7}, "sk": {"a": 0, "k": 0, "ix": 4}, "sa": {"a": 0, "k": 0, "ix": 5}, "nm": "Transform"}], "nm": "Ellipse 1", "np": 2, "cix": 2, "bm": 0, "ix": 1, "mn": "ADBE Vector Group", "hd": false}], "ip": 0, "op": 9121, "st": 0, "bm": 0}, {"ddd": 0, "ind": 3, "ty": 4, "nm": "Layer 3 Outlines", "sr": 1, "ks": {"o": {"a": 0, "k": 100, "ix": 11}, "r": {"a": 0, "k": 0, "ix": 10}, "p": {"a": 0, "k": [1066.786, 687.066, 0], "ix": 2}, "a": {"a": 0, "k": [51.389, 65.715, 0], "ix": 1}, "s": {"a": 0, "k": [100, 100, 100], "ix": 6}}, "ao": 0, "shapes": [{"ind": 0, "ty": "sh", "ix": 1, "ks": {"a": 0, "k": {"i": [[11.199, -6.494], [0, 0], [4.87, 8.399], [0, 0], [0, 0], [0, 0]], "o": [[0, 0], [-11.199, 6.493], [0, 0], [0, 0], [0, 0], [4.87, 8.399]], "v": [[86.199, 124.449], [85.789, 124.687], [56.693, 121.236], [0.25, 25.572], [41.819, 0.25], [97.659, 97.483]], "c": true}, "ix": 2}, "nm": "Path 1", "mn": "ADBE Vector Shape - Group", "hd": false}, {"ty": "fl", "c": {"a": 0, "k": [0.552941176471, 0.639215686275, 0.996078431373, 1], "ix": 4}, "o": {"a": 0, "k": 100, "ix": 5}, "r": 1, "bm": 0, "nm": "Fill 1", "mn": "ADBE Vector Graphic - Fill", "hd": false}], "ip": 0, "op": 9121, "st": 0, "bm": 0}, {"ddd": 0, "ind": 4, "ty": 4, "nm": "Layer 2 Outlines", "sr": 1, "ks": {"o": {"a": 0, "k": 100, "ix": 11}, "r": {"a": 0, "k": 0, "ix": 10}, "p": {"a": 0, "k": [1035.52, 631.316, 0], "ix": 2}, "a": {"a": 0, "k": [23.556, 16.092, 0], "ix": 1}, "s": {"a": 0, "k": [100, 100, 100], "ix": 6}}, "ao": 0, "shapes": [{"ind": 0, "ty": "sh", "ix": 1, "ks": {"a": 0, "k": {"i": [[-1.432, 0.872], [0, 0], [0.687, 1.435], [0, 0], [1.569, -0.977], [0, 0], [-0.946, -1.455], [0, 0]], "o": [[0, 0], [1.358, -0.828], [0, 0], [-0.797, -1.667], [0, 0], [-1.473, 0.918], [0, 0], [0.914, 1.406]], "v": [[5.441, 31.063], [44.992, 6.971], [46.175, 2.987], [45.953, 2.521], [41.518, 1.227], [2.156, 25.732], [1.196, 30.053], [1.23, 30.105]], "c": true}, "ix": 2}, "nm": "Path 1", "mn": "ADBE Vector Shape - Group", "hd": false}, {"ty": "fl", "c": {"a": 0, "k": [0.552941176471, 0.639215686275, 0.996078431373, 1], "ix": 4}, "o": {"a": 0, "k": 100, "ix": 5}, "r": 1, "bm": 0, "nm": "Fill 1", "mn": "ADBE Vector Graphic - Fill", "hd": false}], "ip": 0, "op": 9121, "st": 0, "bm": 0}, {"ddd": 0, "ind": 5, "ty": 4, "nm": "Layer 1 Outlines", "sr": 1, "ks": {"o": {"a": 0, "k": 100, "ix": 11}, "r": {"a": 0, "k": 0, "ix": 10}, "p": {"a": 0, "k": [1033.618, 628.444, 0], "ix": 2}, "a": {"a": 0, "k": [61.551, 80.988, 0], "ix": 1}, "s": {"a": 0, "k": [100, 100, 100], "ix": 6}}, "ao": 0, "shapes": [{"ind": 0, "ty": "sh", "ix": 1, "ks": {"a": 0, "k": {"i": [[0, 0], [0, 0], [0, 0], [0, 0]], "o": [[0, 0], [0, 0], [0, 0], [0, 0]], "v": [[115.602, 133.89], [80.098, 154.476], [7.5, 28.086], [43.003, 7.5]], "c": true}, "ix": 2}, "nm": "Path 1", "mn": "ADBE Vector Shape - Group", "hd": false}, {"ty": "st", "c": {"a": 0, "k": [0.466666696586, 0.56862745098, 0.996078491211, 1], "ix": 3}, "o": {"a": 0, "k": 100, "ix": 4}, "w": {"a": 0, "k": 3, "ix": 5}, "lc": 2, "lj": 1, "ml": 10, "bm": 0, "nm": "Stroke 1", "mn": "ADBE Vector Graphic - Stroke", "hd": false}, {"ty": "fl", "c": {"a": 0, "k": [0.552941176471, 0.639215686275, 0.996078431373, 1], "ix": 4}, "o": {"a": 0, "k": 100, "ix": 5}, "r": 1, "bm": 0, "nm": "Fill 1", "mn": "ADBE Vector Graphic - Fill", "hd": false}], "ip": 0, "op": 9121, "st": 0, "bm": 0}]}], "layers": [{"ddd": 0, "ind": 1, "ty": 3, "nm": "Null 2", "sr": 1, "ks": {"o": {"a": 0, "k": 0, "ix": 11}, "r": {"a": 0, "k": 0, "ix": 10}, "p": {"a": 0, "k": [1000, 1000, 0], "ix": 2}, "a": {"a": 0, "k": [50, 50, 0], "ix": 1}, "s": {"a": 0, "k": [201, 201, 100], "ix": 6}}, "ao": 0, "ip": 0, "op": 61, "st": 0, "bm": 0}, {"ddd": 0, "ind": 2, "ty": 4, "nm": "Megnify Mask", "parent": 4, "td": 1, "sr": 1, "ks": {"o": {"a": 0, "k": 100, "ix": 11}, "r": {"a": 0, "k": -5.442, "ix": 10}, "p": {"a": 0, "k": [941.111, 466.947, 0], "ix": 2}, "a": {"a": 0, "k": [-25.5, 0, 0], "ix": 1}, "s": {"a": 0, "k": [100, 100, 100], "ix": 6}}, "ao": 0, "shapes": [{"ty": "gr", "it": [{"d": 1, "ty": "el", "s": {"a": 0, "k": [213, 213], "ix": 2}, "p": {"a": 0, "k": [0, 0], "ix": 3}, "nm": "Ellipse Path 1", "mn": "ADBE Vector Shape - Ellipse", "hd": false}, {"ty": "fl", "c": {"a": 0, "k": [0.256791776769, 0.03535563151, 0.819607843137, 1], "ix": 4}, "o": {"a": 0, "k": 100, "ix": 5}, "r": 1, "bm": 0, "nm": "Fill 1", "mn": "ADBE Vector Graphic - Fill", "hd": false}, {"ty": "tr", "p": {"a": 0, "k": [-23.5, 2], "ix": 2}, "a": {"a": 0, "k": [0, 0], "ix": 1}, "s": {"a": 0, "k": [100, 100], "ix": 3}, "r": {"a": 0, "k": 0, "ix": 6}, "o": {"a": 0, "k": 100, "ix": 7}, "sk": {"a": 0, "k": 0, "ix": 4}, "sa": {"a": 0, "k": 0, "ix": 5}, "nm": "Transform"}], "nm": "Ellipse 1", "np": 3, "cix": 2, "bm": 0, "ix": 1, "mn": "ADBE Vector Group", "hd": false}], "ip": 0, "op": 61, "st": 0, "bm": 0}, {"ddd": 0, "ind": 3, "ty": 0, "nm": "Man face", "parent": 1, "tt": 1, "refId": "comp_0", "sr": 1, "ks": {"o": {"a": 0, "k": 100, "ix": 11}, "r": {"a": 0, "k": 0, "ix": 10}, "p": {"a": 0, "k": [50, 50, 0], "ix": 2}, "a": {"a": 0, "k": [540, 540, 0], "ix": 1}, "s": {"a": 0, "k": [52, 52, 100], "ix": 6}}, "ao": 0, "w": 1080, "h": 1080, "ip": 0, "op": 61, "st": 0, "bm": 0}, {"ddd": 0, "ind": 4, "ty": 0, "nm": "magnify glass", "parent": 1, "refId": "comp_1", "sr": 1, "ks": {"o": {"a": 0, "k": 100, "ix": 11}, "r": {"a": 0, "k": 0, "ix": 10}, "p": {"a": 1, "k": [{"i": {"x": 0.833, "y": 0.837}, "o": {"x": 0.333, "y": 0}, "t": 0, "s": [194.342, 199.774, 0], "to": [-282.811, 85.343, 0], "ti": [-75.206, 46.862, 0]}, {"i": {"x": 0.713, "y": 1}, "o": {"x": 0.167, "y": 0.171}, "t": 30, "s": [-13.855, -16.468, 0], "to": [116.675, -72.702, 0], "ti": [115.879, -150.762, 0]}, {"t": 60, "s": [194.342, 199.774, 0]}], "ix": 2}, "a": {"a": 0, "k": [960, 540, 0], "ix": 1}, "s": {"a": 0, "k": [100, 100, 100], "ix": 6}}, "ao": 0, "w": 1920, "h": 1080, "ip": 0, "op": 9121, "st": 0, "bm": 0}, {"ddd": 0, "ind": 5, "ty": 0, "nm": "magnify glass shadow", "parent": 4, "refId": "comp_2", "sr": 1, "ks": {"o": {"a": 0, "k": 100, "ix": 11}, "r": {"a": 0, "k": 0, "ix": 10}, "p": {"a": 0, "k": [1048.658, 560.226, 0], "ix": 2}, "a": {"a": 0, "k": [960, 540, 0], "ix": 1}, "s": {"a": 0, "k": [93.525, 93.525, 100], "ix": 6}}, "ao": 0, "w": 1920, "h": 1080, "ip": 0, "op": 9121, "st": 0, "bm": 0}, {"ddd": 0, "ind": 6, "ty": 0, "nm": "Man face", "parent": 1, "refId": "comp_0", "sr": 1, "ks": {"o": {"a": 0, "k": 100, "ix": 11}, "r": {"a": 0, "k": 0, "ix": 10}, "p": {"a": 0, "k": [50, 50, 0], "ix": 2}, "a": {"a": 0, "k": [540, 540, 0], "ix": 1}, "s": {"a": 0, "k": [48, 48, 100], "ix": 6}}, "ao": 0, "w": 1080, "h": 1080, "ip": 0, "op": 61, "st": 0, "bm": 0}, {"ddd": 0, "ind": 7, "ty": 4, "nm": "circle 2", "parent": 1, "sr": 1, "ks": {"o": {"a": 0, "k": 35, "ix": 11}, "r": {"a": 0, "k": 0, "ix": 10}, "p": {"a": 0, "k": [49.5, 50, 0], "ix": 2}, "a": {"a": 0, "k": [-0.5, -11, 0], "ix": 1}, "s": {"a": 1, "k": [{"i": {"x": [0.667, 0.667, 0.667], "y": [1, 1, 1]}, "o": {"x": [0.333, 0.333, 0.333], "y": [0, 0, 0]}, "t": 4, "s": [100, 100, 100]}, {"i": {"x": [0.667, 0.667, 0.667], "y": [1, 1, 1]}, "o": {"x": [0.333, 0.333, 0.333], "y": [0, 0, 0]}, "t": 32, "s": [80, 80, 100]}, {"t": 60, "s": [100, 100, 100]}], "ix": 6}}, "ao": 0, "shapes": [{"ty": "gr", "it": [{"d": 1, "ty": "el", "s": {"a": 0, "k": [506, 506], "ix": 2}, "p": {"a": 0, "k": [0, 0], "ix": 3}, "nm": "Ellipse Path 1", "mn": "ADBE Vector Shape - Ellipse", "hd": false}, {"ty": "st", "c": {"a": 0, "k": [0.079662001367, 0.232825993557, 0.580391977348, 1], "ix": 3}, "o": {"a": 0, "k": 100, "ix": 4}, "w": {"a": 0, "k": 0, "ix": 5}, "lc": 1, "lj": 1, "ml": 4, "bm": 0, "nm": "Stroke 1", "mn": "ADBE Vector Graphic - Stroke", "hd": false}, {"ty": "fl", "c": {"a": 0, "k": [0.643127022538, 0.709807990579, 0.996093989354, 1], "ix": 4}, "o": {"a": 0, "k": 100, "ix": 5}, "r": 1, "bm": 0, "nm": "Fill 1", "mn": "ADBE Vector Graphic - Fill", "hd": false}, {"ty": "tr", "p": {"a": 0, "k": [-0.5, -11], "ix": 2}, "a": {"a": 0, "k": [0, 0], "ix": 1}, "s": {"a": 0, "k": [100, 100], "ix": 3}, "r": {"a": 0, "k": 0, "ix": 6}, "o": {"a": 0, "k": 100, "ix": 7}, "sk": {"a": 0, "k": 0, "ix": 4}, "sa": {"a": 0, "k": 0, "ix": 5}, "nm": "Transform"}], "nm": "Ellipse 1", "np": 3, "cix": 2, "bm": 0, "ix": 1, "mn": "ADBE Vector Group", "hd": false}], "ip": 0, "op": 61, "st": 0, "bm": 0}, {"ddd": 0, "ind": 8, "ty": 4, "nm": "circle 1", "parent": 1, "sr": 1, "ks": {"o": {"a": 0, "k": 20, "ix": 11}, "r": {"a": 0, "k": 0, "ix": 10}, "p": {"a": 0, "k": [49.5, 50, 0], "ix": 2}, "a": {"a": 0, "k": [-0.5, -11, 0], "ix": 1}, "s": {"a": 1, "k": [{"i": {"x": [0.667, 0.667, 0.667], "y": [1, 1, 1]}, "o": {"x": [0.333, 0.333, 0.333], "y": [0, 0, 0]}, "t": 0, "s": [100, 100, 100]}, {"i": {"x": [0.667, 0.667, 0.667], "y": [1, 1, 1]}, "o": {"x": [0.333, 0.333, 0.333], "y": [0, 0, 0]}, "t": 30, "s": [70, 70, 100]}, {"t": 60, "s": [100, 100, 100]}], "ix": 6}}, "ao": 0, "shapes": [{"ty": "gr", "it": [{"d": 1, "ty": "el", "s": {"a": 0, "k": [706, 706], "ix": 2}, "p": {"a": 0, "k": [0, 0], "ix": 3}, "nm": "Ellipse Path 1", "mn": "ADBE Vector Shape - Ellipse", "hd": false}, {"ty": "st", "c": {"a": 0, "k": [0.079662001367, 0.232825993557, 0.580391977348, 1], "ix": 3}, "o": {"a": 0, "k": 100, "ix": 4}, "w": {"a": 0, "k": 0, "ix": 5}, "lc": 1, "lj": 1, "ml": 4, "bm": 0, "nm": "Stroke 1", "mn": "ADBE Vector Graphic - Stroke", "hd": false}, {"ty": "fl", "c": {"a": 0, "k": [0.643127022538, 0.709807990579, 0.996093989354, 1], "ix": 4}, "o": {"a": 0, "k": 100, "ix": 5}, "r": 1, "bm": 0, "nm": "Fill 1", "mn": "ADBE Vector Graphic - Fill", "hd": false}, {"ty": "tr", "p": {"a": 0, "k": [-0.5, -11], "ix": 2}, "a": {"a": 0, "k": [0, 0], "ix": 1}, "s": {"a": 0, "k": [100, 100], "ix": 3}, "r": {"a": 0, "k": 0, "ix": 6}, "o": {"a": 0, "k": 100, "ix": 7}, "sk": {"a": 0, "k": 0, "ix": 4}, "sa": {"a": 0, "k": 0, "ix": 5}, "nm": "Transform"}], "nm": "Ellipse 1", "np": 3, "cix": 2, "bm": 0, "ix": 1, "mn": "ADBE Vector Group", "hd": false}], "ip": 0, "op": 61, "st": 0, "bm": 0}], "markers": []}