{"v": "4.8.0", "meta": {"g": "LottieFiles AE 1.1.0", "a": "", "k": "", "d": "", "tc": ""}, "fr": 30, "ip": 0, "op": 91, "w": 2000, "h": 2000, "nm": "2000x2000", "ddd": 0, "assets": [{"id": "comp_0", "layers": [{"ddd": 0, "ind": 5, "ty": 4, "nm": "Exclamation mark/ID Card_Verfication-Success or Failure Outlines", "parent": 6, "sr": 1, "ks": {"o": {"a": 0, "k": 100, "ix": 11}, "r": {"a": 0, "k": 0, "ix": 10}, "p": {"a": 0, "k": [58.51, 59.743, 0], "ix": 2}, "a": {"a": 0, "k": [4.5, 22, 0], "ix": 1}, "s": {"a": 0, "k": [103.953, 103.953, 100], "ix": 6}}, "ao": 0, "shapes": [{"ty": "gr", "it": [{"ind": 0, "ty": "sh", "ix": 1, "ks": {"a": 0, "k": {"i": [[0, -2.165], [2.164, 0], [0, 2.165], [-2.165, 0]], "o": [[0, 2.165], [-2.165, 0], [0, -2.165], [2.164, 0]], "v": [[3.92, 0], [0.001, 3.919], [-3.92, 0], [0.001, -3.919]], "c": true}, "ix": 2}, "nm": "Path 1", "mn": "ADBE Vector Shape - Group", "hd": false}, {"ty": "fl", "c": {"a": 0, "k": [0.972549079446, 0.976470648074, 0.996078491211, 1], "ix": 4}, "o": {"a": 0, "k": 100, "ix": 5}, "r": 1, "bm": 0, "nm": "Fill 1", "mn": "ADBE Vector Graphic - Fill", "hd": false}, {"ty": "tr", "p": {"a": 0, "k": [4.169, 39.226], "ix": 2}, "a": {"a": 0, "k": [0, 0], "ix": 1}, "s": {"a": 0, "k": [100, 100], "ix": 3}, "r": {"a": 0, "k": 0, "ix": 6}, "o": {"a": 0, "k": 100, "ix": 7}, "sk": {"a": 0, "k": 0, "ix": 4}, "sa": {"a": 0, "k": 0, "ix": 5}, "nm": "Transform"}], "nm": "Group 1", "np": 2, "cix": 2, "bm": 0, "ix": 1, "mn": "ADBE Vector Group", "hd": false}, {"ty": "gr", "it": [{"ind": 0, "ty": "sh", "ix": 1, "ks": {"a": 0, "k": {"i": [[0, 0], [0, 0]], "o": [[0, 0], [0, 0]], "v": [[4.218, 3.5], [4.218, 26.403]], "c": false}, "ix": 2}, "nm": "Path 1", "mn": "ADBE Vector Shape - Group", "hd": false}, {"ty": "st", "c": {"a": 0, "k": [0.972549079446, 0.976470648074, 0.996078491211, 1], "ix": 3}, "o": {"a": 0, "k": 100, "ix": 4}, "w": {"a": 0, "k": 7, "ix": 5}, "lc": 2, "lj": 2, "bm": 0, "nm": "Stroke 1", "mn": "ADBE Vector Graphic - Stroke", "hd": false}, {"ty": "tr", "p": {"a": 0, "k": [0, 0], "ix": 2}, "a": {"a": 0, "k": [0, 0], "ix": 1}, "s": {"a": 0, "k": [100, 100], "ix": 3}, "r": {"a": 0, "k": 0, "ix": 6}, "o": {"a": 0, "k": 100, "ix": 7}, "sk": {"a": 0, "k": 0, "ix": 4}, "sa": {"a": 0, "k": 0, "ix": 5}, "nm": "Transform"}], "nm": "Group 2", "np": 2, "cix": 2, "bm": 0, "ix": 2, "mn": "ADBE Vector Group", "hd": false}], "ip": 41, "op": 132, "st": 41, "bm": 0}, {"ddd": 0, "ind": 6, "ty": 4, "nm": "Green circle/ID Card_Verfication-Success or Failure Outlines", "parent": 12, "sr": 1, "ks": {"o": {"a": 0, "k": 100, "ix": 11}, "r": {"a": 0, "k": 0, "ix": 10}, "p": {"a": 0, "k": [78.177, 77.043, 0], "ix": 2}, "a": {"a": 0, "k": [60, 60.5, 0], "ix": 1}, "s": {"a": 0, "k": [96.198, 96.198, 100], "ix": 6}}, "ao": 0, "shapes": [{"ty": "gr", "it": [{"ind": 0, "ty": "sh", "ix": 1, "ks": {"a": 0, "k": {"i": [[31.25, 0], [0, -31.251], [-31.25, 0], [0, 31.25]], "o": [[-31.25, 0], [0, 31.25], [31.25, 0], [0, -31.251]], "v": [[0, -56.584], [-56.583, 0.001], [0, 56.584], [56.583, 0.001]], "c": true}, "ix": 2}, "nm": "Path 1", "mn": "ADBE Vector Shape - Group", "hd": false}, {"ty": "fl", "c": {"a": 0, "k": [0.988235353956, 0.788235353956, 0.141176470588, 1], "ix": 4}, "o": {"a": 0, "k": 100, "ix": 5}, "r": 1, "bm": 0, "nm": "Fill 1", "mn": "ADBE Vector Graphic - Fill", "hd": false}, {"ty": "tr", "p": {"a": 0, "k": [56.833, 56.834], "ix": 2}, "a": {"a": 0, "k": [0, 0], "ix": 1}, "s": {"a": 0, "k": [100, 100], "ix": 3}, "r": {"a": 0, "k": 0, "ix": 6}, "o": {"a": 0, "k": 100, "ix": 7}, "sk": {"a": 0, "k": 0, "ix": 4}, "sa": {"a": 0, "k": 0, "ix": 5}, "nm": "Transform"}], "nm": "Group 1", "np": 2, "cix": 2, "bm": 0, "ix": 1, "mn": "ADBE Vector Group", "hd": false}], "ip": 41, "op": 132, "st": 41, "bm": 0}, {"ddd": 0, "ind": 7, "ty": 4, "nm": "Megnify Mask", "parent": 9, "td": 1, "sr": 1, "ks": {"o": {"a": 0, "k": 100, "ix": 11}, "r": {"a": 0, "k": -5.442, "ix": 10}, "p": {"a": 0, "k": [144.806, 146.668, 0], "ix": 2}, "a": {"a": 0, "k": [-25.5, 0, 0], "ix": 1}, "s": {"a": 0, "k": [100, 100, 100], "ix": 6}}, "ao": 0, "shapes": [{"ty": "gr", "it": [{"d": 1, "ty": "el", "s": {"a": 0, "k": [209, 209], "ix": 2}, "p": {"a": 0, "k": [0, 0], "ix": 3}, "nm": "Ellipse Path 1", "mn": "ADBE Vector Shape - Ellipse", "hd": false}, {"ty": "fl", "c": {"a": 0, "k": [0.256791776769, 0.03535563151, 0.819607843137, 1], "ix": 4}, "o": {"a": 0, "k": 100, "ix": 5}, "r": 1, "bm": 0, "nm": "Fill 1", "mn": "ADBE Vector Graphic - Fill", "hd": false}, {"ty": "tr", "p": {"a": 0, "k": [-23.5, 2], "ix": 2}, "a": {"a": 0, "k": [0, 0], "ix": 1}, "s": {"a": 0, "k": [100, 100], "ix": 3}, "r": {"a": 0, "k": 0, "ix": 6}, "o": {"a": 0, "k": 100, "ix": 7}, "sk": {"a": 0, "k": 0, "ix": 4}, "sa": {"a": 0, "k": 0, "ix": 5}, "nm": "Transform"}], "nm": "Ellipse 1", "np": 3, "cix": 2, "bm": 0, "ix": 1, "mn": "ADBE Vector Group", "hd": false}], "ip": 0, "op": 61, "st": 0, "bm": 0}, {"ddd": 0, "ind": 8, "ty": 0, "nm": "Man face", "tt": 1, "refId": "comp_1", "sr": 1, "ks": {"o": {"a": 0, "k": 100, "ix": 11}, "r": {"a": 0, "k": 0, "ix": 10}, "p": {"a": 0, "k": [527.5, 1134, 0], "ix": 2}, "a": {"a": 0, "k": [540, 540, 0], "ix": 1}, "s": {"a": 0, "k": [52, 52, 100], "ix": 6}}, "ao": 0, "w": 1080, "h": 1080, "ip": 0, "op": 93, "st": 0, "bm": 0}, {"ddd": 0, "ind": 9, "ty": 4, "nm": "Magnifying Glass", "sr": 1, "ks": {"o": {"a": 0, "k": 100, "ix": 11}, "r": {"a": 1, "k": [{"i": {"x": [0.357], "y": [1]}, "o": {"x": [0.333], "y": [0]}, "t": 0, "s": [0]}, {"i": {"x": [0.833], "y": [1]}, "o": {"x": [0.527], "y": [0]}, "t": 27, "s": [6]}, {"t": 47, "s": [191]}], "ix": 10}, "p": {"a": 1, "k": [{"i": {"x": 0.833, "y": 0.833}, "o": {"x": 0.167, "y": 0.167}, "t": 0, "s": [671.842, 1283.774, 0], "to": [-282.811, 85.343, 0], "ti": [-132.902, -10.557, 0]}, {"i": {"x": 0.667, "y": 1}, "o": {"x": 0.167, "y": 0.167}, "t": 30, "s": [463.645, 1067.532, 0], "to": [93.794, 7.45, 0], "ti": [0, 3.333, 0]}, {"t": 47, "s": [771.842, 1143.774, 0]}], "ix": 2}, "a": {"a": 0, "k": [161.695, 216.222, 0], "ix": 1}, "s": {"a": 1, "k": [{"i": {"x": [0.353, 0.353, 0.667], "y": [1, 1, 1]}, "o": {"x": [0.077, 0.077, 0.167], "y": [0, 0, 0]}, "t": 30, "s": [100, 100, 100]}, {"t": 47, "s": [0, 0, 100]}], "ix": 6}}, "ao": 0, "shapes": [{"ty": "gr", "it": [{"ind": 0, "ty": "sh", "ix": 1, "ks": {"a": 0, "k": {"i": [[1.718, -3.215], [23.896, -9.074], [23.686, 8.55], [12.134, 22.594], [-5.38, 24.331], [-21.041, 14.93], [-24.745, -2.248], [-17.648, -18.937], [-1.031, -24.827], [8.565, -16.308], [-1.696, 3.228], [4.891, 25.096], [19.061, 16.049], [25.795, 0.179], [19.465, -15.292], [5.401, -25.277], [-11.02, -22.323], [-23.325, -10.375], [-24.407, 6.511], [-14.343, 26.835]], "o": [[-12.04, 22.526], [-23.59, 8.957], [-24.217, -8.741], [-11.818, -22.006], [5.579, -25.23], [20.268, -14.383], [25.834, 2.347], [16.995, 18.236], [0.766, 18.44], [-1.695, 3.227], [11.899, -22.655], [-4.775, -24.501], [-19.768, -16.644], [-24.795, -0.172], [-20.345, 15.984], [-5.219, 24.424], [11.329, 22.951], [23.125, 10.286], [29.482, -7.864], [1.719, -3.216]], "v": [[93.007, 48.006], [37.281, 97.14], [-36.208, 97.509], [-92.786, 48.139], [-102.551, -24.25], [-60.696, -87.077], [9.665, -106.001], [77.424, -72.534], [105.189, -5.119], [93.007, 48.006], [98.002, 50.653], [108.723, -23.016], [71.377, -86.087], [0.434, -112.061], [-68.475, -88.299], [-108.395, -23.986], [-98.952, 48.476], [-44.667, 100.143], [29.081, 105.722], [98.002, 50.653]], "c": true}, "ix": 2}, "nm": "Path 1", "mn": "ADBE Vector Shape - Group", "hd": false}, {"ty": "mm", "mm": 4, "nm": "Merge Paths 1", "mn": "ADBE Vector Filter - Merge", "hd": false}, {"ty": "fl", "c": {"a": 0, "k": [0, 0.019607843137, 0.282352941176, 1], "ix": 4}, "o": {"a": 0, "k": 100, "ix": 5}, "r": 1, "bm": 0, "nm": "Fill 1", "mn": "ADBE Vector Graphic - Fill", "hd": false}, {"ty": "tr", "p": {"a": 0, "k": [146.827, 149.789], "ix": 2}, "a": {"a": 0, "k": [0, 0], "ix": 1}, "s": {"a": 0, "k": [100, 100], "ix": 3}, "r": {"a": 0, "k": 0, "ix": 6}, "o": {"a": 0, "k": 100, "ix": 7}, "sk": {"a": 0, "k": 0, "ix": 4}, "sa": {"a": 0, "k": 0, "ix": 5}, "nm": "Transform"}], "nm": "Group 1", "np": 3, "cix": 2, "bm": 0, "ix": 1, "mn": "ADBE Vector Group", "hd": false}, {"ty": "gr", "it": [{"ind": 0, "ty": "sh", "ix": 1, "ks": {"a": 0, "k": {"i": [[-1.432, 0.872], [0, 0], [0.687, 1.435], [0, 0], [1.569, -0.977], [0, 0], [-0.946, -1.455], [0, 0]], "o": [[0, 0], [1.358, -0.828], [0, 0], [-0.797, -1.667], [0, 0], [-1.473, 0.918], [0, 0], [0.914, 1.406]], "v": [[-18.115, 14.97], [21.436, -9.121], [22.619, -13.105], [22.397, -13.572], [17.962, -14.865], [-21.4, 9.639], [-22.36, 13.961], [-22.326, 14.013]], "c": true}, "ix": 2}, "nm": "Path 1", "mn": "ADBE Vector Shape - Group", "hd": false}, {"ty": "fl", "c": {"a": 0, "k": [0, 0.019607843137, 0.282352941176, 1], "ix": 4}, "o": {"a": 0, "k": 100, "ix": 5}, "r": 1, "bm": 0, "nm": "Fill 1", "mn": "ADBE Vector Graphic - Fill", "hd": false}, {"ty": "tr", "p": {"a": 0, "k": [240.735, 310.978], "ix": 2}, "a": {"a": 0, "k": [0, 0], "ix": 1}, "s": {"a": 0, "k": [100, 100], "ix": 3}, "r": {"a": 0, "k": 0, "ix": 6}, "o": {"a": 0, "k": 100, "ix": 7}, "sk": {"a": 0, "k": 0, "ix": 4}, "sa": {"a": 0, "k": 0, "ix": 5}, "nm": "Transform"}], "nm": "Group 2", "np": 2, "cix": 2, "bm": 0, "ix": 2, "mn": "ADBE Vector Group", "hd": false}, {"ty": "gr", "it": [{"ind": 0, "ty": "sh", "ix": 1, "ks": {"a": 0, "k": {"i": [[-2.709, -4.672], [4.672, -2.709], [2.709, 4.672], [-4.672, 2.709]], "o": [[2.709, 4.672], [-4.672, 2.709], [-2.709, -4.671], [4.671, -2.709]], "v": [[8.459, -4.907], [4.905, 8.456], [-8.458, 4.902], [-4.904, -8.461]], "c": true}, "ix": 2}, "nm": "Path 1", "mn": "ADBE Vector Shape - Group", "hd": false}, {"ty": "mm", "mm": 4, "nm": "Merge Paths 1", "mn": "ADBE Vector Filter - Merge", "hd": false}, {"ty": "fl", "c": {"a": 0, "k": [1, 1, 1, 1], "ix": 4}, "o": {"a": 0, "k": 100, "ix": 5}, "r": 1, "bm": 0, "nm": "Fill 1", "mn": "ADBE Vector Graphic - Fill", "hd": false}, {"ty": "tr", "p": {"a": 0, "k": [229.099, 167.321], "ix": 2}, "a": {"a": 0, "k": [0, 0], "ix": 1}, "s": {"a": 0, "k": [100, 100], "ix": 3}, "r": {"a": 0, "k": 0, "ix": 6}, "o": {"a": 0, "k": 100, "ix": 7}, "sk": {"a": 0, "k": 0, "ix": 4}, "sa": {"a": 0, "k": 0, "ix": 5}, "nm": "Transform"}], "nm": "Group 3", "np": 3, "cix": 2, "bm": 0, "ix": 3, "mn": "ADBE Vector Group", "hd": false}, {"ty": "gr", "it": [{"ind": 0, "ty": "sh", "ix": 1, "ks": {"a": 0, "k": {"i": [[-4.365, 8.555], [-33.289, -6.994], [-1.456, -33.893], [0.411, 9.567], [37.538, 10.694], [21.692, -31.278], [1.672, -3.276]], "o": [[15.402, -30.186], [33.204, 6.977], [0.411, 9.553], [-1.676, -39.018], [-36.993, -10.54], [-2.098, 3.025], [-4.334, 8.494]], "v": [[-71.448, 9.499], [11.055, -30.476], [70.382, 39.747], [85.23, 39.799], [19.585, -43.656], [-78.768, -7.341], [-84.36, 2.169]], "c": true}, "ix": 2}, "nm": "Path 1", "mn": "ADBE Vector Shape - Group", "hd": false}, {"ty": "mm", "mm": 4, "nm": "Merge Paths 1", "mn": "ADBE Vector Filter - Merge", "hd": false}, {"ty": "fl", "c": {"a": 0, "k": [1, 1, 1, 1], "ix": 4}, "o": {"a": 0, "k": 100, "ix": 5}, "r": 1, "bm": 0, "nm": "Fill 1", "mn": "ADBE Vector Graphic - Fill", "hd": false}, {"ty": "tr", "p": {"a": 0, "k": [154.37, 99.451], "ix": 2}, "a": {"a": 0, "k": [0, 0], "ix": 1}, "s": {"a": 0, "k": [100, 100], "ix": 3}, "r": {"a": 0, "k": 0, "ix": 6}, "o": {"a": 0, "k": 100, "ix": 7}, "sk": {"a": 0, "k": 0, "ix": 4}, "sa": {"a": 0, "k": 0, "ix": 5}, "nm": "Transform"}], "nm": "Group 4", "np": 3, "cix": 2, "bm": 0, "ix": 4, "mn": "ADBE Vector Group", "hd": false}, {"ty": "gr", "it": [{"ind": 0, "ty": "sh", "ix": 1, "ks": {"a": 0, "k": {"i": [[29.44, 50.773], [50.773, -29.44], [-29.439, -50.773], [-50.773, 29.44]], "o": [[-29.44, -50.773], [-50.774, 29.44], [29.44, 50.773], [50.773, -29.44]], "v": [[91.933, -53.303], [-53.305, -91.93], [-91.933, 53.308], [53.306, 91.935]], "c": true}, "ix": 2}, "nm": "Path 1", "mn": "ADBE Vector Shape - Group", "hd": false}, {"ty": "mm", "mm": 4, "nm": "Merge Paths 1", "mn": "ADBE Vector Filter - Merge", "hd": false}, {"ty": "fl", "c": {"a": 0, "k": [0.90588241278, 0.925490255917, 0.996078491211, 1], "ix": 4}, "o": {"a": 0, "k": 100, "ix": 5}, "r": 1, "bm": 0, "nm": "Fill 1", "mn": "ADBE Vector Graphic - Fill", "hd": false}, {"ty": "tr", "p": {"a": 0, "k": [148.588, 148.586], "ix": 2}, "a": {"a": 0, "k": [0, 0], "ix": 1}, "s": {"a": 0, "k": [100, 100], "ix": 3}, "r": {"a": 0, "k": 0, "ix": 6}, "o": {"a": 0, "k": 100, "ix": 7}, "sk": {"a": 0, "k": 0, "ix": 4}, "sa": {"a": 0, "k": 0, "ix": 5}, "nm": "Transform"}], "nm": "Group 5", "np": 3, "cix": 2, "bm": 0, "ix": 5, "mn": "ADBE Vector Group", "hd": false}, {"ty": "gr", "it": [{"ind": 0, "ty": "sh", "ix": 1, "ks": {"a": 0, "k": {"i": [[50.773, -29.44], [29.44, 50.773], [-50.773, 29.439], [-29.44, -50.773]], "o": [[-50.773, 29.44], [-29.439, -50.773], [50.773, -29.441], [29.44, 50.773]], "v": [[53.306, 91.933], [-91.933, 53.306], [-53.306, -91.932], [91.933, -53.305]], "c": true}, "ix": 2}, "nm": "Path 1", "mn": "ADBE Vector Shape - Group", "hd": false}, {"ind": 1, "ty": "sh", "ix": 2, "ks": {"a": 0, "k": {"i": [[34.222, 59.02], [59.02, -34.222], [-34.222, -59.021], [-59.021, 34.222]], "o": [[-34.222, -59.021], [-59.021, 34.222], [34.222, 59.02], [59.02, -34.222]], "v": [[106.866, -61.964], [-61.964, -106.866], [-106.866, 61.965], [61.965, 106.866]], "c": true}, "ix": 2}, "nm": "Path 2", "mn": "ADBE Vector Shape - Group", "hd": false}, {"ty": "mm", "mm": 1, "nm": "Merge Paths 1", "mn": "ADBE Vector Filter - Merge", "hd": false}, {"ty": "st", "c": {"a": 0, "k": [0.466666696586, 0.56862745098, 0.996078491211, 1], "ix": 3}, "o": {"a": 0, "k": 100, "ix": 4}, "w": {"a": 0, "k": 3, "ix": 5}, "lc": 2, "lj": 1, "ml": 10, "bm": 0, "nm": "Stroke 1", "mn": "ADBE Vector Graphic - Stroke", "hd": false}, {"ty": "tr", "p": {"a": 0, "k": [148.588, 148.588], "ix": 2}, "a": {"a": 0, "k": [0, 0], "ix": 1}, "s": {"a": 0, "k": [100, 100], "ix": 3}, "r": {"a": 0, "k": 0, "ix": 6}, "o": {"a": 0, "k": 100, "ix": 7}, "sk": {"a": 0, "k": 0, "ix": 4}, "sa": {"a": 0, "k": 0, "ix": 5}, "nm": "Transform"}], "nm": "Group 6", "np": 4, "cix": 2, "bm": 0, "ix": 6, "mn": "ADBE Vector Group", "hd": false}, {"ty": "gr", "it": [{"ind": 0, "ty": "sh", "ix": 1, "ks": {"a": 0, "k": {"i": [[50.773, -29.44], [29.44, 50.773], [-50.773, 29.439], [-29.44, -50.773]], "o": [[-50.773, 29.44], [-29.439, -50.773], [50.773, -29.441], [29.44, 50.773]], "v": [[53.306, 91.933], [-91.933, 53.306], [-53.306, -91.932], [91.933, -53.305]], "c": true}, "ix": 2}, "nm": "Path 1", "mn": "ADBE Vector Shape - Group", "hd": false}, {"ind": 1, "ty": "sh", "ix": 2, "ks": {"a": 0, "k": {"i": [[34.222, 59.02], [59.02, -34.222], [-34.222, -59.021], [-59.021, 34.222]], "o": [[-34.222, -59.021], [-59.021, 34.222], [34.222, 59.02], [59.02, -34.222]], "v": [[106.866, -61.964], [-61.964, -106.866], [-106.866, 61.965], [61.965, 106.866]], "c": true}, "ix": 2}, "nm": "Path 2", "mn": "ADBE Vector Shape - Group", "hd": false}, {"ty": "mm", "mm": 1, "nm": "Merge Paths 1", "mn": "ADBE Vector Filter - Merge", "hd": false}, {"ty": "mm", "mm": 4, "nm": "Merge Paths 2", "mn": "ADBE Vector Filter - Merge", "hd": false}, {"ty": "fl", "c": {"a": 0, "k": [1, 1, 1, 1], "ix": 4}, "o": {"a": 0, "k": 100, "ix": 5}, "r": 1, "bm": 0, "nm": "Fill 1", "mn": "ADBE Vector Graphic - Fill", "hd": false}, {"ty": "tr", "p": {"a": 0, "k": [148.588, 148.588], "ix": 2}, "a": {"a": 0, "k": [0, 0], "ix": 1}, "s": {"a": 0, "k": [100, 100], "ix": 3}, "r": {"a": 0, "k": 0, "ix": 6}, "o": {"a": 0, "k": 100, "ix": 7}, "sk": {"a": 0, "k": 0, "ix": 4}, "sa": {"a": 0, "k": 0, "ix": 5}, "nm": "Transform"}], "nm": "Group 7", "np": 5, "cix": 2, "bm": 0, "ix": 7, "mn": "ADBE Vector Group", "hd": false}, {"ty": "gr", "it": [{"ind": 0, "ty": "sh", "ix": 1, "ks": {"a": 0, "k": {"i": [[0, 0], [0, 0], [0, 0], [0, 0]], "o": [[0, 0], [0, 0], [0, 0], [0, 0]], "v": [[-28.779, 3.69], [-25.539, 10.328], [28.779, 23.234], [2.444, -23.234]], "c": true}, "ix": 2}, "nm": "Path 1", "mn": "ADBE Vector Shape - Group", "hd": false}, {"ty": "mm", "mm": 4, "nm": "Merge Paths 1", "mn": "ADBE Vector Filter - Merge", "hd": false}, {"ty": "fl", "c": {"a": 0, "k": [0.466666696586, 0.56862745098, 0.996078491211, 1], "ix": 4}, "o": {"a": 0, "k": 100, "ix": 5}, "r": 1, "bm": 0, "nm": "Fill 1", "mn": "ADBE Vector Graphic - Fill", "hd": false}, {"ty": "tr", "p": {"a": 0, "k": [218.755, 260.14], "ix": 2}, "a": {"a": 0, "k": [0, 0], "ix": 1}, "s": {"a": 0, "k": [100, 100], "ix": 3}, "r": {"a": 0, "k": 0, "ix": 6}, "o": {"a": 0, "k": 100, "ix": 7}, "sk": {"a": 0, "k": 0, "ix": 4}, "sa": {"a": 0, "k": 0, "ix": 5}, "nm": "Transform"}], "nm": "Group 8", "np": 3, "cix": 2, "bm": 0, "ix": 8, "mn": "ADBE Vector Group", "hd": false}, {"ty": "gr", "it": [{"ind": 0, "ty": "sh", "ix": 1, "ks": {"a": 0, "k": {"i": [[11.199, -6.494], [0, 0], [4.87, 8.399], [0, 0], [0, 0], [0, 0]], "o": [[0, 0], [-11.199, 6.493], [0, 0], [0, 0], [0, 0], [4.87, 8.399]], "v": [[34.81, 58.734], [34.4, 58.972], [5.303, 55.521], [-51.14, -40.143], [-9.57, -65.465], [46.27, 31.768]], "c": true}, "ix": 2}, "nm": "Path 1", "mn": "ADBE Vector Shape - Group", "hd": false}, {"ty": "mm", "mm": 4, "nm": "Merge Paths 1", "mn": "ADBE Vector Filter - Merge", "hd": false}, {"ty": "fl", "c": {"a": 0, "k": [0, 0.019607843137, 0.282352941176, 1], "ix": 4}, "o": {"a": 0, "k": 100, "ix": 5}, "r": 1, "bm": 0, "nm": "Fill 1", "mn": "ADBE Vector Graphic - Fill", "hd": false}, {"ty": "tr", "p": {"a": 0, "k": [272.001, 366.728], "ix": 2}, "a": {"a": 0, "k": [0, 0], "ix": 1}, "s": {"a": 0, "k": [100, 100], "ix": 3}, "r": {"a": 0, "k": 0, "ix": 6}, "o": {"a": 0, "k": 100, "ix": 7}, "sk": {"a": 0, "k": 0, "ix": 4}, "sa": {"a": 0, "k": 0, "ix": 5}, "nm": "Transform"}], "nm": "Group 9", "np": 3, "cix": 2, "bm": 0, "ix": 9, "mn": "ADBE Vector Group", "hd": false}, {"ty": "gr", "it": [{"ind": 0, "ty": "sh", "ix": 1, "ks": {"a": 0, "k": {"i": [[0, 0], [0, 0], [0, 0], [0, 0]], "o": [[0, 0], [0, 0], [0, 0], [0, 0]], "v": [[54.051, 52.902], [18.547, 73.488], [-54.051, -52.902], [-18.548, -73.488]], "c": true}, "ix": 2}, "nm": "Path 1", "mn": "ADBE Vector Shape - Group", "hd": false}, {"ty": "st", "c": {"a": 0, "k": [0.466666696586, 0.56862745098, 0.996078491211, 1], "ix": 3}, "o": {"a": 0, "k": 100, "ix": 4}, "w": {"a": 0, "k": 3, "ix": 5}, "lc": 2, "lj": 1, "ml": 10, "bm": 0, "nm": "Stroke 1", "mn": "ADBE Vector Graphic - Stroke", "hd": false}, {"ty": "fl", "c": {"a": 0, "k": [1, 1, 1, 1], "ix": 4}, "o": {"a": 0, "k": 100, "ix": 5}, "r": 1, "bm": 0, "nm": "Fill 1", "mn": "ADBE Vector Graphic - Fill", "hd": false}, {"ty": "tr", "p": {"a": 0, "k": [238.833, 308.106], "ix": 2}, "a": {"a": 0, "k": [0, 0], "ix": 1}, "s": {"a": 0, "k": [100, 100], "ix": 3}, "r": {"a": 0, "k": 0, "ix": 6}, "o": {"a": 0, "k": 100, "ix": 7}, "sk": {"a": 0, "k": 0, "ix": 4}, "sa": {"a": 0, "k": 0, "ix": 5}, "nm": "Transform"}], "nm": "Group 10", "np": 3, "cix": 2, "bm": 0, "ix": 10, "mn": "ADBE Vector Group", "hd": false}], "ip": 0, "op": 92, "st": 0, "bm": 0}, {"ddd": 0, "ind": 10, "ty": 4, "nm": "Shadow 2", "parent": 9, "sr": 1, "ks": {"o": {"a": 0, "k": 100, "ix": 11}, "r": {"a": 0, "k": 0, "ix": 10}, "p": {"a": 0, "k": [264.036, 251.577, 0], "ix": 2}, "a": {"a": 0, "k": [136.292, 186.917, 0], "ix": 1}, "s": {"a": 0, "k": [100, 100, 100], "ix": 6}}, "ao": 0, "shapes": [{"ind": 0, "ty": "sh", "ix": 1, "ks": {"a": 0, "k": {"i": [[4.308, 7.43], [-34.935, 30.242], [-2.292, 1.626], [-22.859, -2.076], [-16.304, -17.494], [-0.953, -22.935], [7.913, -15.065], [22.075, -8.382], [21.882, 7.898], [9.789, 9.686]], "o": [[-24.03, -41.443], [2.137, -1.817], [18.723, -13.287], [23.865, 2.168], [15.699, 16.846], [0.707, 17.035], [-11.123, 20.81], [-21.792, 8.275], [-13.051, -4.71], [-5.775, -5.829]], "v": [[29.209, 163.375], [49.795, 39.972], [56.438, 34.801], [121.436, 17.319], [184.032, 48.235], [209.681, 110.512], [198.426, 159.588], [146.948, 204.977], [79.059, 205.318], [44.427, 183.285]], "c": true}, "ix": 2}, "nm": "Path 1", "mn": "ADBE Vector Shape - Group", "hd": false}, {"ind": 1, "ty": "sh", "ix": 2, "ks": {"a": 0, "k": {"i": [[4.499, 7.759], [0, 0], [0.562, 1.177], [0, 0], [1.449, -0.902], [0, 0], [0, 0], [28.648, 49.407], [54.522, -31.613], [-31.614, -54.522], [-50.897, 18.339], [0, 0], [0, 0], [0, 0], [0, 0], [0, 0], [-0.874, -1.344], [0, 0], [-0.996, 0.06], [0, 0], [0, 0], [-10.346, 5.999], [0, 0]], "o": [[0, 0], [0.955, -0.831], [0, 0], [-0.736, -1.54], [0, 0], [0, 0], [43.181, -34.718], [-31.614, -54.523], [-54.522, 31.614], [28.099, 48.462], [0, 0], [0, 0], [0, 0], [0, 0], [0, 0], [-1.362, 0.847], [0, 0], [0.58, 0.893], [0, 0], [0, 0], [4.499, 7.76], [0, 0], [10.346, -5.999]], "v": [[270.884, 344.993], [219.449, 255.429], [220.154, 252.039], [219.948, 251.609], [215.851, 250.413], [213.75, 251.721], [185.76, 202.992], [212.856, 56.891], [56.893, 15.411], [15.414, 171.374], [152.699, 221.552], [153.622, 223.157], [155.362, 226.722], [155.718, 226.806], [181.545, 271.771], [179.49, 273.051], [178.602, 277.042], [178.634, 277.091], [181.207, 278.375], [180.899, 278.563], [233.041, 366.935], [259.92, 370.123], [260.298, 369.904]], "c": true}, "ix": 2}, "nm": "Path 2", "mn": "ADBE Vector Shape - Group", "hd": false}, {"ty": "fl", "c": {"a": 0, "k": [0.552941176471, 0.639215686275, 0.996078491211, 1], "ix": 4}, "o": {"a": 0, "k": 100, "ix": 5}, "r": 1, "bm": 0, "nm": "Fill 1", "mn": "ADBE Vector Graphic - Fill", "hd": false}], "ip": -6, "op": 93, "st": -6, "bm": 0}, {"ddd": 0, "ind": 11, "ty": 0, "nm": "Man face 2", "refId": "comp_2", "sr": 1, "ks": {"o": {"a": 0, "k": 100, "ix": 11}, "r": {"a": 0, "k": 0, "ix": 10}, "p": {"a": 0, "k": [527.5, 1134, 0], "ix": 2}, "a": {"a": 0, "k": [540, 540, 0], "ix": 1}, "s": {"a": 0, "k": [48, 48, 100], "ix": 6}}, "ao": 0, "w": 1080, "h": 1080, "ip": 0, "op": 93, "st": 0, "bm": 0}, {"ddd": 0, "ind": 12, "ty": 4, "nm": "Circle/ID Card_Verfication-Success or Failure Outlines 2", "sr": 1, "ks": {"o": {"a": 0, "k": 100, "ix": 11}, "r": {"a": 0, "k": 0, "ix": 10}, "p": {"a": 0, "k": [762, 1122, 0], "ix": 2}, "a": {"a": 0, "k": [76.5, 76.5, 0], "ix": 1}, "s": {"a": 1, "k": [{"i": {"x": [0, 0, 0.667], "y": [1, 1, 1]}, "o": {"x": [0.333, 0.333, 0.333], "y": [0, 0, 0]}, "t": 41, "s": [0, 0, 100]}, {"t": 51, "s": [100, 100, 100]}], "ix": 6}}, "ao": 0, "shapes": [{"ty": "gr", "it": [{"d": 1, "ty": "el", "s": {"a": 0, "k": [132.5, 132.5], "ix": 2}, "p": {"a": 0, "k": [0, 0], "ix": 3}, "nm": "Ellipse Path 1", "mn": "ADBE Vector Shape - Ellipse", "hd": false}, {"ty": "st", "c": {"a": 0, "k": [0, 0.019592285156, 0.282348632813, 1], "ix": 3}, "o": {"a": 0, "k": 100, "ix": 4}, "w": {"a": 0, "k": 4, "ix": 5}, "lc": 1, "lj": 1, "ml": 4, "bm": 0, "nm": "Stroke 1", "mn": "ADBE Vector Graphic - Stroke", "hd": false}, {"ty": "tr", "p": {"a": 0, "k": [76.25, 76.25], "ix": 2}, "a": {"a": 0, "k": [0, 0], "ix": 1}, "s": {"a": 0, "k": [100, 100], "ix": 3}, "r": {"a": 0, "k": 0, "ix": 6}, "o": {"a": 0, "k": 100, "ix": 7}, "sk": {"a": 0, "k": 0, "ix": 4}, "sa": {"a": 0, "k": 0, "ix": 5}, "nm": "Transform"}], "nm": "Ellipse 1", "np": 2, "cix": 2, "bm": 0, "ix": 1, "mn": "ADBE Vector Group", "hd": false}], "ip": 41, "op": 91, "st": 41, "bm": 0}, {"ddd": 0, "ind": 13, "ty": 4, "nm": "circle 2", "sr": 1, "ks": {"o": {"a": 0, "k": 35, "ix": 11}, "r": {"a": 0, "k": 0, "ix": 10}, "p": {"a": 0, "k": [527, 1134, 0], "ix": 2}, "a": {"a": 0, "k": [-0.5, -11, 0], "ix": 1}, "s": {"a": 1, "k": [{"i": {"x": [0.667, 0.667, 0.667], "y": [1, 1, 1]}, "o": {"x": [0.333, 0.333, 0.333], "y": [0, 0, 0]}, "t": 4, "s": [100, 100, 100]}, {"i": {"x": [0.667, 0.667, 0.667], "y": [1, 1, 1]}, "o": {"x": [0.333, 0.333, 0.333], "y": [0, 0, 0]}, "t": 32, "s": [80, 80, 100]}, {"t": 60, "s": [100, 100, 100]}], "ix": 6, "x": "var $bm_rt;\n$bm_rt = loopOut();"}}, "ao": 0, "shapes": [{"ty": "gr", "it": [{"d": 1, "ty": "el", "s": {"a": 0, "k": [506, 506], "ix": 2}, "p": {"a": 0, "k": [0, 0], "ix": 3}, "nm": "Ellipse Path 1", "mn": "ADBE Vector Shape - Ellipse", "hd": false}, {"ty": "st", "c": {"a": 0, "k": [0.079662001367, 0.232825993557, 0.580391977348, 1], "ix": 3}, "o": {"a": 0, "k": 100, "ix": 4}, "w": {"a": 0, "k": 0, "ix": 5}, "lc": 1, "lj": 1, "ml": 4, "bm": 0, "nm": "Stroke 1", "mn": "ADBE Vector Graphic - Stroke", "hd": false}, {"ty": "fl", "c": {"a": 0, "k": [0.643127022538, 0.709807990579, 0.996093989354, 1], "ix": 4}, "o": {"a": 0, "k": 100, "ix": 5}, "r": 1, "bm": 0, "nm": "Fill 1", "mn": "ADBE Vector Graphic - Fill", "hd": false}, {"ty": "tr", "p": {"a": 0, "k": [-0.5, -11], "ix": 2}, "a": {"a": 0, "k": [0, 0], "ix": 1}, "s": {"a": 0, "k": [100, 100], "ix": 3}, "r": {"a": 0, "k": 0, "ix": 6}, "o": {"a": 0, "k": 100, "ix": 7}, "sk": {"a": 0, "k": 0, "ix": 4}, "sa": {"a": 0, "k": 0, "ix": 5}, "nm": "Transform"}], "nm": "Ellipse 1", "np": 3, "cix": 2, "bm": 0, "ix": 1, "mn": "ADBE Vector Group", "hd": false}], "ip": 0, "op": 93, "st": 0, "bm": 0}, {"ddd": 0, "ind": 14, "ty": 4, "nm": "circle 1", "sr": 1, "ks": {"o": {"a": 0, "k": 20, "ix": 11}, "r": {"a": 0, "k": 0, "ix": 10}, "p": {"a": 0, "k": [527, 1134, 0], "ix": 2}, "a": {"a": 0, "k": [-0.5, -11, 0], "ix": 1}, "s": {"a": 1, "k": [{"i": {"x": [0.667, 0.667, 0.667], "y": [1, 1, 1]}, "o": {"x": [0.333, 0.333, 0.333], "y": [0, 0, 0]}, "t": 0, "s": [100, 100, 100]}, {"i": {"x": [0.667, 0.667, 0.667], "y": [1, 1, 1]}, "o": {"x": [0.333, 0.333, 0.333], "y": [0, 0, 0]}, "t": 30, "s": [70, 70, 100]}, {"t": 60, "s": [100, 100, 100]}], "ix": 6, "x": "var $bm_rt;\n$bm_rt = loopOut();"}}, "ao": 0, "shapes": [{"ty": "gr", "it": [{"d": 1, "ty": "el", "s": {"a": 0, "k": [706, 706], "ix": 2}, "p": {"a": 0, "k": [0, 0], "ix": 3}, "nm": "Ellipse Path 1", "mn": "ADBE Vector Shape - Ellipse", "hd": false}, {"ty": "st", "c": {"a": 0, "k": [0.079662001367, 0.232825993557, 0.580391977348, 1], "ix": 3}, "o": {"a": 0, "k": 100, "ix": 4}, "w": {"a": 0, "k": 0, "ix": 5}, "lc": 1, "lj": 1, "ml": 4, "bm": 0, "nm": "Stroke 1", "mn": "ADBE Vector Graphic - Stroke", "hd": false}, {"ty": "fl", "c": {"a": 0, "k": [0.643127022538, 0.709807990579, 0.996093989354, 1], "ix": 4}, "o": {"a": 0, "k": 100, "ix": 5}, "r": 1, "bm": 0, "nm": "Fill 1", "mn": "ADBE Vector Graphic - Fill", "hd": false}, {"ty": "tr", "p": {"a": 0, "k": [-0.5, -11], "ix": 2}, "a": {"a": 0, "k": [0, 0], "ix": 1}, "s": {"a": 0, "k": [100, 100], "ix": 3}, "r": {"a": 0, "k": 0, "ix": 6}, "o": {"a": 0, "k": 100, "ix": 7}, "sk": {"a": 0, "k": 0, "ix": 4}, "sa": {"a": 0, "k": 0, "ix": 5}, "nm": "Transform"}], "nm": "Ellipse 1", "np": 3, "cix": 2, "bm": 0, "ix": 1, "mn": "ADBE Vector Group", "hd": false}], "ip": 0, "op": 93, "st": 0, "bm": 0}]}, {"id": "comp_1", "layers": [{"ddd": 0, "ind": 1, "ty": 4, "nm": "Layer 10 Outlines", "sr": 1, "ks": {"o": {"a": 0, "k": 100, "ix": 11}, "r": {"a": 0, "k": 0, "ix": 10}, "p": {"a": 0, "k": [626.621, 460.652, 0], "ix": 2}, "a": {"a": 0, "k": [48.226, 14.958, 0], "ix": 1}, "s": {"a": 0, "k": [100, 100, 100], "ix": 6}}, "ao": 0, "shapes": [{"ind": 0, "ty": "sh", "ix": 1, "ks": {"a": 0, "k": {"i": [[-0.089, -3.586], [0, 0], [0, 0], [0, 0], [9.201, 0.767], [0, 0]], "o": [[0.219, 8.844], [0, 0], [0, 0], [-8.258, -4.129], [0, 0], [-3.567, -0.375]], "v": [[0.583, 6.67], [0.25, 29.665], [96.202, 29.665], [63.631, 11.2], [37.203, 3.789], [7.13, 0.625]], "c": true}, "ix": 2}, "nm": "Path 1", "mn": "ADBE Vector Shape - Group", "hd": false}, {"ty": "fl", "c": {"a": 0, "k": [0, 0.019607843137, 0.282352941176, 1], "ix": 4}, "o": {"a": 0, "k": 100, "ix": 5}, "r": 1, "bm": 0, "nm": "Fill 1", "mn": "ADBE Vector Graphic - Fill", "hd": false}], "ip": 0, "op": 241, "st": 0, "bm": 0}, {"ddd": 0, "ind": 2, "ty": 4, "nm": "Layer 9 Outlines", "sr": 1, "ks": {"o": {"a": 0, "k": 100, "ix": 11}, "r": {"a": 0, "k": 0, "ix": 10}, "p": {"a": 0, "k": [449.824, 460.652, 0], "ix": 2}, "a": {"a": 0, "k": [48.226, 14.958, 0], "ix": 1}, "s": {"a": 0, "k": [100, 100, 100], "ix": 6}}, "ao": 0, "shapes": [{"ind": 0, "ty": "sh", "ix": 1, "ks": {"a": 0, "k": {"i": [[0.089, -3.586], [0, 0], [0, 0], [0, 0], [-9.201, 0.767], [0, 0]], "o": [[-0.219, 8.844], [0, 0], [0, 0], [8.258, -4.129], [0, 0], [3.567, -0.375]], "v": [[95.869, 6.67], [96.202, 29.665], [0.25, 29.665], [32.821, 11.2], [59.249, 3.789], [89.322, 0.625]], "c": true}, "ix": 2}, "nm": "Path 1", "mn": "ADBE Vector Shape - Group", "hd": false}, {"ty": "fl", "c": {"a": 0, "k": [0, 0.019607843137, 0.282352941176, 1], "ix": 4}, "o": {"a": 0, "k": 100, "ix": 5}, "r": 1, "bm": 0, "nm": "Fill 1", "mn": "ADBE Vector Graphic - Fill", "hd": false}], "ip": 0, "op": 241, "st": 0, "bm": 0}, {"ddd": 0, "ind": 3, "ty": 4, "nm": "Layer 8 Outlines", "sr": 1, "ks": {"o": {"a": 0, "k": 100, "ix": 11}, "r": {"a": 0, "k": 0, "ix": 10}, "p": {"a": 0, "k": [459.799, 547.256, 0], "ix": 2}, "a": {"a": 0, "k": [16.904, 16.904, 0], "ix": 1}, "s": {"a": 0, "k": [100, 100, 100], "ix": 6}}, "ao": 0, "shapes": [{"ind": 0, "ty": "sh", "ix": 1, "ks": {"a": 0, "k": {"i": [[0, -9.198], [9.198, 0], [0, 9.198], [-9.197, 0]], "o": [[0, 9.198], [-9.197, 0], [0, -9.198], [9.198, 0]], "v": [[33.558, 16.904], [16.904, 33.558], [0.25, 16.904], [16.904, 0.25]], "c": true}, "ix": 2}, "nm": "Path 1", "mn": "ADBE Vector Shape - Group", "hd": false}, {"ty": "fl", "c": {"a": 0, "k": [0, 0.019607843137, 0.282352941176, 1], "ix": 4}, "o": {"a": 0, "k": 100, "ix": 5}, "r": 1, "bm": 0, "nm": "Fill 1", "mn": "ADBE Vector Graphic - Fill", "hd": false}], "ip": 0, "op": 241, "st": 0, "bm": 0}, {"ddd": 0, "ind": 4, "ty": 4, "nm": "Layer 7 Outlines", "sr": 1, "ks": {"o": {"a": 0, "k": 100, "ix": 11}, "r": {"a": 0, "k": 0, "ix": 10}, "p": {"a": 0, "k": [614.994, 547.256, 0], "ix": 2}, "a": {"a": 0, "k": [16.904, 16.904, 0], "ix": 1}, "s": {"a": 0, "k": [100, 100, 100], "ix": 6}}, "ao": 0, "shapes": [{"ind": 0, "ty": "sh", "ix": 1, "ks": {"a": 0, "k": {"i": [[0, -9.198], [9.198, 0], [0, 9.198], [-9.197, 0]], "o": [[0, 9.198], [-9.197, 0], [0, -9.198], [9.198, 0]], "v": [[33.557, 16.904], [16.903, 33.558], [0.25, 16.904], [16.903, 0.25]], "c": true}, "ix": 2}, "nm": "Path 1", "mn": "ADBE Vector Shape - Group", "hd": false}, {"ty": "fl", "c": {"a": 0, "k": [0, 0.019607843137, 0.282352941176, 1], "ix": 4}, "o": {"a": 0, "k": 100, "ix": 5}, "r": 1, "bm": 0, "nm": "Fill 1", "mn": "ADBE Vector Graphic - Fill", "hd": false}], "ip": 0, "op": 241, "st": 0, "bm": 0}, {"ddd": 0, "ind": 5, "ty": 4, "nm": "Layer 6 Outlines", "sr": 1, "ks": {"o": {"a": 0, "k": 100, "ix": 11}, "r": {"a": 0, "k": 0, "ix": 10}, "p": {"a": 0, "k": [543.51, 613.282, 0], "ix": 2}, "a": {"a": 0, "k": [42.591, 68.398, 0], "ix": 1}, "s": {"a": 0, "k": [100, 100, 100], "ix": 6}}, "ao": 0, "shapes": [{"ind": 0, "ty": "sh", "ix": 1, "ks": {"a": 0, "k": {"i": [[0, 0], [0, 0], [-0.793, -1.983], [-8.101, 2.155], [0, 0]], "o": [[0, 0], [0, 2.256], [3.111, 7.783], [0, 0], [0, 0]], "v": [[23.182, 23.182], [23.182, 95.702], [24.41, 102.102], [44.581, 111.459], [61.999, 106.826]], "c": false}, "ix": 2}, "nm": "Path 1", "mn": "ADBE Vector Shape - Group", "hd": false}, {"ty": "st", "c": {"a": 0, "k": [0, 0.019607843137, 0.282352941176, 1], "ix": 3}, "o": {"a": 0, "k": 100, "ix": 4}, "w": {"a": 0, "k": 9.273, "ix": 5}, "lc": 2, "lj": 2, "bm": 0, "nm": "Stroke 1", "mn": "ADBE Vector Graphic - Stroke", "hd": false}], "ip": 0, "op": 241, "st": 0, "bm": 0}, {"ddd": 0, "ind": 6, "ty": 4, "nm": "Layer 5 Outlines", "sr": 1, "ks": {"o": {"a": 0, "k": 100, "ix": 11}, "r": {"a": 0, "k": 0, "ix": 10}, "p": {"a": 0, "k": [540, 701.965, 0], "ix": 2}, "a": {"a": 0, "k": [83.87, 33.126, 0], "ix": 1}, "s": {"a": 0, "k": [100, 100, 100], "ix": 6}}, "ao": 0, "shapes": [{"ind": 0, "ty": "sh", "ix": 1, "ks": {"a": 0, "k": {"i": [[0, 0], [-34.519, 0], [0, 0]], "o": [[0, 0], [34.52, 0], [0, 0]], "v": [[23.182, 23.182], [86.185, 43.069], [144.558, 23.182]], "c": false}, "ix": 2}, "nm": "Path 1", "mn": "ADBE Vector Shape - Group", "hd": false}, {"ty": "st", "c": {"a": 0, "k": [0, 0.019607843137, 0.282352941176, 1], "ix": 3}, "o": {"a": 0, "k": 100, "ix": 4}, "w": {"a": 0, "k": 9.273, "ix": 5}, "lc": 2, "lj": 2, "bm": 0, "nm": "Stroke 1", "mn": "ADBE Vector Graphic - Stroke", "hd": false}], "ip": 0, "op": 241, "st": 0, "bm": 0}, {"ddd": 0, "ind": 7, "ty": 4, "nm": "Layer 13 Outlines", "sr": 1, "ks": {"o": {"a": 0, "k": 100, "ix": 11}, "r": {"a": 0, "k": 0, "ix": 10}, "p": {"a": 0, "k": [551.211, 391.725, 0], "ix": 2}, "a": {"a": 0, "k": [253.26, 178.944, 0], "ix": 1}, "s": {"a": 0, "k": [100, 100, 100], "ix": 6}}, "ao": 0, "shapes": [{"ind": 0, "ty": "sh", "ix": 1, "ks": {"a": 0, "k": {"i": [[93.693, -1.399], [1.235, -2.262], [0.122, -0.041], [30.084, -63.076], [-11.188, -32.965], [-3.714, -14.296], [0, 0], [-7.138, 11.934], [-51.788, -34.7], [-95.423, 51.162], [0, 0], [-5.056, 26.738], [0, 0]], "o": [[-111.969, 1.672], [-0.123, 0.04], [-4.323, -1.57], [-25.777, 54.044], [3.502, 14.9], [0, 0], [1.97, -13.878], [8.97, -14.683], [56.603, 37.927], [0, 0], [8.913, -27.719], [0, 0], [70.877, -212.453]], "v": [[276.021, 1.649], [122.694, 77.5], [122.316, 77.615], [26.027, 117.945], [41.447, 304.63], [52.481, 348.575], [69.311, 229.927], [83.186, 190.855], [179.653, 160.756], [397.887, 205.253], [413.706, 357.637], [435.392, 275.464], [435.394, 275.469]], "c": true}, "ix": 2}, "nm": "Path 1", "mn": "ADBE Vector Shape - Group", "hd": false}, {"ty": "fl", "c": {"a": 0, "k": [0, 0.019607843137, 0.282352941176, 1], "ix": 4}, "o": {"a": 0, "k": 100, "ix": 5}, "r": 1, "bm": 0, "nm": "Fill 1", "mn": "ADBE Vector Graphic - Fill", "hd": false}], "ip": 0, "op": 241, "st": 0, "bm": 0}, {"ddd": 0, "ind": 8, "ty": 4, "nm": "Layer 12 Outlines", "sr": 1, "ks": {"o": {"a": 0, "k": 100, "ix": 11}, "r": {"a": 0, "k": 0, "ix": 10}, "p": {"a": 0, "k": [535.857, 570.418, 0], "ix": 2}, "a": {"a": 0, "k": [221.663, 285.721, 0], "ix": 1}, "s": {"a": 0, "k": [100, 100, 100], "ix": 6}}, "ao": 0, "shapes": [{"ind": 0, "ty": "sh", "ix": 1, "ks": {"a": 0, "k": {"i": [[0, 0], [200.851, 0], [0, 0], [-201.234, 0]], "o": [[0, 0], [-200.851, 0], [0, 0], [187.296, 0]], "v": [[400.198, 218.394], [221.663, 550.63], [36.93, 218.394], [228.464, 20.812]], "c": true}, "ix": 2}, "nm": "Path 1", "mn": "ADBE Vector Shape - Group", "hd": false}, {"ty": "st", "c": {"a": 0, "k": [0, 0.019607843137, 0.282352941176, 1], "ix": 3}, "o": {"a": 0, "k": 100, "ix": 4}, "w": {"a": 0, "k": 8.325, "ix": 5}, "lc": 2, "lj": 2, "bm": 0, "nm": "Stroke 1", "mn": "ADBE Vector Graphic - Stroke", "hd": false}], "ip": 0, "op": 241, "st": 0, "bm": 0}, {"ddd": 0, "ind": 9, "ty": 4, "nm": "Layer 11 Outlines", "sr": 1, "ks": {"o": {"a": 0, "k": 100, "ix": 11}, "r": {"a": 0, "k": 0, "ix": 10}, "p": {"a": 0, "k": [535.857, 570.418, 0], "ix": 2}, "a": {"a": 0, "k": [201.101, 265.159, 0], "ix": 1}, "s": {"a": 0, "k": [100, 100, 100], "ix": 6}}, "ao": 0, "shapes": [{"ind": 0, "ty": "sh", "ix": 1, "ks": {"a": 0, "k": {"i": [[0, 0], [200.851, 0], [0, 0], [-201.234, 0]], "o": [[0, 0], [-200.851, 0], [0, 0], [187.296, 0]], "v": [[379.635, 197.832], [201.101, 530.067], [16.368, 197.832], [207.902, 0.25]], "c": true}, "ix": 2}, "nm": "Path 1", "mn": "ADBE Vector Shape - Group", "hd": false}, {"ty": "fl", "c": {"a": 0, "k": [1, 1, 1, 1], "ix": 4}, "o": {"a": 0, "k": 100, "ix": 5}, "r": 1, "bm": 0, "nm": "Fill 1", "mn": "ADBE Vector Graphic - Fill", "hd": false}], "ip": 0, "op": 241, "st": 0, "bm": 0}, {"ddd": 0, "ind": 10, "ty": 4, "nm": "Layer 4 Outlines", "sr": 1, "ks": {"o": {"a": 0, "k": 100, "ix": 11}, "r": {"a": 0, "k": 0, "ix": 10}, "p": {"a": 0, "k": [326.88, 609.341, 0], "ix": 2}, "a": {"a": 0, "k": [58.639, 88.684, 0], "ix": 1}, "s": {"a": 0, "k": [100, 100, 100], "ix": 6}}, "ao": 0, "shapes": [{"ind": 0, "ty": "sh", "ix": 1, "ks": {"a": 0, "k": {"i": [[0, 0], [-17.841, -37.018]], "o": [[0, 0], [0, 0]], "v": [[45.564, 64.421], [88.545, 93.051]], "c": false}, "ix": 2}, "nm": "Path 1", "mn": "ADBE Vector Shape - Group", "hd": false}, {"ty": "st", "c": {"a": 0, "k": [0, 0.019607843137, 0.282352941176, 1], "ix": 3}, "o": {"a": 0, "k": 100, "ix": 4}, "w": {"a": 0, "k": 4.521, "ix": 5}, "lc": 2, "lj": 2, "bm": 0, "nm": "Stroke 1", "mn": "ADBE Vector Graphic - Stroke", "hd": false}, {"ind": 2, "ty": "sh", "ix": 3, "ks": {"a": 0, "k": {"i": [[0, 0], [-18.068, -21.988]], "o": [[0, 0], [0, 0]], "v": [[76.34, 74.94], [67.055, 111.559]], "c": false}, "ix": 2}, "nm": "Path 2", "mn": "ADBE Vector Shape - Group", "hd": false}, {"ty": "st", "c": {"a": 0, "k": [0, 0.019607843137, 0.282352941176, 1], "ix": 3}, "o": {"a": 0, "k": 100, "ix": 4}, "w": {"a": 0, "k": 4.521, "ix": 5}, "lc": 2, "lj": 2, "bm": 0, "nm": "Stroke 2", "mn": "ADBE Vector Graphic - Stroke", "hd": false}, {"ind": 4, "ty": "sh", "ix": 5, "ks": {"a": 0, "k": {"i": [[0, 0], [22.309, -13.183], [-15.211, -24.338], [-13.582, 18.69]], "o": [[0, 0], [-22.309, 13.182], [15.211, 24.336], [0, 0]], "v": [[84.232, 47.992], [43.121, 33.996], [43.121, 120.19], [96.466, 137.865]], "c": false}, "ix": 2}, "nm": "Path 3", "mn": "ADBE Vector Shape - Group", "hd": false}, {"ty": "st", "c": {"a": 0, "k": [0, 0.019607843137, 0.282352941176, 1], "ix": 3}, "o": {"a": 0, "k": 100, "ix": 4}, "w": {"a": 0, "k": 8.325, "ix": 5}, "lc": 2, "lj": 2, "bm": 0, "nm": "Stroke 3", "mn": "ADBE Vector Graphic - Stroke", "hd": false}, {"ty": "fl", "c": {"a": 0, "k": [1, 1, 1, 1], "ix": 4}, "o": {"a": 0, "k": 100, "ix": 5}, "r": 1, "bm": 0, "nm": "Fill 1", "mn": "ADBE Vector Graphic - Fill", "hd": false}], "ip": 0, "op": 241, "st": 0, "bm": 0}, {"ddd": 0, "ind": 11, "ty": 4, "nm": "Layer 3 Outlines", "sr": 1, "ks": {"o": {"a": 0, "k": 100, "ix": 11}, "r": {"a": 0, "k": 0, "ix": 10}, "p": {"a": 0, "k": [739.926, 609.341, 0], "ix": 2}, "a": {"a": 0, "k": [58.639, 88.684, 0], "ix": 1}, "s": {"a": 0, "k": [100, 100, 100], "ix": 6}}, "ao": 0, "shapes": [{"ind": 0, "ty": "sh", "ix": 1, "ks": {"a": 0, "k": {"i": [[0, 0], [17.842, -37.018]], "o": [[0, 0], [0, 0]], "v": [[71.715, 64.421], [28.734, 93.051]], "c": false}, "ix": 2}, "nm": "Path 1", "mn": "ADBE Vector Shape - Group", "hd": false}, {"ty": "st", "c": {"a": 0, "k": [0, 0.019607843137, 0.282352941176, 1], "ix": 3}, "o": {"a": 0, "k": 100, "ix": 4}, "w": {"a": 0, "k": 4.521, "ix": 5}, "lc": 2, "lj": 2, "bm": 0, "nm": "Stroke 1", "mn": "ADBE Vector Graphic - Stroke", "hd": false}, {"ind": 2, "ty": "sh", "ix": 3, "ks": {"a": 0, "k": {"i": [[0, 0], [18.068, -21.988]], "o": [[0, 0], [0, 0]], "v": [[40.939, 74.94], [50.224, 111.559]], "c": false}, "ix": 2}, "nm": "Path 2", "mn": "ADBE Vector Shape - Group", "hd": false}, {"ty": "st", "c": {"a": 0, "k": [0, 0.019607843137, 0.282352941176, 1], "ix": 3}, "o": {"a": 0, "k": 100, "ix": 4}, "w": {"a": 0, "k": 4.521, "ix": 5}, "lc": 2, "lj": 2, "bm": 0, "nm": "Stroke 2", "mn": "ADBE Vector Graphic - Stroke", "hd": false}, {"ind": 4, "ty": "sh", "ix": 5, "ks": {"a": 0, "k": {"i": [[0, 0], [-22.309, -13.183], [15.211, -24.338], [13.582, 18.69]], "o": [[0, 0], [22.309, 13.182], [-15.21, 24.336], [0, 0]], "v": [[33.047, 47.992], [74.157, 33.996], [74.157, 120.19], [20.812, 137.865]], "c": false}, "ix": 2}, "nm": "Path 3", "mn": "ADBE Vector Shape - Group", "hd": false}, {"ty": "st", "c": {"a": 0, "k": [0, 0.019607843137, 0.282352941176, 1], "ix": 3}, "o": {"a": 0, "k": 100, "ix": 4}, "w": {"a": 0, "k": 8.325, "ix": 5}, "lc": 2, "lj": 2, "bm": 0, "nm": "Stroke 3", "mn": "ADBE Vector Graphic - Stroke", "hd": false}, {"ty": "fl", "c": {"a": 0, "k": [1, 1, 1, 1], "ix": 4}, "o": {"a": 0, "k": 100, "ix": 5}, "r": 1, "bm": 0, "nm": "Fill 1", "mn": "ADBE Vector Graphic - Fill", "hd": false}], "ip": 0, "op": 241, "st": 0, "bm": 0}, {"ddd": 0, "ind": 12, "ty": 4, "nm": "Layer 1 Outlines 2", "td": 1, "sr": 1, "ks": {"o": {"a": 0, "k": 100, "ix": 11}, "r": {"a": 0, "k": 0, "ix": 10}, "p": {"a": 0, "k": [540, 540, 0], "ix": 2}, "a": {"a": 0, "k": [410.448, 410.448, 0], "ix": 1}, "s": {"a": 0, "k": [100, 100, 100], "ix": 6}}, "ao": 0, "shapes": [{"ty": "gr", "it": [{"ind": 0, "ty": "sh", "ix": 1, "ks": {"a": 0, "k": {"i": [[0, 0]], "o": [[0, 0]], "v": [[-583.967, 701.844]], "c": false}, "ix": 2}, "nm": "Path 1", "mn": "ADBE Vector Shape - Group", "hd": false}, {"ty": "fl", "c": {"a": 0, "k": [1, 1, 1, 1], "ix": 4}, "o": {"a": 0, "k": 100, "ix": 5}, "r": 1, "bm": 0, "nm": "Fill 1", "mn": "ADBE Vector Graphic - Fill", "hd": false}, {"ty": "tr", "p": {"a": 0, "k": [0, 0], "ix": 2}, "a": {"a": 0, "k": [0, 0], "ix": 1}, "s": {"a": 0, "k": [100, 100], "ix": 3}, "r": {"a": 0, "k": 0, "ix": 6}, "o": {"a": 0, "k": 100, "ix": 7}, "sk": {"a": 0, "k": 0, "ix": 4}, "sa": {"a": 0, "k": 0, "ix": 5}, "nm": "Transform"}], "nm": "Shape 1", "np": 3, "cix": 2, "bm": 0, "ix": 1, "mn": "ADBE Vector Group", "hd": false}, {"ind": 1, "ty": "sh", "ix": 2, "ks": {"a": 0, "k": {"i": [[226.546, 0], [0, 226.546], [-226.546, 0], [0, -226.546]], "o": [[-226.546, 0], [0, -226.546], [226.546, 0], [0, 226.546]], "v": [[410.448, 820.645], [0.25, 410.447], [410.448, 0.25], [820.646, 410.447]], "c": true}, "ix": 2}, "nm": "Path 1", "mn": "ADBE Vector Shape - Group", "hd": false}, {"ty": "fl", "c": {"a": 0, "k": [1, 1, 1, 1], "ix": 4}, "o": {"a": 0, "k": 100, "ix": 5}, "r": 1, "bm": 0, "nm": "Fill 1", "mn": "ADBE Vector Graphic - Fill", "hd": false}], "ip": 0, "op": 241, "st": 0, "bm": 0}, {"ddd": 0, "ind": 13, "ty": 4, "nm": "Layer 2 Outlines", "tt": 1, "sr": 1, "ks": {"o": {"a": 0, "k": 100, "ix": 11}, "r": {"a": 0, "k": 0, "ix": 10}, "p": {"a": 0, "k": [535.005, 854.44, 0], "ix": 2}, "a": {"a": 0, "k": [152.082, 99.127, 0], "ix": 1}, "s": {"a": 0, "k": [100, 100, 100], "ix": 6}}, "ao": 0, "shapes": [{"ind": 0, "ty": "sh", "ix": 1, "ks": {"a": 0, "k": {"i": [[0, 0], [0, 0], [5.33, -6.11]], "o": [[0, 0], [0, 0], [0, 0]], "v": [[30.178, 22.608], [30.178, 162.268], [22.607, 172.338]], "c": false}, "ix": 2}, "nm": "Path 1", "mn": "ADBE Vector Shape - Group", "hd": false}, {"ty": "st", "c": {"a": 0, "k": [0.643137254902, 0.709803921569, 0.996078491211, 1], "ix": 3}, "o": {"a": 0, "k": 100, "ix": 4}, "w": {"a": 0, "k": 9.043, "ix": 5}, "lc": 2, "lj": 2, "bm": 0, "nm": "Stroke 1", "mn": "ADBE Vector Graphic - Stroke", "hd": false}, {"ind": 2, "ty": "sh", "ix": 3, "ks": {"a": 0, "k": {"i": [[0, 0], [0, 0], [-3.43, -4.26]], "o": [[0, 0], [1, 4.66], [0, 0]], "v": [[274.768, 22.608], [274.768, 162.268], [281.557, 175.648]], "c": false}, "ix": 2}, "nm": "Path 2", "mn": "ADBE Vector Shape - Group", "hd": false}, {"ty": "st", "c": {"a": 0, "k": [0.643137254902, 0.709803921569, 0.996078491211, 1], "ix": 3}, "o": {"a": 0, "k": 100, "ix": 4}, "w": {"a": 0, "k": 9.043, "ix": 5}, "lc": 2, "lj": 2, "bm": 0, "nm": "Stroke 2", "mn": "ADBE Vector Graphic - Stroke", "hd": false}], "ip": 0, "op": 241, "st": 0, "bm": 0}, {"ddd": 0, "ind": 14, "ty": 4, "nm": "Layer 14 Outlines", "sr": 1, "ks": {"o": {"a": 0, "k": 100, "ix": 11}, "r": {"a": 0, "k": 0, "ix": 10}, "p": {"a": 0, "k": [538.721, 840.824, 0], "ix": 2}, "a": {"a": 0, "k": [123.174, 70.231, 0], "ix": 1}, "s": {"a": 0, "k": [100, 100, 100], "ix": 6}}, "ao": 0, "shapes": [{"ind": 0, "ty": "sh", "ix": 1, "ks": {"a": 0, "k": {"i": [[0, 0], [-58.407, -33.281], [-28.782, 39.422], [0, 42.556], [69.732, -2.89]], "o": [[0, 0], [42.408, 24.167], [14.356, -19.664], [0, 0], [-69.731, 2.891]], "v": [[0.25, 11.098], [94.758, 116.045], [220.803, 91.416], [246.097, 0.25], [129.597, 64.733]], "c": true}, "ix": 2}, "nm": "Path 1", "mn": "ADBE Vector Shape - Group", "hd": false}, {"ty": "fl", "c": {"a": 0, "k": [0.552941176471, 0.639215686275, 0.996078491211, 1], "ix": 4}, "o": {"a": 0, "k": 100, "ix": 5}, "r": 1, "bm": 0, "nm": "Fill 1", "mn": "ADBE Vector Graphic - Fill", "hd": false}], "ip": 0, "op": 241, "st": 0, "bm": 0}, {"ddd": 0, "ind": 15, "ty": 4, "nm": "Layer 1 Outlines", "sr": 1, "ks": {"o": {"a": 0, "k": 100, "ix": 11}, "r": {"a": 0, "k": 0, "ix": 10}, "p": {"a": 0, "k": [540, 540, 0], "ix": 2}, "a": {"a": 0, "k": [410.448, 410.448, 0], "ix": 1}, "s": {"a": 0, "k": [100, 100, 100], "ix": 6}}, "ao": 0, "shapes": [{"ty": "gr", "it": [{"ind": 0, "ty": "sh", "ix": 1, "ks": {"a": 0, "k": {"i": [[0, 0]], "o": [[0, 0]], "v": [[-583.967, 701.844]], "c": false}, "ix": 2}, "nm": "Path 1", "mn": "ADBE Vector Shape - Group", "hd": false}, {"ty": "fl", "c": {"a": 0, "k": [1, 1, 1, 1], "ix": 4}, "o": {"a": 0, "k": 100, "ix": 5}, "r": 1, "bm": 0, "nm": "Fill 1", "mn": "ADBE Vector Graphic - Fill", "hd": false}, {"ty": "tr", "p": {"a": 0, "k": [0, 0], "ix": 2}, "a": {"a": 0, "k": [0, 0], "ix": 1}, "s": {"a": 0, "k": [100, 100], "ix": 3}, "r": {"a": 0, "k": 0, "ix": 6}, "o": {"a": 0, "k": 100, "ix": 7}, "sk": {"a": 0, "k": 0, "ix": 4}, "sa": {"a": 0, "k": 0, "ix": 5}, "nm": "Transform"}], "nm": "Shape 1", "np": 3, "cix": 2, "bm": 0, "ix": 1, "mn": "ADBE Vector Group", "hd": false}, {"ind": 1, "ty": "sh", "ix": 2, "ks": {"a": 0, "k": {"i": [[226.546, 0], [0, 226.546], [-226.546, 0], [0, -226.546]], "o": [[-226.546, 0], [0, -226.546], [226.546, 0], [0, 226.546]], "v": [[410.448, 820.645], [0.25, 410.447], [410.448, 0.25], [820.646, 410.447]], "c": true}, "ix": 2}, "nm": "Path 1", "mn": "ADBE Vector Shape - Group", "hd": false}, {"ty": "fl", "c": {"a": 0, "k": [1, 1, 1, 1], "ix": 4}, "o": {"a": 0, "k": 100, "ix": 5}, "r": 1, "bm": 0, "nm": "Fill 1", "mn": "ADBE Vector Graphic - Fill", "hd": false}], "ip": 0, "op": 241, "st": 0, "bm": 0}]}, {"id": "comp_2", "layers": [{"ddd": 0, "ind": 1, "ty": 4, "nm": "Layer 10 Outlines", "sr": 1, "ks": {"o": {"a": 0, "k": 100, "ix": 11}, "r": {"a": 0, "k": 0, "ix": 10}, "p": {"a": 0, "k": [626.621, 460.652, 0], "ix": 2}, "a": {"a": 0, "k": [48.226, 14.958, 0], "ix": 1}, "s": {"a": 0, "k": [100, 100, 100], "ix": 6}}, "ao": 0, "shapes": [{"ind": 0, "ty": "sh", "ix": 1, "ks": {"a": 0, "k": {"i": [[-0.089, -3.586], [0, 0], [0, 0], [0, 0], [9.201, 0.767], [0, 0]], "o": [[0.219, 8.844], [0, 0], [0, 0], [-8.258, -4.129], [0, 0], [-3.567, -0.375]], "v": [[0.583, 6.67], [0.25, 29.665], [96.202, 29.665], [63.631, 11.2], [37.203, 3.789], [7.13, 0.625]], "c": true}, "ix": 2}, "nm": "Path 1", "mn": "ADBE Vector Shape - Group", "hd": false}, {"ty": "fl", "c": {"a": 0, "k": [0, 0.019607843137, 0.282352941176, 1], "ix": 4}, "o": {"a": 0, "k": 100, "ix": 5}, "r": 1, "bm": 0, "nm": "Fill 1", "mn": "ADBE Vector Graphic - Fill", "hd": false}], "ip": 0, "op": 241, "st": 0, "bm": 0}, {"ddd": 0, "ind": 2, "ty": 4, "nm": "Layer 9 Outlines", "sr": 1, "ks": {"o": {"a": 0, "k": 100, "ix": 11}, "r": {"a": 0, "k": 0, "ix": 10}, "p": {"a": 0, "k": [449.824, 460.652, 0], "ix": 2}, "a": {"a": 0, "k": [48.226, 14.958, 0], "ix": 1}, "s": {"a": 0, "k": [100, 100, 100], "ix": 6}}, "ao": 0, "shapes": [{"ind": 0, "ty": "sh", "ix": 1, "ks": {"a": 0, "k": {"i": [[0.089, -3.586], [0, 0], [0, 0], [0, 0], [-9.201, 0.767], [0, 0]], "o": [[-0.219, 8.844], [0, 0], [0, 0], [8.258, -4.129], [0, 0], [3.567, -0.375]], "v": [[95.869, 6.67], [96.202, 29.665], [0.25, 29.665], [32.821, 11.2], [59.249, 3.789], [89.322, 0.625]], "c": true}, "ix": 2}, "nm": "Path 1", "mn": "ADBE Vector Shape - Group", "hd": false}, {"ty": "fl", "c": {"a": 0, "k": [0, 0.019607843137, 0.282352941176, 1], "ix": 4}, "o": {"a": 0, "k": 100, "ix": 5}, "r": 1, "bm": 0, "nm": "Fill 1", "mn": "ADBE Vector Graphic - Fill", "hd": false}], "ip": 0, "op": 241, "st": 0, "bm": 0}, {"ddd": 0, "ind": 3, "ty": 4, "nm": "Layer 8 Outlines", "sr": 1, "ks": {"o": {"a": 0, "k": 100, "ix": 11}, "r": {"a": 0, "k": 0, "ix": 10}, "p": {"a": 0, "k": [459.799, 547.256, 0], "ix": 2}, "a": {"a": 0, "k": [16.904, 16.904, 0], "ix": 1}, "s": {"a": 0, "k": [100, 100, 100], "ix": 6}}, "ao": 0, "shapes": [{"ind": 0, "ty": "sh", "ix": 1, "ks": {"a": 0, "k": {"i": [[0, -9.198], [9.198, 0], [0, 9.198], [-9.197, 0]], "o": [[0, 9.198], [-9.197, 0], [0, -9.198], [9.198, 0]], "v": [[33.558, 16.904], [16.904, 33.558], [0.25, 16.904], [16.904, 0.25]], "c": true}, "ix": 2}, "nm": "Path 1", "mn": "ADBE Vector Shape - Group", "hd": false}, {"ty": "fl", "c": {"a": 0, "k": [0, 0.019607843137, 0.282352941176, 1], "ix": 4}, "o": {"a": 0, "k": 100, "ix": 5}, "r": 1, "bm": 0, "nm": "Fill 1", "mn": "ADBE Vector Graphic - Fill", "hd": false}], "ip": 0, "op": 241, "st": 0, "bm": 0}, {"ddd": 0, "ind": 4, "ty": 4, "nm": "Layer 7 Outlines", "sr": 1, "ks": {"o": {"a": 0, "k": 100, "ix": 11}, "r": {"a": 0, "k": 0, "ix": 10}, "p": {"a": 0, "k": [614.994, 547.256, 0], "ix": 2}, "a": {"a": 0, "k": [16.904, 16.904, 0], "ix": 1}, "s": {"a": 0, "k": [100, 100, 100], "ix": 6}}, "ao": 0, "shapes": [{"ind": 0, "ty": "sh", "ix": 1, "ks": {"a": 0, "k": {"i": [[0, -9.198], [9.198, 0], [0, 9.198], [-9.197, 0]], "o": [[0, 9.198], [-9.197, 0], [0, -9.198], [9.198, 0]], "v": [[33.557, 16.904], [16.903, 33.558], [0.25, 16.904], [16.903, 0.25]], "c": true}, "ix": 2}, "nm": "Path 1", "mn": "ADBE Vector Shape - Group", "hd": false}, {"ty": "fl", "c": {"a": 0, "k": [0, 0.019607843137, 0.282352941176, 1], "ix": 4}, "o": {"a": 0, "k": 100, "ix": 5}, "r": 1, "bm": 0, "nm": "Fill 1", "mn": "ADBE Vector Graphic - Fill", "hd": false}], "ip": 0, "op": 241, "st": 0, "bm": 0}, {"ddd": 0, "ind": 5, "ty": 4, "nm": "Layer 6 Outlines", "sr": 1, "ks": {"o": {"a": 0, "k": 100, "ix": 11}, "r": {"a": 0, "k": 0, "ix": 10}, "p": {"a": 0, "k": [543.51, 613.282, 0], "ix": 2}, "a": {"a": 0, "k": [42.591, 68.398, 0], "ix": 1}, "s": {"a": 0, "k": [100, 100, 100], "ix": 6}}, "ao": 0, "shapes": [{"ind": 0, "ty": "sh", "ix": 1, "ks": {"a": 0, "k": {"i": [[0, 0], [0, 0], [-0.793, -1.983], [-8.101, 2.155], [0, 0]], "o": [[0, 0], [0, 2.256], [3.111, 7.783], [0, 0], [0, 0]], "v": [[23.182, 23.182], [23.182, 95.702], [24.41, 102.102], [44.581, 111.459], [61.999, 106.826]], "c": false}, "ix": 2}, "nm": "Path 1", "mn": "ADBE Vector Shape - Group", "hd": false}, {"ty": "st", "c": {"a": 0, "k": [0, 0.019607843137, 0.282352941176, 1], "ix": 3}, "o": {"a": 0, "k": 100, "ix": 4}, "w": {"a": 0, "k": 9.273, "ix": 5}, "lc": 2, "lj": 2, "bm": 0, "nm": "Stroke 1", "mn": "ADBE Vector Graphic - Stroke", "hd": false}], "ip": 0, "op": 241, "st": 0, "bm": 0}, {"ddd": 0, "ind": 6, "ty": 4, "nm": "Layer 5 Outlines", "sr": 1, "ks": {"o": {"a": 0, "k": 100, "ix": 11}, "r": {"a": 0, "k": 0, "ix": 10}, "p": {"a": 1, "k": [{"i": {"x": 0.833, "y": 0.833}, "o": {"x": 0.167, "y": 0.167}, "t": 44, "s": [540, 701.965, 0], "to": [0, 4, 0], "ti": [0, -4, 0]}, {"t": 51, "s": [540, 725.965, 0]}], "ix": 2}, "a": {"a": 0, "k": [83.87, 33.126, 0], "ix": 1}, "s": {"a": 0, "k": [100, 100, 100], "ix": 6}}, "ao": 0, "shapes": [{"ind": 0, "ty": "sh", "ix": 1, "ks": {"a": 1, "k": [{"i": {"x": 0.833, "y": 0.833}, "o": {"x": 0.167, "y": 0.167}, "t": 44, "s": [{"i": [[0, 0], [-34.519, 0], [0, 0]], "o": [[0, 0], [34.52, 0], [0, 0]], "v": [[23.182, 23.182], [86.185, 43.069], [144.558, 23.182]], "c": false}]}, {"t": 51, "s": [{"i": [[0, 0], [-34.519, 0], [0, 0]], "o": [[0, 0], [34.52, 0], [0, 0]], "v": [[23.182, 23.182], [86.185, 9.569], [144.558, 23.182]], "c": false}]}], "ix": 2}, "nm": "Path 1", "mn": "ADBE Vector Shape - Group", "hd": false}, {"ty": "st", "c": {"a": 0, "k": [0, 0.019607843137, 0.282352941176, 1], "ix": 3}, "o": {"a": 0, "k": 100, "ix": 4}, "w": {"a": 0, "k": 9.273, "ix": 5}, "lc": 2, "lj": 2, "bm": 0, "nm": "Stroke 1", "mn": "ADBE Vector Graphic - Stroke", "hd": false}], "ip": 0, "op": 241, "st": 0, "bm": 0}, {"ddd": 0, "ind": 7, "ty": 4, "nm": "Layer 13 Outlines", "sr": 1, "ks": {"o": {"a": 0, "k": 100, "ix": 11}, "r": {"a": 0, "k": 0, "ix": 10}, "p": {"a": 0, "k": [551.211, 391.725, 0], "ix": 2}, "a": {"a": 0, "k": [253.26, 178.944, 0], "ix": 1}, "s": {"a": 0, "k": [100, 100, 100], "ix": 6}}, "ao": 0, "shapes": [{"ind": 0, "ty": "sh", "ix": 1, "ks": {"a": 0, "k": {"i": [[93.693, -1.399], [1.235, -2.262], [0.122, -0.041], [30.084, -63.076], [-11.188, -32.965], [-3.714, -14.296], [0, 0], [-7.138, 11.934], [-51.788, -34.7], [-95.423, 51.162], [0, 0], [-5.056, 26.738], [0, 0]], "o": [[-111.969, 1.672], [-0.123, 0.04], [-4.323, -1.57], [-25.777, 54.044], [3.502, 14.9], [0, 0], [1.97, -13.878], [8.97, -14.683], [56.603, 37.927], [0, 0], [8.913, -27.719], [0, 0], [70.877, -212.453]], "v": [[276.021, 1.649], [122.694, 77.5], [122.316, 77.615], [26.027, 117.945], [41.447, 304.63], [52.481, 348.575], [69.311, 229.927], [83.186, 190.855], [179.653, 160.756], [397.887, 205.253], [413.706, 357.637], [435.392, 275.464], [435.394, 275.469]], "c": true}, "ix": 2}, "nm": "Path 1", "mn": "ADBE Vector Shape - Group", "hd": false}, {"ty": "fl", "c": {"a": 0, "k": [0, 0.019607843137, 0.282352941176, 1], "ix": 4}, "o": {"a": 0, "k": 100, "ix": 5}, "r": 1, "bm": 0, "nm": "Fill 1", "mn": "ADBE Vector Graphic - Fill", "hd": false}], "ip": 0, "op": 241, "st": 0, "bm": 0}, {"ddd": 0, "ind": 8, "ty": 4, "nm": "Layer 12 Outlines", "sr": 1, "ks": {"o": {"a": 0, "k": 100, "ix": 11}, "r": {"a": 0, "k": 0, "ix": 10}, "p": {"a": 0, "k": [535.857, 570.418, 0], "ix": 2}, "a": {"a": 0, "k": [221.663, 285.721, 0], "ix": 1}, "s": {"a": 0, "k": [100, 100, 100], "ix": 6}}, "ao": 0, "shapes": [{"ind": 0, "ty": "sh", "ix": 1, "ks": {"a": 0, "k": {"i": [[0, 0], [200.851, 0], [0, 0], [-201.234, 0]], "o": [[0, 0], [-200.851, 0], [0, 0], [187.296, 0]], "v": [[400.198, 218.394], [221.663, 550.63], [36.93, 218.394], [228.464, 20.812]], "c": true}, "ix": 2}, "nm": "Path 1", "mn": "ADBE Vector Shape - Group", "hd": false}, {"ty": "st", "c": {"a": 0, "k": [0, 0.019607843137, 0.282352941176, 1], "ix": 3}, "o": {"a": 0, "k": 100, "ix": 4}, "w": {"a": 0, "k": 8.325, "ix": 5}, "lc": 2, "lj": 2, "bm": 0, "nm": "Stroke 1", "mn": "ADBE Vector Graphic - Stroke", "hd": false}], "ip": 0, "op": 241, "st": 0, "bm": 0}, {"ddd": 0, "ind": 9, "ty": 4, "nm": "Layer 11 Outlines", "sr": 1, "ks": {"o": {"a": 0, "k": 100, "ix": 11}, "r": {"a": 0, "k": 0, "ix": 10}, "p": {"a": 0, "k": [535.857, 570.418, 0], "ix": 2}, "a": {"a": 0, "k": [201.101, 265.159, 0], "ix": 1}, "s": {"a": 0, "k": [100, 100, 100], "ix": 6}}, "ao": 0, "shapes": [{"ind": 0, "ty": "sh", "ix": 1, "ks": {"a": 0, "k": {"i": [[0, 0], [200.851, 0], [0, 0], [-201.234, 0]], "o": [[0, 0], [-200.851, 0], [0, 0], [187.296, 0]], "v": [[379.635, 197.832], [201.101, 530.067], [16.368, 197.832], [207.902, 0.25]], "c": true}, "ix": 2}, "nm": "Path 1", "mn": "ADBE Vector Shape - Group", "hd": false}, {"ty": "fl", "c": {"a": 0, "k": [1, 1, 1, 1], "ix": 4}, "o": {"a": 0, "k": 100, "ix": 5}, "r": 1, "bm": 0, "nm": "Fill 1", "mn": "ADBE Vector Graphic - Fill", "hd": false}], "ip": 0, "op": 241, "st": 0, "bm": 0}, {"ddd": 0, "ind": 10, "ty": 4, "nm": "Layer 4 Outlines", "sr": 1, "ks": {"o": {"a": 0, "k": 100, "ix": 11}, "r": {"a": 0, "k": 0, "ix": 10}, "p": {"a": 0, "k": [326.88, 609.341, 0], "ix": 2}, "a": {"a": 0, "k": [58.639, 88.684, 0], "ix": 1}, "s": {"a": 0, "k": [100, 100, 100], "ix": 6}}, "ao": 0, "shapes": [{"ind": 0, "ty": "sh", "ix": 1, "ks": {"a": 0, "k": {"i": [[0, 0], [-17.841, -37.018]], "o": [[0, 0], [0, 0]], "v": [[45.564, 64.421], [88.545, 93.051]], "c": false}, "ix": 2}, "nm": "Path 1", "mn": "ADBE Vector Shape - Group", "hd": false}, {"ty": "st", "c": {"a": 0, "k": [0, 0.019607843137, 0.282352941176, 1], "ix": 3}, "o": {"a": 0, "k": 100, "ix": 4}, "w": {"a": 0, "k": 4.521, "ix": 5}, "lc": 2, "lj": 2, "bm": 0, "nm": "Stroke 1", "mn": "ADBE Vector Graphic - Stroke", "hd": false}, {"ind": 2, "ty": "sh", "ix": 3, "ks": {"a": 0, "k": {"i": [[0, 0], [-18.068, -21.988]], "o": [[0, 0], [0, 0]], "v": [[76.34, 74.94], [67.055, 111.559]], "c": false}, "ix": 2}, "nm": "Path 2", "mn": "ADBE Vector Shape - Group", "hd": false}, {"ty": "st", "c": {"a": 0, "k": [0, 0.019607843137, 0.282352941176, 1], "ix": 3}, "o": {"a": 0, "k": 100, "ix": 4}, "w": {"a": 0, "k": 4.521, "ix": 5}, "lc": 2, "lj": 2, "bm": 0, "nm": "Stroke 2", "mn": "ADBE Vector Graphic - Stroke", "hd": false}, {"ind": 4, "ty": "sh", "ix": 5, "ks": {"a": 0, "k": {"i": [[0, 0], [22.309, -13.183], [-15.211, -24.338], [-13.582, 18.69]], "o": [[0, 0], [-22.309, 13.182], [15.211, 24.336], [0, 0]], "v": [[84.232, 47.992], [43.121, 33.996], [43.121, 120.19], [96.466, 137.865]], "c": false}, "ix": 2}, "nm": "Path 3", "mn": "ADBE Vector Shape - Group", "hd": false}, {"ty": "st", "c": {"a": 0, "k": [0, 0.019607843137, 0.282352941176, 1], "ix": 3}, "o": {"a": 0, "k": 100, "ix": 4}, "w": {"a": 0, "k": 8.325, "ix": 5}, "lc": 2, "lj": 2, "bm": 0, "nm": "Stroke 3", "mn": "ADBE Vector Graphic - Stroke", "hd": false}, {"ty": "fl", "c": {"a": 0, "k": [1, 1, 1, 1], "ix": 4}, "o": {"a": 0, "k": 100, "ix": 5}, "r": 1, "bm": 0, "nm": "Fill 1", "mn": "ADBE Vector Graphic - Fill", "hd": false}], "ip": 0, "op": 241, "st": 0, "bm": 0}, {"ddd": 0, "ind": 11, "ty": 4, "nm": "Layer 3 Outlines", "sr": 1, "ks": {"o": {"a": 0, "k": 100, "ix": 11}, "r": {"a": 0, "k": 0, "ix": 10}, "p": {"a": 0, "k": [739.926, 609.341, 0], "ix": 2}, "a": {"a": 0, "k": [58.639, 88.684, 0], "ix": 1}, "s": {"a": 0, "k": [100, 100, 100], "ix": 6}}, "ao": 0, "shapes": [{"ind": 0, "ty": "sh", "ix": 1, "ks": {"a": 0, "k": {"i": [[0, 0], [17.842, -37.018]], "o": [[0, 0], [0, 0]], "v": [[71.715, 64.421], [28.734, 93.051]], "c": false}, "ix": 2}, "nm": "Path 1", "mn": "ADBE Vector Shape - Group", "hd": false}, {"ty": "st", "c": {"a": 0, "k": [0, 0.019607843137, 0.282352941176, 1], "ix": 3}, "o": {"a": 0, "k": 100, "ix": 4}, "w": {"a": 0, "k": 4.521, "ix": 5}, "lc": 2, "lj": 2, "bm": 0, "nm": "Stroke 1", "mn": "ADBE Vector Graphic - Stroke", "hd": false}, {"ind": 2, "ty": "sh", "ix": 3, "ks": {"a": 0, "k": {"i": [[0, 0], [18.068, -21.988]], "o": [[0, 0], [0, 0]], "v": [[40.939, 74.94], [50.224, 111.559]], "c": false}, "ix": 2}, "nm": "Path 2", "mn": "ADBE Vector Shape - Group", "hd": false}, {"ty": "st", "c": {"a": 0, "k": [0, 0.019607843137, 0.282352941176, 1], "ix": 3}, "o": {"a": 0, "k": 100, "ix": 4}, "w": {"a": 0, "k": 4.521, "ix": 5}, "lc": 2, "lj": 2, "bm": 0, "nm": "Stroke 2", "mn": "ADBE Vector Graphic - Stroke", "hd": false}, {"ind": 4, "ty": "sh", "ix": 5, "ks": {"a": 0, "k": {"i": [[0, 0], [-22.309, -13.183], [15.211, -24.338], [13.582, 18.69]], "o": [[0, 0], [22.309, 13.182], [-15.21, 24.336], [0, 0]], "v": [[33.047, 47.992], [74.157, 33.996], [74.157, 120.19], [20.812, 137.865]], "c": false}, "ix": 2}, "nm": "Path 3", "mn": "ADBE Vector Shape - Group", "hd": false}, {"ty": "st", "c": {"a": 0, "k": [0, 0.019607843137, 0.282352941176, 1], "ix": 3}, "o": {"a": 0, "k": 100, "ix": 4}, "w": {"a": 0, "k": 8.325, "ix": 5}, "lc": 2, "lj": 2, "bm": 0, "nm": "Stroke 3", "mn": "ADBE Vector Graphic - Stroke", "hd": false}, {"ty": "fl", "c": {"a": 0, "k": [1, 1, 1, 1], "ix": 4}, "o": {"a": 0, "k": 100, "ix": 5}, "r": 1, "bm": 0, "nm": "Fill 1", "mn": "ADBE Vector Graphic - Fill", "hd": false}], "ip": 0, "op": 241, "st": 0, "bm": 0}, {"ddd": 0, "ind": 12, "ty": 4, "nm": "Layer 1 Outlines 2", "td": 1, "sr": 1, "ks": {"o": {"a": 0, "k": 100, "ix": 11}, "r": {"a": 0, "k": 0, "ix": 10}, "p": {"a": 0, "k": [540, 540, 0], "ix": 2}, "a": {"a": 0, "k": [410.448, 410.448, 0], "ix": 1}, "s": {"a": 0, "k": [100, 100, 100], "ix": 6}}, "ao": 0, "shapes": [{"ty": "gr", "it": [{"ind": 0, "ty": "sh", "ix": 1, "ks": {"a": 0, "k": {"i": [[0, 0]], "o": [[0, 0]], "v": [[-583.967, 701.844]], "c": false}, "ix": 2}, "nm": "Path 1", "mn": "ADBE Vector Shape - Group", "hd": false}, {"ty": "fl", "c": {"a": 0, "k": [1, 1, 1, 1], "ix": 4}, "o": {"a": 0, "k": 100, "ix": 5}, "r": 1, "bm": 0, "nm": "Fill 1", "mn": "ADBE Vector Graphic - Fill", "hd": false}, {"ty": "tr", "p": {"a": 0, "k": [0, 0], "ix": 2}, "a": {"a": 0, "k": [0, 0], "ix": 1}, "s": {"a": 0, "k": [100, 100], "ix": 3}, "r": {"a": 0, "k": 0, "ix": 6}, "o": {"a": 0, "k": 100, "ix": 7}, "sk": {"a": 0, "k": 0, "ix": 4}, "sa": {"a": 0, "k": 0, "ix": 5}, "nm": "Transform"}], "nm": "Shape 1", "np": 3, "cix": 2, "bm": 0, "ix": 1, "mn": "ADBE Vector Group", "hd": false}, {"ind": 1, "ty": "sh", "ix": 2, "ks": {"a": 0, "k": {"i": [[226.546, 0], [0, 226.546], [-226.546, 0], [0, -226.546]], "o": [[-226.546, 0], [0, -226.546], [226.546, 0], [0, 226.546]], "v": [[410.448, 820.645], [0.25, 410.447], [410.448, 0.25], [820.646, 410.447]], "c": true}, "ix": 2}, "nm": "Path 1", "mn": "ADBE Vector Shape - Group", "hd": false}, {"ty": "fl", "c": {"a": 0, "k": [1, 1, 1, 1], "ix": 4}, "o": {"a": 0, "k": 100, "ix": 5}, "r": 1, "bm": 0, "nm": "Fill 1", "mn": "ADBE Vector Graphic - Fill", "hd": false}], "ip": 0, "op": 241, "st": 0, "bm": 0}, {"ddd": 0, "ind": 13, "ty": 4, "nm": "Layer 2 Outlines", "tt": 1, "sr": 1, "ks": {"o": {"a": 0, "k": 100, "ix": 11}, "r": {"a": 0, "k": 0, "ix": 10}, "p": {"a": 0, "k": [535.005, 854.44, 0], "ix": 2}, "a": {"a": 0, "k": [152.082, 99.127, 0], "ix": 1}, "s": {"a": 0, "k": [100, 100, 100], "ix": 6}}, "ao": 0, "shapes": [{"ind": 0, "ty": "sh", "ix": 1, "ks": {"a": 0, "k": {"i": [[0, 0], [0, 0], [5.33, -6.11]], "o": [[0, 0], [0, 0], [0, 0]], "v": [[30.178, 22.608], [30.178, 162.268], [22.607, 172.338]], "c": false}, "ix": 2}, "nm": "Path 1", "mn": "ADBE Vector Shape - Group", "hd": false}, {"ty": "st", "c": {"a": 0, "k": [0.643137254902, 0.709803921569, 0.996078491211, 1], "ix": 3}, "o": {"a": 0, "k": 100, "ix": 4}, "w": {"a": 0, "k": 9.043, "ix": 5}, "lc": 2, "lj": 2, "bm": 0, "nm": "Stroke 1", "mn": "ADBE Vector Graphic - Stroke", "hd": false}, {"ind": 2, "ty": "sh", "ix": 3, "ks": {"a": 0, "k": {"i": [[0, 0], [0, 0], [-3.43, -4.26]], "o": [[0, 0], [1, 4.66], [0, 0]], "v": [[274.768, 22.608], [274.768, 162.268], [281.557, 175.648]], "c": false}, "ix": 2}, "nm": "Path 2", "mn": "ADBE Vector Shape - Group", "hd": false}, {"ty": "st", "c": {"a": 0, "k": [0.643137254902, 0.709803921569, 0.996078491211, 1], "ix": 3}, "o": {"a": 0, "k": 100, "ix": 4}, "w": {"a": 0, "k": 9.043, "ix": 5}, "lc": 2, "lj": 2, "bm": 0, "nm": "Stroke 2", "mn": "ADBE Vector Graphic - Stroke", "hd": false}], "ip": 0, "op": 241, "st": 0, "bm": 0}, {"ddd": 0, "ind": 14, "ty": 4, "nm": "Layer 14 Outlines", "sr": 1, "ks": {"o": {"a": 0, "k": 100, "ix": 11}, "r": {"a": 0, "k": 0, "ix": 10}, "p": {"a": 0, "k": [538.721, 840.824, 0], "ix": 2}, "a": {"a": 0, "k": [123.174, 70.231, 0], "ix": 1}, "s": {"a": 0, "k": [100, 100, 100], "ix": 6}}, "ao": 0, "shapes": [{"ind": 0, "ty": "sh", "ix": 1, "ks": {"a": 0, "k": {"i": [[0, 0], [-58.407, -33.281], [-28.782, 39.422], [0, 42.556], [69.732, -2.89]], "o": [[0, 0], [42.408, 24.167], [14.356, -19.664], [0, 0], [-69.731, 2.891]], "v": [[0.25, 11.098], [94.758, 116.045], [220.803, 91.416], [246.097, 0.25], [129.597, 64.733]], "c": true}, "ix": 2}, "nm": "Path 1", "mn": "ADBE Vector Shape - Group", "hd": false}, {"ty": "fl", "c": {"a": 0, "k": [0.552941176471, 0.639215686275, 0.996078491211, 1], "ix": 4}, "o": {"a": 0, "k": 100, "ix": 5}, "r": 1, "bm": 0, "nm": "Fill 1", "mn": "ADBE Vector Graphic - Fill", "hd": false}], "ip": 0, "op": 241, "st": 0, "bm": 0}, {"ddd": 0, "ind": 15, "ty": 4, "nm": "Layer 1 Outlines", "sr": 1, "ks": {"o": {"a": 0, "k": 100, "ix": 11}, "r": {"a": 0, "k": 0, "ix": 10}, "p": {"a": 0, "k": [540, 540, 0], "ix": 2}, "a": {"a": 0, "k": [410.448, 410.448, 0], "ix": 1}, "s": {"a": 0, "k": [100, 100, 100], "ix": 6}}, "ao": 0, "shapes": [{"ty": "gr", "it": [{"ind": 0, "ty": "sh", "ix": 1, "ks": {"a": 0, "k": {"i": [[0, 0]], "o": [[0, 0]], "v": [[-583.967, 701.844]], "c": false}, "ix": 2}, "nm": "Path 1", "mn": "ADBE Vector Shape - Group", "hd": false}, {"ty": "fl", "c": {"a": 0, "k": [1, 1, 1, 1], "ix": 4}, "o": {"a": 0, "k": 100, "ix": 5}, "r": 1, "bm": 0, "nm": "Fill 1", "mn": "ADBE Vector Graphic - Fill", "hd": false}, {"ty": "tr", "p": {"a": 0, "k": [0, 0], "ix": 2}, "a": {"a": 0, "k": [0, 0], "ix": 1}, "s": {"a": 0, "k": [100, 100], "ix": 3}, "r": {"a": 0, "k": 0, "ix": 6}, "o": {"a": 0, "k": 100, "ix": 7}, "sk": {"a": 0, "k": 0, "ix": 4}, "sa": {"a": 0, "k": 0, "ix": 5}, "nm": "Transform"}], "nm": "Shape 1", "np": 3, "cix": 2, "bm": 0, "ix": 1, "mn": "ADBE Vector Group", "hd": false}, {"ind": 1, "ty": "sh", "ix": 2, "ks": {"a": 0, "k": {"i": [[226.546, 0], [0, 226.546], [-226.546, 0], [0, -226.546]], "o": [[-226.546, 0], [0, -226.546], [226.546, 0], [0, 226.546]], "v": [[410.448, 820.645], [0.25, 410.447], [410.448, 0.25], [820.646, 410.447]], "c": true}, "ix": 2}, "nm": "Path 1", "mn": "ADBE Vector Shape - Group", "hd": false}, {"ty": "fl", "c": {"a": 0, "k": [1, 1, 1, 1], "ix": 4}, "o": {"a": 0, "k": 100, "ix": 5}, "r": 1, "bm": 0, "nm": "Fill 1", "mn": "ADBE Vector Graphic - Fill", "hd": false}], "ip": 0, "op": 241, "st": 0, "bm": 0}]}], "layers": [{"ddd": 0, "ind": 1, "ty": 0, "nm": "Selfie Failure", "refId": "comp_0", "sr": 1, "ks": {"o": {"a": 0, "k": 100, "ix": 11}, "r": {"a": 0, "k": 0, "ix": 10}, "p": {"a": 0, "k": [1000, 1000, 0], "ix": 2}, "a": {"a": 0, "k": [527.5, 1134, 0], "ix": 1}, "s": {"a": 0, "k": [201, 201, 100], "ix": 6}}, "ao": 0, "w": 1055, "h": 2268, "ip": 0, "op": 91, "st": 0, "bm": 0}], "markers": []}