{"images":{"checkbox":true,"checkbox1":true,"noupiapp":true,"juspay":true,"juspay_icon":true,"juspay_logo_blue":true,"juspay_safe":true,"ic_back_arrow":true,"bank_axis_name":true,"bank_icici_name":true,"eye_hide_grey":true,"eye_show_grey":true,"juspay_arrow_up":true,"juspay_cross":true,"juspay_info":true,"juspay_safe_grey":true,"juspay_safe_logo":true,"white_arrow_right":true,"jp_bhim_upi":true,"jp_default_arrow_back":true,"jp_default_bank":true,"jp_default_chevron_right":true,"jp_default_cross":true,"jp_default_mgmt":true,"jp_default_onboarding":true,"jp_default_option":true,"jp_default_pending":true,"jp_default_plus":true,"jp_default_radio_selected":true,"jp_default_radio_unselected":true,"jp_default_success":true,"jp_radio_unselected":true,"jp_search":true},"fonts":{"Gilroy-Regular":true,"Gilroy-SemiBold":true,"Gilroy-Bold":true}}