{"v":"5.12.1","fr":30,"ip":0,"op":26,"w":300,"h":300,"ddd":0,"assets":[],"layers":[{"ddd":0,"ind":1,"ty":4,"sr":1,"ks":{"o":{"a":0,"k":100},"r":{"a":1,"k":[{"i":{"x":[0.83],"y":[0.83]},"o":{"x":[0.17],"y":[0.17]},"t":0,"s":[-360]},{"t":26,"s":[0]}]},"p":{"a":0,"k":[150,150,0],"l":2},"a":{"a":0,"k":[8.93,34.42,0],"l":2},"s":{"a":0,"k":[114,114,100],"l":2}},"ao":0,"shapes":[{"ty":"gr","it":[{"d":1,"ty":"el","s":{"a":0,"k":[184.85,184.85]},"p":{"a":0,"k":[0,0]}},{"ty":"st","c":{"a":0,"k":[0.003921568627,0.501960784314,0.160784313725,1]},"o":{"a":0,"k":100},"w":{"a":0,"k":31},"lc":2,"lj":1,"ml":4,"bm":0},{"ty":"tr","p":{"a":0,"k":[8.93,34.42]},"a":{"a":0,"k":[0,0]},"s":{"a":0,"k":[100,100]},"r":{"a":0,"k":0},"o":{"a":0,"k":100},"sk":{"a":0,"k":0},"sa":{"a":0,"k":0}}],"bm":0},{"ty":"tm","s":{"a":1,"k":[{"i":{"x":[0.83],"y":[1]},"o":{"x":[0.17],"y":[0]},"t":0,"s":[0]},{"i":{"x":[0.83],"y":[1]},"o":{"x":[0.17],"y":[0]},"t":13,"s":[0]},{"t":26,"s":[0]}]},"e":{"a":1,"k":[{"i":{"x":[0.83],"y":[1]},"o":{"x":[0.17],"y":[0.17]},"t":0,"s":[15]},{"i":{"x":[0.83],"y":[0.83]},"o":{"x":[0.17],"y":[0]},"t":13,"s":[50]},{"t":26,"s":[15]}]},"o":{"a":0,"k":0},"m":1}],"ip":0,"op":30,"st":0,"ct":1,"bm":0},{"ddd":0,"ind":2,"ty":4,"sr":1,"ks":{"o":{"a":0,"k":100},"r":{"a":1,"k":[{"i":{"x":[0.83],"y":[0.83]},"o":{"x":[0.17],"y":[0.17]},"t":0,"s":[0]},{"t":26,"s":[-360]}]},"p":{"a":0,"k":[150,150,0],"l":2},"a":{"a":0,"k":[8.93,34.42,0],"l":2},"s":{"a":0,"k":[114,114,100],"l":2}},"ao":0,"shapes":[{"ty":"gr","it":[{"d":1,"ty":"el","s":{"a":0,"k":[184.85,184.85]},"p":{"a":0,"k":[0,0]}},{"ty":"st","c":{"a":0,"k":[0.894117647059,0.960784313725,0.925490196078,1]},"o":{"a":0,"k":100},"w":{"a":0,"k":35},"lc":2,"lj":1,"ml":4,"bm":0},{"ty":"tr","p":{"a":0,"k":[8.93,34.42]},"a":{"a":0,"k":[0,0]},"s":{"a":0,"k":[100,100]},"r":{"a":0,"k":0},"o":{"a":0,"k":100},"sk":{"a":0,"k":0},"sa":{"a":0,"k":0}}],"bm":0},{"ty":"tm","s":{"a":0,"k":0},"e":{"a":0,"k":100},"o":{"a":0,"k":0},"m":1}],"ip":0,"op":30,"st":0,"ct":1,"bm":0}],"markers":[],"props":{}}