{"v":"4.8.0","meta":{"g":"LottieFiles AE 3.4.3","a":"","k":"","d":"","tc":""},"fr":30,"ip":0,"op":33,"w":120,"h":80,"nm":"Comp 1","ddd":0,"assets":[],"layers":[{"ddd":0,"ind":1,"ty":4,"nm":"1","sr":1,"ks":{"o":{"a":0,"k":100,"ix":11},"r":{"a":0,"k":0,"ix":10},"p":{"a":1,"k":[{"i":{"x":0.255,"y":1},"o":{"x":0.659,"y":0},"t":8,"s":[106,40,0],"to":[-7.667,0,0],"ti":[7.667,0,0]},{"t":26,"s":[60,40,0]}],"ix":2},"a":{"a":0,"k":[0,0,0],"ix":1},"s":{"a":1,"k":[{"i":{"x":[0.255,0.255,0.255],"y":[1,1,1]},"o":{"x":[0.659,0.659,0.659],"y":[0,0,0]},"t":8,"s":[100,100,100]},{"t":26,"s":[200,200,100]}],"ix":6}},"ao":0,"shapes":[{"ty":"gr","it":[{"ty":"rc","d":1,"s":{"a":0,"k":[28,40],"ix":2},"p":{"a":0,"k":[0,0],"ix":3},"r":{"a":0,"k":4,"ix":4},"nm":"Rectangle Path 1","mn":"ADBE Vector Shape - Rect","hd":false},{"ty":"fl","c":{"a":1,"k":[{"i":{"x":[0.667],"y":[1]},"o":{"x":[0.333],"y":[0]},"t":15,"s":[0.501960813999,0.509803950787,0.521568655968,1]},{"t":17,"s":[1,1,1,1]}],"ix":4},"o":{"a":0,"k":100,"ix":5},"r":1,"bm":0,"nm":"Fill 1","mn":"ADBE Vector Graphic - Fill","hd":false},{"ty":"tr","p":{"a":0,"k":[0,0],"ix":2},"a":{"a":0,"k":[0,0],"ix":1},"s":{"a":0,"k":[100,100],"ix":3},"r":{"a":0,"k":0,"ix":6},"o":{"a":0,"k":100,"ix":7},"sk":{"a":0,"k":0,"ix":4},"sa":{"a":0,"k":0,"ix":5},"nm":"Transform"}],"nm":"Rectangle 45","np":3,"cix":2,"bm":0,"ix":1,"mn":"ADBE Vector Group","hd":false}],"ip":0,"op":1800,"st":0,"bm":0},{"ddd":0,"ind":2,"ty":4,"nm":"2","sr":1,"ks":{"o":{"a":0,"k":100,"ix":11},"r":{"a":0,"k":0,"ix":10},"p":{"a":1,"k":[{"i":{"x":0.255,"y":1},"o":{"x":0.659,"y":0},"t":8,"s":[60,40,0],"to":[-7.667,0,0],"ti":[7.667,0,0]},{"t":26,"s":[14,40,0]}],"ix":2},"a":{"a":0,"k":[0,0,0],"ix":1},"s":{"a":1,"k":[{"i":{"x":[0.255,0.255,0.255],"y":[1,1,1]},"o":{"x":[0.659,0.659,0.659],"y":[0,0,0]},"t":8,"s":[200,200,100]},{"t":26,"s":[100,100,100]}],"ix":6}},"ao":0,"shapes":[{"ty":"gr","it":[{"ty":"rc","d":1,"s":{"a":0,"k":[28,40],"ix":2},"p":{"a":0,"k":[0,0],"ix":3},"r":{"a":0,"k":4,"ix":4},"nm":"Rectangle Path 1","mn":"ADBE Vector Shape - Rect","hd":false},{"ty":"fl","c":{"a":1,"k":[{"i":{"x":[0.307],"y":[1]},"o":{"x":[0.832],"y":[0]},"t":16,"s":[1,1,1,1]},{"t":18,"s":[0.501960813999,0.509803950787,0.521568655968,1]}],"ix":4},"o":{"a":0,"k":100,"ix":5},"r":1,"bm":0,"nm":"Fill 1","mn":"ADBE Vector Graphic - Fill","hd":false},{"ty":"tr","p":{"a":0,"k":[0,0],"ix":2},"a":{"a":0,"k":[0,0],"ix":1},"s":{"a":0,"k":[100,100],"ix":3},"r":{"a":0,"k":0,"ix":6},"o":{"a":0,"k":100,"ix":7},"sk":{"a":0,"k":0,"ix":4},"sa":{"a":0,"k":0,"ix":5},"nm":"Transform"}],"nm":"Rectangle 45","np":3,"cix":2,"bm":0,"ix":1,"mn":"ADBE Vector Group","hd":false}],"ip":0,"op":1800,"st":0,"bm":0},{"ddd":0,"ind":3,"ty":4,"nm":"3","sr":1,"ks":{"o":{"a":0,"k":100,"ix":11},"r":{"a":0,"k":0,"ix":10},"p":{"a":1,"k":[{"i":{"x":0.255,"y":1},"o":{"x":0.659,"y":0},"t":8,"s":[14,40,0],"to":[15.333,0,0],"ti":[-15.333,0,0]},{"t":24,"s":[106,40,0]}],"ix":2},"a":{"a":0,"k":[0,0,0],"ix":1},"s":{"a":0,"k":[100,100,100],"ix":6}},"ao":0,"shapes":[{"ty":"gr","it":[{"ty":"rc","d":1,"s":{"a":0,"k":[28,40],"ix":2},"p":{"a":0,"k":[0,0],"ix":3},"r":{"a":0,"k":4,"ix":4},"nm":"Rectangle Path 1","mn":"ADBE Vector Shape - Rect","hd":false},{"ty":"fl","c":{"a":0,"k":[0.501960784314,0.509803921569,0.521568627451,1],"ix":4},"o":{"a":0,"k":100,"ix":5},"r":1,"bm":0,"nm":"Fill 1","mn":"ADBE Vector Graphic - Fill","hd":false},{"ty":"tr","p":{"a":0,"k":[0,0],"ix":2},"a":{"a":0,"k":[0,0],"ix":1},"s":{"a":0,"k":[100,100],"ix":3},"r":{"a":0,"k":0,"ix":6},"o":{"a":0,"k":100,"ix":7},"sk":{"a":0,"k":0,"ix":4},"sa":{"a":0,"k":0,"ix":5},"nm":"Transform"}],"nm":"Rectangle 47","np":3,"cix":2,"bm":0,"ix":1,"mn":"ADBE Vector Group","hd":false}],"ip":0,"op":1800,"st":0,"bm":0}],"markers":[]}