{"v":"5.9.0","fr":60,"ip":0,"op":120,"w":1920,"h":430,"nm":"C","assets":[{"id":"comp_0","nm":"C","fr":60,"layers":[{"ind":1,"ty":4,"nm":"h","sr":1,"ks":{"o":{"a":1,"k":[{"i":{"x":[0.833],"y":[0.833]},"o":{"x":[0.167],"y":[0.167]},"t":65,"s":[100]},{"t":75,"s":[0]}]},"r":{"a":0,"k":0},"p":{"a":1,"k":[{"i":{"x":0.833,"y":0.968},"o":{"x":0.333,"y":0},"t":0,"s":[-13.25,86.906,0],"to":[0,0,0],"ti":[-90.5,-10.844,0]},{"i":{"x":0.667,"y":1},"o":{"x":0.167,"y":0.544},"t":17,"s":[249.25,15.656,0],"to":[41.25,8.594,0],"ti":[25.5,-20.781,0]},{"t":119,"s":[248.25,92.281,0]}],"l":2},"a":{"a":0,"k":[154.25,-31.594,0],"l":2},"s":{"a":0,"k":[100,100,100],"l":2}},"ao":0,"shapes":[{"ty":"gr","it":[{"ind":0,"ty":"sh","ks":{"a":0,"k":{"i":[[0,0],[0,0],[0,0],[0,0]],"o":[[0,0],[0,0],[0,0],[0,0]],"v":[[150.969,-34.875],[150.375,-29.531],[157.906,-28.312],[158.125,-33.594]],"c":true}},"nm":"P"},{"ty":"fl","c":{"a":0,"k":[0.98,0.463,0.592,1]},"o":{"a":0,"k":100},"r":1,"nm":"F"},{"ty":"tr","p":{"a":0,"k":[0,0]},"a":{"a":0,"k":[0,0]},"s":{"a":0,"k":[100,100]},"r":{"a":0,"k":0},"o":{"a":0,"k":100},"sk":{"a":0,"k":0},"sa":{"a":0,"k":0},"nm":"T"}],"nm":"S"}],"ip":0,"op":120,"st":0},{"ind":2,"ty":4,"nm":"v","sr":1,"ks":{"o":{"a":1,"k":[{"i":{"x":[0.833],"y":[0.833]},"o":{"x":[0.167],"y":[0.167]},"t":45,"s":[100]},{"t":55,"s":[0]}]},"r":{"a":0,"k":0},"p":{"a":1,"k":[{"i":{"x":0.833,"y":0.966},"o":{"x":0.333,"y":0},"t":0,"s":[-18.516,93.25,0],"to":[0,0,0],"ti":[-60.391,3.125,0]},{"i":{"x":0.667,"y":1},"o":{"x":0.167,"y":0.482},"t":17,"s":[176.734,27.625,0],"to":[27.353,14.741,0],"ti":[0,0,0]},{"t":119,"s":[141.484,96.875,0]}],"l":2},"a":{"a":0,"k":[124.234,13.875,0],"l":2},"s":{"a":0,"k":[100,100,100],"l":2}},"ao":0,"shapes":[{"ty":"gr","it":[{"ind":0,"ty":"sh","ks":{"a":0,"k":{"i":[[0,0],[0,0],[0,0],[0,0]],"o":[[0,0],[0,0],[0,0],[0,0]],"v":[[123.375,6.5],[116.469,17.5],[125.25,21.25],[132,10.375]],"c":true}},"nm":"P"},{"ty":"fl","c":{"a":0,"k":[1,0.737,0.122,1]},"o":{"a":0,"k":100},"r":1,"nm":"F"},{"ty":"tr","p":{"a":0,"k":[0,0]},"a":{"a":0,"k":[0,0]},"s":{"a":0,"k":[100,100]},"r":{"a":0,"k":0},"o":{"a":0,"k":100},"sk":{"a":0,"k":0},"sa":{"a":0,"k":0},"nm":"T"}],"nm":"S"}],"ip":0,"op":120,"st":0},{"ind":3,"ty":4,"nm":"x","sr":1,"ks":{"o":{"a":1,"k":[{"i":{"x":[0.833],"y":[0.833]},"o":{"x":[0.167],"y":[0.167]},"t":70,"s":[100]},{"t":80,"s":[0]}]},"r":{"a":0,"k":0},"p":{"a":1,"k":[{"i":{"x":0.833,"y":0.968},"o":{"x":0.333,"y":0},"t":0,"s":[-17.578,93.359,0],"to":[79.328,-39.859,0],"ti":[-39.453,-1.391,0]},{"i":{"x":0.667,"y":1},"o":{"x":0.167,"y":0.534},"t":17,"s":[220.797,12.859,0],"to":[50.953,12.641,0],"ti":[0,0,0]},{"t":119,"s":[254.922,87.484,0]}],"l":2},"a":{"a":0,"k":[75.922,18.484,0],"l":2},"s":{"a":0,"k":[100,100,100],"l":2}},"ao":0,"shapes":[{"ty":"gr","it":[{"ind":0,"ty":"sh","ks":{"a":0,"k":{"i":[[0.781,3.062],[1.312,-1.25],[-2.562,-0.406],[-1.156,1.094]],"o":[[-1.312,1.344],[0.469,2.656],[1.469,-1.188],[-2.844,-0.875]],"v":[[75.156,13.406],[70.594,18],[76.719,23.562],[81.25,19.281]],"c":true}},"nm":"P"},{"ty":"fl","c":{"a":0,"k":[0.106,0.651,0.447,1]},"o":{"a":0,"k":100},"r":1,"nm":"F"},{"ty":"tr","p":{"a":0,"k":[0,0]},"a":{"a":0,"k":[0,0]},"s":{"a":0,"k":[100,100]},"r":{"a":0,"k":0},"o":{"a":0,"k":100},"sk":{"a":0,"k":0},"sa":{"a":0,"k":0},"nm":"T"}],"nm":"S"}],"ip":0,"op":120,"st":0},{"ind":4,"ty":4,"nm":"x","sr":1,"ks":{"o":{"a":1,"k":[{"i":{"x":[0.833],"y":[0.833]},"o":{"x":[0.167],"y":[0.167]},"t":48,"s":[100]},{"t":58,"s":[0]}]},"r":{"a":0,"k":0},"p":{"a":1,"k":[{"i":{"x":0.833,"y":0.963},"o":{"x":0.333,"y":0},"t":0,"s":[-19.734,97.062,0],"to":[12.792,-17.146,0],"ti":[-46.484,-8.812,0]},{"i":{"x":0.667,"y":1},"o":{"x":0.167,"y":0.399},"t":17,"s":[125.516,37.688,0],"to":[20.967,15.863,0],"ti":[24.167,-7.917,0]},{"t":119,"s":[69.266,92.938,0]}],"l":2},"a":{"a":0,"k":[20.266,28.938,0],"l":2},"s":{"a":0,"k":[100,100,100],"l":2}},"ao":0,"shapes":[{"ty":"gr","it":[{"ind":0,"ty":"sh","ks":{"a":0,"k":{"i":[[0,0],[0,0],[0,0],[0,0]],"o":[[0,0],[0,0],[0,0],[0,0]],"v":[[21.969,23.219],[14.594,29.781],[18.562,34.656],[25.938,28.25]],"c":true}},"nm":"P"},{"ty":"fl","c":{"a":0,"k":[0,0.867,1,1]},"o":{"a":0,"k":100},"r":1,"nm":"F"},{"ty":"tr","p":{"a":0,"k":[0,0]},"a":{"a":0,"k":[0,0]},"s":{"a":0,"k":[100,100]},"r":{"a":0,"k":0},"o":{"a":0,"k":100},"sk":{"a":0,"k":0},"sa":{"a":0,"k":0},"nm":"T"}],"nm":"S"}],"ip":0,"op":120,"st":0},{"ind":5,"ty":4,"nm":"d","sr":1,"ks":{"o":{"a":1,"k":[{"i":{"x":[0.833],"y":[0.833]},"o":{"x":[0.167],"y":[0.167]},"t":40,"s":[100]},{"t":50,"s":[0]}]},"r":{"a":0,"k":0},"p":{"a":1,"k":[{"i":{"x":0.833,"y":0.968},"o":{"x":0.333,"y":0},"t":0,"s":[-17.078,92.031,0],"to":[0,0,0],"ti":[-87.328,-22.969,0]},{"i":{"x":0.667,"y":1},"o":{"x":0.167,"y":0.575},"t":17,"s":[218.672,29.031,0],"to":[-2.672,43.719,0],"ti":[0,0,0]},{"t":119,"s":[176.172,95.906,0]}],"l":2},"a":{"a":0,"k":[-167.828,29.156,0],"l":2},"s":{"a":0,"k":[100,100,100],"l":2}},"ao":0,"shapes":[{"ty":"gr","it":[{"ind":0,"ty":"sh","ks":{"a":0,"k":{"i":[[0,3.344],[1.875,-1.844],[-3.781,-0.125],[-1.875,2]],"o":[[-1.625,1.625],[0.094,2.531],[1.688,-1.656],[-3.906,0.844]],"v":[[-167.875,23.719],[-173.906,29.562],[-167.875,34.594],[-161.75,28.25]],"c":true}},"nm":"P"},{"ty":"fl","c":{"a":0,"k":[1,0.506,0.392,1]},"o":{"a":0,"k":100},"r":1,"nm":"F"},{"ty":"tr","p":{"a":0,"k":[0,0]},"a":{"a":0,"k":[0,0]},"s":{"a":0,"k":[100,100]},"r":{"a":0,"k":0},"o":{"a":0,"k":100},"sk":{"a":0,"k":0},"sa":{"a":0,"k":0},"nm":"T"}],"nm":"S"}],"ip":0,"op":120,"st":0},{"ind":6,"ty":4,"nm":"v","sr":1,"ks":{"o":{"a":1,"k":[{"i":{"x":[0.833],"y":[0.833]},"o":{"x":[0.167],"y":[0.167]},"t":50,"s":[100]},{"t":60,"s":[0]}]},"r":{"a":0,"k":0},"p":{"a":1,"k":[{"i":{"x":0.833,"y":0.972},"o":{"x":0.333,"y":0},"t":0,"s":[-19.391,95.926,0],"to":[0,0,0],"ti":[-108.391,-17.199,0]},{"i":{"x":0.667,"y":1},"o":{"x":0.167,"y":0.906},"t":17,"s":[255.859,43.301,0],"to":[20.641,12.949,0],"ti":[0,0,0]},{"t":119,"s":[277.359,89.676,0]}],"l":2},"a":{"a":0,"k":[-120.641,-26.949,0],"l":2},"s":{"a":0,"k":[100,100,100],"l":2}},"ao":0,"shapes":[{"ty":"gr","it":[{"ind":0,"ty":"sh","ks":{"a":0,"k":{"i":[[2.062,1.5],[0.688,-1.344],[-2.688,0.719],[-0.031,1.688]],"o":[[-0.719,1.406],[2,2.219],[0.031,-1.5],[-2.375,0.312]],"v":[[-123.156,-30.281],[-125.344,-26.156],[-116.062,-23.875],[-115.938,-28.562]],"c":true}},"nm":"P"},{"ty":"fl","c":{"a":0,"k":[1,0.737,0.122,1]},"o":{"a":0,"k":100},"r":1,"nm":"F"},{"ty":"tr","p":{"a":0,"k":[0,0]},"a":{"a":0,"k":[0,0]},"s":{"a":0,"k":[100,100]},"r":{"a":0,"k":0},"o":{"a":0,"k":100},"sk":{"a":0,"k":0},"sa":{"a":0,"k":0},"nm":"T"}],"nm":"S"}],"ip":0,"op":120,"st":0},{"ind":7,"ty":4,"nm":"x","sr":1,"ks":{"o":{"a":1,"k":[{"i":{"x":[0.833],"y":[0.833]},"o":{"x":[0.167],"y":[0.167]},"t":65,"s":[100]},{"t":75,"s":[0]}]},"r":{"a":0,"k":0},"p":{"a":1,"k":[{"i":{"x":0.833,"y":0.968},"o":{"x":0.333,"y":0},"t":0,"s":[-13.797,92.141,0],"to":[0,0,0],"ti":[-72.672,1.766,0]},{"i":{"x":0.667,"y":1},"o":{"x":0.167,"y":0.541},"t":17,"s":[198.703,15.141,0],"to":[10.672,43.234,0],"ti":[0,0,0]},{"t":119,"s":[181.203,92.141,0]}],"l":2},"a":{"a":0,"k":[-179.781,-30.328,0],"l":2},"s":{"a":0,"k":[100,100,100],"l":2}},"ao":0,"shapes":[{"ty":"gr","it":[{"ind":0,"ty":"sh","ks":{"a":0,"k":{"i":[[0,0],[0,0],[0,0],[0,0]],"o":[[0,0],[0,0],[0,0],[0,0]],"v":[[-180.016,-34.984],[-183.828,-31.438],[-179.547,-25.672],[-175.734,-29.141]],"c":true}},"nm":"P"},{"ty":"fl","c":{"a":0,"k":[0.106,0.651,0.447,1]},"o":{"a":0,"k":100},"r":1,"nm":"F"},{"ty":"tr","p":{"a":0,"k":[0,0]},"a":{"a":0,"k":[0,0]},"s":{"a":0,"k":[100,100]},"r":{"a":0,"k":0},"o":{"a":0,"k":100},"sk":{"a":0,"k":0},"sa":{"a":0,"k":0},"nm":"T"}],"nm":"S"}],"ip":0,"op":120,"st":0},{"ind":8,"ty":4,"nm":"d","sr":1,"ks":{"o":{"a":0,"k":100},"r":{"a":0,"k":0},"p":{"a":1,"k":[{"i":{"x":0.667,"y":1},"o":{"x":0.333,"y":0},"t":30,"s":[242.625,-5.875,0],"to":[0,0,0],"ti":[99.5,-8,0]},{"t":85,"s":[95,90.25,0]}],"l":2},"a":{"a":0,"k":[168.625,-49.375,0],"l":2},"s":{"a":1,"k":[{"i":{"x":[0.833,0.833,0.833],"y":[0.833,0.833,0.833]},"o":{"x":[0.167,0.167,0.167],"y":[0.167,0.167,0.167]},"t":30,"s":[0,0,100]},{"i":{"x":[0.833,0.833,0.833],"y":[0.833,0.833,0.833]},"o":{"x":[0.167,0.167,0.167],"y":[0.167,0.167,0.167]},"t":43,"s":[150,150,100]},{"i":{"x":[0.833,0.833,0.833],"y":[0.833,0.833,0.833]},"o":{"x":[0.167,0.167,0.167],"y":[0.167,0.167,0.167]},"t":63,"s":[150,150,100]},{"t":70,"s":[0,0,100]}],"l":2}},"ao":0,"shapes":[{"ty":"gr","it":[{"d":1,"ty":"el","s":{"a":0,"k":[3.5,3.5]},"p":{"a":0,"k":[0,0]},"nm":"E"},{"ty":"st","c":{"a":0,"k":[0.493,1,0.684,1]},"o":{"a":0,"k":100},"w":{"a":0,"k":1.5},"lc":1,"lj":1,"ml":4,"nm":"S"},{"ty":"tr","p":{"a":0,"k":[168.625,-49.375]},"a":{"a":0,"k":[0,0]},"s":{"a":0,"k":[100,100]},"r":{"a":0,"k":0},"o":{"a":0,"k":100},"sk":{"a":0,"k":0},"sa":{"a":0,"k":0},"nm":"T"}],"nm":"E"}],"ip":0,"op":120,"st":0},{"ind":9,"ty":4,"nm":"d","sr":1,"ks":{"o":{"a":0,"k":100},"r":{"a":0,"k":0},"p":{"a":1,"k":[{"i":{"x":0.667,"y":1},"o":{"x":0.333,"y":0},"t":10,"s":[278.125,-6.375,0],"to":[0,0,0],"ti":[82.5,-15.5,0]},{"t":83,"s":[163.75,93,0]}],"l":2},"a":{"a":0,"k":[168.625,-49.375,0],"l":2},"s":{"a":1,"k":[{"i":{"x":[0.833,0.833,0.833],"y":[0.833,0.833,0.833]},"o":{"x":[0.167,0.167,0.167],"y":[0.167,0.167,0.167]},"t":16,"s":[0,0,100]},{"i":{"x":[0.833,0.833,0.833],"y":[0.833,0.833,0.833]},"o":{"x":[0.167,0.167,0.167],"y":[0.167,0.167,0.167]},"t":29,"s":[100,100,100]},{"i":{"x":[0.833,0.833,0.833],"y":[0.833,0.833,0.833]},"o":{"x":[0.167,0.167,0.167],"y":[0.167,0.167,0.167]},"t":55,"s":[100,100,100]},{"t":62,"s":[0,0,100]}],"l":2}},"ao":0,"shapes":[{"ty":"gr","it":[{"d":1,"ty":"el","s":{"a":0,"k":[2.75,2.75]},"p":{"a":0,"k":[0,0]},"nm":"E"},{"ty":"fl","c":{"a":0,"k":[0.209,0.408,0.979,1]},"o":{"a":0,"k":100},"r":1,"nm":"F"},{"ty":"tr","p":{"a":0,"k":[168.625,-49.375]},"a":{"a":0,"k":[0,0]},"s":{"a":0,"k":[100,100]},"r":{"a":0,"k":0},"o":{"a":0,"k":100},"sk":{"a":0,"k":0},"sa":{"a":0,"k":0},"nm":"T"}],"nm":"E"}],"ip":0,"op":120,"st":0},{"ind":10,"ty":4,"nm":"d","sr":1,"ks":{"o":{"a":0,"k":100},"r":{"a":0,"k":0},"p":{"a":1,"k":[{"i":{"x":0.667,"y":1},"o":{"x":0.333,"y":0},"t":25,"s":[320.625,-2.875,0],"to":[0,0,0],"ti":[50.25,-13.5,0]},{"t":80,"s":[231.75,93.5,0]}],"l":2},"a":{"a":0,"k":[168.625,-49.375,0],"l":2},"s":{"a":1,"k":[{"i":{"x":[0.833,0.833,0.833],"y":[0.833,0.833,0.833]},"o":{"x":[0.167,0.167,0.167],"y":[0.167,0.167,0.167]},"t":24,"s":[0,0,100]},{"i":{"x":[0.833,0.833,0.833],"y":[0.833,0.833,0.833]},"o":{"x":[0.167,0.167,0.167],"y":[0.167,0.167,0.167]},"t":37,"s":[100,100,100]},{"i":{"x":[0.833,0.833,0.833],"y":[0.833,0.833,0.833]},"o":{"x":[0.167,0.167,0.167],"y":[0.167,0.167,0.167]},"t":58,"s":[100,100,100]},{"t":65,"s":[0,0,100]}],"l":2}},"ao":0,"shapes":[{"ty":"gr","it":[{"d":1,"ty":"el","s":{"a":0,"k":[3.5,3.5]},"p":{"a":0,"k":[0,0]},"nm":"E"},{"ty":"st","c":{"a":0,"k":[0.493,0.863,1,1]},"o":{"a":0,"k":100},"w":{"a":0,"k":1.5},"lc":1,"lj":1,"ml":4,"nm":"S"},{"ty":"tr","p":{"a":0,"k":[168.625,-49.375]},"a":{"a":0,"k":[0,0]},"s":{"a":0,"k":[100,100]},"r":{"a":0,"k":0},"o":{"a":0,"k":100},"sk":{"a":0,"k":0},"sa":{"a":0,"k":0},"nm":"T"}],"nm":"E"}],"ip":0,"op":120,"st":0},{"ind":11,"ty":4,"nm":"d","sr":1,"ks":{"o":{"a":0,"k":100},"r":{"a":0,"k":0},"p":{"a":1,"k":[{"i":{"x":0.667,"y":1},"o":{"x":0.333,"y":0},"t":17,"s":[356.125,-7.375,0],"to":[0,0,0],"ti":[50.25,-13.5,0]},{"t":90,"s":[267.25,89,0]}],"l":2},"a":{"a":0,"k":[168.625,-49.375,0],"l":2},"s":{"a":1,"k":[{"i":{"x":[0.833,0.833,0.833],"y":[0.833,0.833,0.833]},"o":{"x":[0.167,0.167,0.167],"y":[0.167,0.167,0.167]},"t":24,"s":[0,0,100]},{"i":{"x":[0.833,0.833,0.833],"y":[0.833,0.833,0.833]},"o":{"x":[0.167,0.167,0.167],"y":[0.167,0.167,0.167]},"t":37,"s":[100,100,100]},{"i":{"x":[0.833,0.833,0.833],"y":[0.833,0.833,0.833]},"o":{"x":[0.167,0.167,0.167],"y":[0.167,0.167,0.167]},"t":68,"s":[100,100,100]},{"t":75,"s":[0,0,100]}],"l":2}},"ao":0,"shapes":[{"ty":"gr","it":[{"d":1,"ty":"el","s":{"a":0,"k":[2.75,2.75]},"p":{"a":0,"k":[0,0]},"nm":"E"},{"ty":"fl","c":{"a":0,"k":[0.98,0.463,0.592,1]},"o":{"a":0,"k":100},"r":1,"nm":"F"},{"ty":"tr","p":{"a":0,"k":[168.625,-49.375]},"a":{"a":0,"k":[0,0]},"s":{"a":0,"k":[100,100]},"r":{"a":0,"k":0},"o":{"a":0,"k":100},"sk":{"a":0,"k":0},"sa":{"a":0,"k":0},"nm":"T"}],"nm":"E"}],"ip":0,"op":120,"st":0},{"ind":12,"ty":4,"nm":"h","sr":1,"ks":{"o":{"a":1,"k":[{"i":{"x":[0.833],"y":[0.833]},"o":{"x":[0.167],"y":[0.167]},"t":75,"s":[100]},{"t":85,"s":[0]}]},"r":{"a":0,"k":0},"p":{"a":1,"k":[{"i":{"x":0.833,"y":0.965},"o":{"x":0.333,"y":0},"t":0,"s":[387,89.406,0],"to":[0,0,0],"ti":[73,-4.094,0]},{"i":{"x":0.667,"y":1},"o":{"x":0.167,"y":0.434},"t":17,"s":[111.25,12.906,0],"to":[-40.25,37.094,0],"ti":[44.75,0.219,0]},{"t":119,"s":[-14.25,69.031,0]}],"l":2},"a":{"a":0,"k":[154.25,-31.594,0],"l":2},"s":{"a":0,"k":[100,100,100],"l":2}},"ao":0,"shapes":[{"ty":"gr","it":[{"ind":0,"ty":"sh","ks":{"a":0,"k":{"i":[[0,0],[0,0],[0,0],[0,0]],"o":[[0,0],[0,0],[0,0],[0,0]],"v":[[150.969,-34.875],[150.375,-29.531],[157.906,-28.312],[158.125,-33.594]],"c":true}},"nm":"P"},{"ty":"fl","c":{"a":0,"k":[0.98,0.463,0.592,1]},"o":{"a":0,"k":100},"r":1,"nm":"F"},{"ty":"tr","p":{"a":0,"k":[0,0]},"a":{"a":0,"k":[0,0]},"s":{"a":0,"k":[100,100]},"r":{"a":0,"k":0},"o":{"a":0,"k":100},"sk":{"a":0,"k":0},"sa":{"a":0,"k":0},"nm":"T"}],"nm":"S"}],"ip":0,"op":120,"st":0},{"ind":13,"ty":4,"nm":"v","sr":1,"ks":{"o":{"a":1,"k":[{"i":{"x":[0.833],"y":[0.833]},"o":{"x":[0.167],"y":[0.167]},"t":45,"s":[100]},{"t":55,"s":[0]}]},"r":{"a":0,"k":0},"p":{"a":1,"k":[{"i":{"x":0.833,"y":0.965},"o":{"x":0.333,"y":0},"t":0,"s":[383.234,88.5,0],"to":[0,0,0],"ti":[52.359,-8.125,0]},{"i":{"x":0.667,"y":1},"o":{"x":0.167,"y":0.439},"t":17,"s":[146.734,32.125,0],"to":[-32.147,42.741,0],"ti":[0,0,0]},{"t":119,"s":[49.734,96.125,0]}],"l":2},"a":{"a":0,"k":[124.234,13.875,0],"l":2},"s":{"a":1,"k":[{"i":{"x":[0.833,0.833,0.833],"y":[0.833,0.833,0.833]},"o":{"x":[0.167,0.167,0.167],"y":[0.167,0.167,0.167]},"t":9,"s":[139,139,100]},{"t":32,"s":[100,100,100]}],"l":2}},"ao":0,"shapes":[{"ty":"gr","it":[{"ind":0,"ty":"sh","ks":{"a":0,"k":{"i":[[0,0],[0,0],[0,0],[0,0]],"o":[[0,0],[0,0],[0,0],[0,0]],"v":[[123.375,6.5],[116.469,17.5],[125.25,21.25],[132,10.375]],"c":true}},"nm":"P"},{"ty":"fl","c":{"a":0,"k":[1,0.737,0.122,1]},"o":{"a":0,"k":100},"r":1,"nm":"F"},{"ty":"tr","p":{"a":0,"k":[0,0]},"a":{"a":0,"k":[0,0]},"s":{"a":0,"k":[100,100]},"r":{"a":0,"k":0},"o":{"a":0,"k":100},"sk":{"a":0,"k":0},"sa":{"a":0,"k":0},"nm":"T"}],"nm":"S"}],"ip":0,"op":120,"st":0},{"ind":14,"ty":4,"nm":"x","sr":1,"ks":{"o":{"a":1,"k":[{"i":{"x":[0.833],"y":[0.833]},"o":{"x":[0.167],"y":[0.167]},"t":70,"s":[100]},{"t":80,"s":[0]}]},"r":{"a":0,"k":0},"p":{"a":1,"k":[{"i":{"x":0.833,"y":0.963},"o":{"x":0.333,"y":0},"t":0,"s":[385.422,82.859,0],"to":[-28.922,-20.109,0],"ti":[63.797,-2.141,0]},{"i":{"x":0.667,"y":1},"o":{"x":0.167,"y":0.409},"t":17,"s":[145.047,9.109,0],"to":[-22.047,43.141,0],"ti":[0,0,0]},{"t":119,"s":[38.922,90.734,0]}],"l":2},"a":{"a":0,"k":[75.922,18.484,0],"l":2},"s":{"a":1,"k":[{"i":{"x":[0.833,0.833,0.833],"y":[0.833,0.833,0.833]},"o":{"x":[0.167,0.167,0.167],"y":[0.167,0.167,0.167]},"t":9,"s":[100,100,100]},{"t":34,"s":[139,139,100]}],"l":2}},"ao":0,"shapes":[{"ty":"gr","it":[{"ind":0,"ty":"sh","ks":{"a":0,"k":{"i":[[0.781,3.062],[1.312,-1.25],[-2.562,-0.406],[-1.156,1.094]],"o":[[-1.312,1.344],[0.469,2.656],[1.469,-1.188],[-2.844,-0.875]],"v":[[75.156,13.406],[70.594,18],[76.719,23.562],[81.25,19.281]],"c":true}},"nm":"P"},{"ty":"fl","c":{"a":0,"k":[0.106,0.651,0.447,1]},"o":{"a":0,"k":100},"r":1,"nm":"F"},{"ty":"tr","p":{"a":0,"k":[0,0]},"a":{"a":0,"k":[0,0]},"s":{"a":0,"k":[100,100]},"r":{"a":0,"k":0},"o":{"a":0,"k":100},"sk":{"a":0,"k":0},"sa":{"a":0,"k":0},"nm":"T"}],"nm":"S"}],"ip":0,"op":120,"st":0},{"ind":15,"ty":4,"nm":"x","sr":1,"ks":{"o":{"a":1,"k":[{"i":{"x":[0.833],"y":[0.833]},"o":{"x":[0.167],"y":[0.167]},"t":48,"s":[100]},{"t":58,"s":[0]}]},"r":{"a":0,"k":0},"p":{"a":1,"k":[{"i":{"x":0.833,"y":0.959},"o":{"x":0.333,"y":0},"t":0,"s":[384.016,83.812,0],"to":[-25.208,-13.896,0],"ti":[82.766,-3.562,0]},{"i":{"x":0.667,"y":1},"o":{"x":0.167,"y":0.341},"t":17,"s":[194.516,33.938,0],"to":[-58.533,38.863,0],"ti":[41.167,-6.167,0]},{"t":119,"s":[67.266,95.688,0]}],"l":2},"a":{"a":0,"k":[20.266,28.938,0],"l":2},"s":{"a":0,"k":[100,100,100],"l":2}},"ao":0,"shapes":[{"ty":"gr","it":[{"ind":0,"ty":"sh","ks":{"a":0,"k":{"i":[[0,0],[0,0],[0,0],[0,0]],"o":[[0,0],[0,0],[0,0],[0,0]],"v":[[21.969,23.219],[14.594,29.781],[18.562,34.656],[25.938,28.25]],"c":true}},"nm":"P"},{"ty":"fl","c":{"a":0,"k":[0,0.867,1,1]},"o":{"a":0,"k":100},"r":1,"nm":"F"},{"ty":"tr","p":{"a":0,"k":[0,0]},"a":{"a":0,"k":[0,0]},"s":{"a":0,"k":[100,100]},"r":{"a":0,"k":0},"o":{"a":0,"k":100},"sk":{"a":0,"k":0},"sa":{"a":0,"k":0},"nm":"T"}],"nm":"S"}],"ip":0,"op":120,"st":0},{"ind":16,"ty":4,"nm":"d","sr":1,"ks":{"o":{"a":1,"k":[{"i":{"x":[0.833],"y":[0.833]},"o":{"x":[0.167],"y":[0.167]},"t":40,"s":[100]},{"t":50,"s":[0]}]},"r":{"a":0,"k":0},"p":{"a":1,"k":[{"i":{"x":0.833,"y":0.946},"o":{"x":0.333,"y":0},"t":0,"s":[383.922,89.031,0],"to":[0,0,0],"ti":[40.422,1.531,0]},{"i":{"x":0.667,"y":1},"o":{"x":0.167,"y":0.256},"t":17,"s":[271.922,54.781,0],"to":[-71.922,32.469,0],"ti":[0,0,0]},{"t":119,"s":[128.922,93.156,0]}],"l":2},"a":{"a":0,"k":[-167.828,29.156,0],"l":2},"s":{"a":0,"k":[100,100,100],"l":2}},"ao":0,"shapes":[{"ty":"gr","it":[{"ind":0,"ty":"sh","ks":{"a":0,"k":{"i":[[0,3.344],[1.875,-1.844],[-3.781,-0.125],[-1.875,2]],"o":[[-1.625,1.625],[0.094,2.531],[1.688,-1.656],[-3.906,0.844]],"v":[[-167.875,23.719],[-173.906,29.562],[-167.875,34.594],[-161.75,28.25]],"c":true}},"nm":"P"},{"ty":"fl","c":{"a":0,"k":[1,0.506,0.392,1]},"o":{"a":0,"k":100},"r":1,"nm":"F"},{"ty":"tr","p":{"a":0,"k":[0,0]},"a":{"a":0,"k":[0,0]},"s":{"a":0,"k":[100,100]},"r":{"a":0,"k":0},"o":{"a":0,"k":100},"sk":{"a":0,"k":0},"sa":{"a":0,"k":0},"nm":"T"}],"nm":"S"}],"ip":0,"op":120,"st":0},{"ind":17,"ty":4,"nm":"v","sr":1,"ks":{"o":{"a":1,"k":[{"i":{"x":[0.833],"y":[0.833]},"o":{"x":[0.167],"y":[0.167]},"t":50,"s":[100]},{"t":60,"s":[0]}]},"r":{"a":0,"k":0},"p":{"a":1,"k":[{"i":{"x":0.833,"y":0.942},"o":{"x":0.333,"y":0},"t":0,"s":[382.859,90.926,0],"to":[0,0,0],"ti":[52.859,-3.699,0]},{"i":{"x":0.667,"y":1},"o":{"x":0.167,"y":0.243},"t":17,"s":[255.859,43.301,0],"to":[-79.359,38.449,0],"ti":[0,0,0]},{"t":119,"s":[66.859,95.676,0]}],"l":2},"a":{"a":0,"k":[-120.641,-26.949,0],"l":2},"s":{"a":0,"k":[100,100,100],"l":2}},"ao":0,"shapes":[{"ty":"gr","it":[{"ind":0,"ty":"sh","ks":{"a":0,"k":{"i":[[2.062,1.5],[0.688,-1.344],[-2.688,0.719],[-0.031,1.688]],"o":[[-0.719,1.406],[2,2.219],[0.031,-1.5],[-2.375,0.312]],"v":[[-123.156,-30.281],[-125.344,-26.156],[-116.062,-23.875],[-115.938,-28.562]],"c":true}},"nm":"P"},{"ty":"fl","c":{"a":0,"k":[1,0.737,0.122,1]},"o":{"a":0,"k":100},"r":1,"nm":"F"},{"ty":"tr","p":{"a":0,"k":[0,0]},"a":{"a":0,"k":[0,0]},"s":{"a":0,"k":[100,100]},"r":{"a":0,"k":0},"o":{"a":0,"k":100},"sk":{"a":0,"k":0},"sa":{"a":0,"k":0},"nm":"T"}],"nm":"S"}],"ip":0,"op":120,"st":0},{"ind":18,"ty":4,"nm":"x","sr":1,"ks":{"o":{"a":1,"k":[{"i":{"x":[0.833],"y":[0.833]},"o":{"x":[0.167],"y":[0.167]},"t":68,"s":[100]},{"t":78,"s":[0]}]},"r":{"a":0,"k":0},"p":{"a":1,"k":[{"i":{"x":0.833,"y":0.929},"o":{"x":0.333,"y":0},"t":0,"s":[385.203,90.141,0],"to":[0,0,0],"ti":[32.578,13.266,0]},{"i":{"x":0.667,"y":1},"o":{"x":0.167,"y":0.216},"t":17,"s":[288.953,23.141,0],"to":[-120.328,57.484,0],"ti":[0,0,0]},{"t":119,"s":[68.203,87.641,0]}],"l":2},"a":{"a":0,"k":[-179.781,-30.328,0],"l":2},"s":{"a":0,"k":[100,100,100],"l":2}},"ao":0,"shapes":[{"ty":"gr","it":[{"ind":0,"ty":"sh","ks":{"a":0,"k":{"i":[[0,0],[0,0],[0,0],[0,0]],"o":[[0,0],[0,0],[0,0],[0,0]],"v":[[-180.016,-34.984],[-183.828,-31.438],[-179.547,-25.672],[-175.734,-29.141]],"c":true}},"nm":"P"},{"ty":"fl","c":{"a":0,"k":[0.106,0.651,0.447,1]},"o":{"a":0,"k":100},"r":1,"nm":"F"},{"ty":"tr","p":{"a":0,"k":[0,0]},"a":{"a":0,"k":[0,0]},"s":{"a":0,"k":[100,100]},"r":{"a":0,"k":0},"o":{"a":0,"k":100},"sk":{"a":0,"k":0},"sa":{"a":0,"k":0},"nm":"T"}],"nm":"S"}],"ip":0,"op":120,"st":0}]}],"layers":[{"ind":1,"ty":0,"nm":"C","refId":"comp_0","sr":1,"ks":{"o":{"a":0,"k":100},"r":{"a":0,"k":0},"p":{"a":0,"k":[960,215,0],"l":2},"a":{"a":0,"k":[187.5,42,0],"l":2},"s":{"a":0,"k":[512,512,100],"l":2}},"ao":0,"w":375,"h":84,"ip":0,"op":120,"st":0}],"markers":[]}
