{"v":"5.9.0","fr":60,"ip":0,"op":80,"w":250,"h":250,"nm":"Add_Wishlist","ddd":0,"assets":[],"layers":[{"ddd":0,"ind":1,"ty":4,"nm":"End fold","sr":1,"ks":{"o":{"a":0,"k":100,"ix":11},"r":{"a":0,"k":0,"ix":10},"p":{"a":0,"k":[123.065,137.91,0],"ix":2,"l":2},"a":{"a":0,"k":[-11.935,0.91,0],"ix":1,"l":2},"s":{"a":0,"k":[100,100,100],"ix":6,"l":2}},"ao":0,"shapes":[{"ty":"gr","it":[{"ind":0,"ty":"sh","ix":1,"ks":{"a":1,"k":[{"i":{"x":0.833,"y":1},"o":{"x":0.167,"y":0},"t":24,"s":[{"i":[[0,0],[0.094,-4.875],[3.625,0],[-1.25,-2.5],[-18.5,-1.75],[-17.5,9.75],[4.25,-5.25],[0,1.25]],"o":[[0,0],[-0.094,4.875],[-7.25,0],[1.25,2.5],[18.5,1.75],[17.5,-9.75],[-4.25,5.25],[0,-1.25]],"v":[[-61.75,-19],[-61.031,-9.25],[-65.75,0.5],[-73,7],[-50.5,18.75],[40.5,14.25],[41.25,-1.25],[36.5,-16.25]],"c":true}]},{"i":{"x":0.833,"y":1},"o":{"x":0.167,"y":0},"t":25,"s":[{"i":[[0,0],[4.25,0.25],[-1.25,-2.5],[-18.5,-1.75],[-5.499,0.205],[-14.525,2.218],[5.625,-4.625],[0,1.25]],"o":[[0,0],[-8.064,-0.474],[1.25,2.5],[7.91,0.748],[7.252,-0.271],[12.125,-9.625],[-5.217,4.29],[0,-1.25]],"v":[[-60.5,-18.75],[-65,13.75],[-73,18.25],[-50.5,27.25],[-15.002,24.021],[39.875,24.875],[39.125,13.125],[36.5,-16.25]],"c":true}]},{"i":{"x":0.833,"y":1},"o":{"x":0.167,"y":0},"t":27,"s":[{"i":[[0,0],[4.25,0.25],[-1.25,-2.5],[-18.5,-1.75],[-5.499,0.205],[-31.875,4.625],[7.875,-3.625],[0,1.25]],"o":[[0,0],[-8.064,-0.474],[1.25,2.5],[7.91,0.748],[7.252,-0.271],[12.125,-9.625],[-2.625,-17.125],[0,-1.25]],"v":[[-60.5,-18.75],[-63.5,23.75],[-71.5,28.25],[-49,37.25],[-15.002,24.021],[37.625,36.125],[36.875,24.375],[36.5,-16.25]],"c":true}]},{"i":{"x":0.833,"y":1},"o":{"x":0.167,"y":0},"t":30,"s":[{"i":[[0,0],[3.566,-2.326],[-2,-0.75],[-10.25,3.75],[-4.248,1.729],[-31.875,4.625],[7.625,4.625],[0,1.25]],"o":[[0,0],[-5.75,3.75],[2.617,0.981],[7.462,-2.73],[6.721,-2.736],[8.875,0.125],[0.875,-17.875],[0,-1.25]],"v":[[-60.5,-18.75],[-62.75,33.75],[-65,42.5],[-42.25,40],[-15.002,24.021],[34.875,43.375],[34.125,31.625],[36.5,-16.25]],"c":true}]},{"t":32,"s":[{"i":[[0,0],[-1.125,-48.5],[-4,-0.25],[-8.801,6.454],[-4.248,1.729],[-12.875,0.125],[-0.375,11.625],[0,1.25]],"o":[[0,0],[0.159,6.863],[2.79,0.174],[7.5,-5.5],[6.721,-2.736],[5.875,-0.625],[0.875,-17.875],[0,-1.25]],"v":[[-61.5,-18.75],[-60.5,42.75],[-53.5,56.25],[-31.25,43.25],[-13.502,29.271],[29.125,55.375],[35.625,31.75],[37,-16.25]],"c":true}]}],"ix":2},"nm":"Path 1","mn":"ADBE Vector Shape - Group","hd":false},{"ty":"st","c":{"a":0,"k":[0.243100002408,0.925499975681,0.564700007439,1],"ix":3},"o":{"a":0,"k":100,"ix":4},"w":{"a":0,"k":0,"ix":5},"lc":1,"lj":1,"ml":4,"bm":0,"nm":"Stroke 1","mn":"ADBE Vector Graphic - Stroke","hd":false},{"ty":"fl","c":{"a":0,"k":[0,0.313699990511,1,1],"ix":4},"o":{"a":0,"k":100,"ix":5},"r":1,"bm":0,"nm":"Fill 1","mn":"ADBE Vector Graphic - Fill","hd":false},{"ty":"tr","p":{"a":0,"k":[0,0],"ix":2},"a":{"a":0,"k":[0,0],"ix":1},"s":{"a":0,"k":[100,100],"ix":3},"r":{"a":0,"k":0,"ix":6},"o":{"a":0,"k":100,"ix":7},"sk":{"a":0,"k":0,"ix":4},"sa":{"a":0,"k":0,"ix":5},"nm":"Transform"}],"nm":"Shape 1","np":3,"cix":2,"bm":0,"ix":1,"mn":"ADBE Vector Group","hd":false}],"ip":24,"op":33,"st":-4,"bm":0},{"ddd":0,"ind":2,"ty":4,"nm":"Top Fold","sr":1,"ks":{"o":{"a":0,"k":100,"ix":11},"r":{"a":0,"k":0,"ix":10},"p":{"a":0,"k":[121.499,71.151,0],"ix":2,"l":2},"a":{"a":0,"k":[-13.501,-65.849,0],"ix":1,"l":2},"s":{"a":0,"k":[100,100,100],"ix":6,"l":2}},"ao":0,"shapes":[{"ty":"gr","it":[{"ind":0,"ty":"sh","ix":1,"ks":{"a":1,"k":[{"i":{"x":0.833,"y":1},"o":{"x":0.167,"y":0},"t":5,"s":[{"i":[[5.5,8.5],[0,0],[0,0],[-1,-10.625],[0,0]],"o":[[-14.25,0],[0,0],[0,0],[30.25,0.25],[0,0]],"v":[[29.25,-82.5],[-14.5,-82.25],[-55.75,-82.75],[-59,-64.375],[32,-64.375]],"c":true}]},{"i":{"x":0.833,"y":1},"o":{"x":0.167,"y":0},"t":8,"s":[{"i":[[16,18.75],[0,0],[0,0],[-18.5,-16.75],[0,0]],"o":[[-14.25,0],[0,0],[0,0],[30.25,0.25],[0,0]],"v":[[29.25,-82.5],[-14.5,-82.25],[-55.75,-82.75],[-54.25,-49],[27.25,-49.5]],"c":true}]},{"i":{"x":0.833,"y":1},"o":{"x":0.167,"y":0},"t":12,"s":[{"i":[[18,16.5],[0,0],[0,0],[-19.75,-16.75],[0,0]],"o":[[-13,5.25],[0,0],[0,0],[30.25,0.25],[0,0]],"v":[[30,-77.75],[-13.75,-58],[-57.75,-77.75],[-55.25,-40.25],[30.5,-40.5]],"c":true}]},{"i":{"x":0.833,"y":1},"o":{"x":0.167,"y":0},"t":15,"s":[{"i":[[20.5,35.5],[0,0],[0,0],[-22,-15.75],[0,0]],"o":[[-7.75,9.75],[0,0],[0,0],[30.25,0.25],[0,0]],"v":[[31,-70],[-13.5,-31.75],[-59.25,-69.5],[-56.75,-24],[29,-24.75]],"c":true}]},{"i":{"x":0.833,"y":1},"o":{"x":0.167,"y":0},"t":18,"s":[{"i":[[17.25,29.25],[0,0],[7.75,32.75],[-22.75,-10.75],[0,0]],"o":[[-13.25,25.5],[0,0],[-3.75,1.75],[30.25,0.25],[0,0]],"v":[[34,-55.75],[-11.75,-18.75],[-59.75,-58],[-54.75,-15.75],[25.5,-15.5]],"c":true}]},{"i":{"x":0.833,"y":1},"o":{"x":0.167,"y":0},"t":19,"s":[{"i":[[17.25,29.25],[0,0],[3,40.75],[-22.75,-10.75],[0,0]],"o":[[1.5,36.25],[0,0],[-3.75,1.75],[30.25,0.25],[0,0]],"v":[[36.75,-45.25],[-13,-5.75],[-62.25,-45.5],[-57.25,-3.25],[27,-4.75]],"c":true}]},{"t":21,"s":[{"i":[[5.5,21.125],[0,0],[4.75,34.375],[-10,-8.875],[0,0]],"o":[[-4.5,31.875],[0,0],[-1,5.375],[30.25,0.25],[0,0]],"v":[[39,-23.875],[-12,2.375],[-66,-24.125],[-58.25,3.375],[30,3.625]],"c":true}]}],"ix":2},"nm":"Path 1","mn":"ADBE Vector Shape - Group","hd":false},{"ty":"st","c":{"a":0,"k":[0,0.086300000548,0.917599976063,1],"ix":3},"o":{"a":0,"k":100,"ix":4},"w":{"a":0,"k":8,"ix":5},"lc":2,"lj":2,"bm":0,"nm":"Stroke 1","mn":"ADBE Vector Graphic - Stroke","hd":false},{"ty":"fl","c":{"a":0,"k":[0,0.086300000548,0.917599976063,1],"ix":4},"o":{"a":0,"k":100,"ix":5},"r":1,"bm":0,"nm":"Fill 1","mn":"ADBE Vector Graphic - Fill","hd":false},{"ty":"tr","p":{"a":0,"k":[0,0],"ix":2},"a":{"a":0,"k":[0,0],"ix":1},"s":{"a":0,"k":[100,100],"ix":3},"r":{"a":0,"k":0,"ix":6},"o":{"a":0,"k":100,"ix":7},"sk":{"a":0,"k":0,"ix":4},"sa":{"a":0,"k":0,"ix":5},"nm":"Transform"}],"nm":"Shape 1","np":3,"cix":2,"bm":0,"ix":1,"mn":"ADBE Vector Group","hd":false}],"ip":5,"op":25,"st":-4,"bm":0},{"ddd":0,"ind":3,"ty":4,"nm":"Basic shape","sr":1,"ks":{"o":{"a":0,"k":100,"ix":11},"r":{"a":0,"k":0,"ix":10},"p":{"a":0,"k":[121.755,70.023,0],"ix":2,"l":2},"a":{"a":0,"k":[-13.245,-66.977,0],"ix":1,"l":2},"s":{"a":0,"k":[100,100,100],"ix":6,"l":2}},"ao":0,"shapes":[{"ty":"gr","it":[{"ind":0,"ty":"sh","ix":1,"ks":{"a":0,"k":{"i":[[0,0]],"o":[[0,0]],"v":[[-90,-80]],"c":false},"ix":2},"nm":"Path 1","mn":"ADBE Vector Shape - Group","hd":false},{"ty":"st","c":{"a":0,"k":[0.243100005505,0.925499949736,0.564700018191,1],"ix":3},"o":{"a":0,"k":100,"ix":4},"w":{"a":0,"k":0,"ix":5},"lc":1,"lj":1,"ml":4,"bm":0,"nm":"Stroke 1","mn":"ADBE Vector Graphic - Stroke","hd":false},{"ty":"fl","c":{"a":0,"k":[1,0,0,1],"ix":4},"o":{"a":0,"k":100,"ix":5},"r":1,"bm":0,"nm":"Fill 1","mn":"ADBE Vector Graphic - Fill","hd":false},{"ty":"tr","p":{"a":0,"k":[0,0],"ix":2},"a":{"a":0,"k":[0,0],"ix":1},"s":{"a":0,"k":[100,100],"ix":3},"r":{"a":0,"k":0,"ix":6},"o":{"a":0,"k":100,"ix":7},"sk":{"a":0,"k":0,"ix":4},"sa":{"a":0,"k":0,"ix":5},"nm":"Transform"}],"nm":"Shape 2","np":3,"cix":2,"bm":0,"ix":1,"mn":"ADBE Vector Group","hd":false},{"ty":"gr","it":[{"ind":0,"ty":"sh","ix":1,"ks":{"a":1,"k":[{"i":{"x":0.833,"y":1},"o":{"x":0.167,"y":0},"t":0,"s":[{"i":[[25.313,0.625],[0.5,-5.25],[-4.5,-1.75],[-10.75,0],[0,3.905]],"o":[[-31.43,-0.776],[-0.403,4.231],[8.75,0.5],[4.809,0],[0,-3.25]],"v":[[-12.813,-86.375],[-59.25,-82.25],[-50.75,-76.5],[26.25,-77.75],[32,-83.25]],"c":true}]},{"i":{"x":0.833,"y":1},"o":{"x":0.167,"y":0},"t":5,"s":[{"i":[[25.312,0.625],[5,-5.5],[-4.5,-1.75],[-10.75,0],[2.5,3]],"o":[[-31.43,-0.776],[-2.859,3.145],[8.75,0.5],[4.809,0],[-2.5,-3]],"v":[[-12.812,-86.375],[-56,-82.25],[-57.75,-71],[31.5,-70.25],[30.75,-82.75]],"c":true}]},{"i":{"x":0.833,"y":1},"o":{"x":0.167,"y":0},"t":7,"s":[{"i":[[42.562,0.125],[5,-5.5],[-4.5,-1.75],[-8.622,1.724],[2.5,3]],"o":[[-31.44,-0.092],[-2.859,3.145],[7.5,3.5],[6.25,-1.25],[-2.5,-3]],"v":[[-12.812,-86.375],[-57.25,-78.75],[-57.75,-65],[32.25,-64.25],[31.5,-79]],"c":true}]},{"i":{"x":0.833,"y":1},"o":{"x":0.167,"y":0},"t":12,"s":[{"i":[[51.831,0.154],[0.25,-13.75],[0,0],[-8.622,1.724],[0,0]],"o":[[-41.938,-0.125],[-0.227,12.508],[0,0],[6.25,-1.25],[0,0]],"v":[[-13.312,-85.625],[-62.75,-62.75],[-54,-48.75],[27.75,-49.25],[36.25,-64.5]],"c":true}]},{"t":22,"s":[{"i":[[51.831,0.154],[0.5,-12.5],[0,0],[-8.5,2.25],[0,0]],"o":[[-41.938,-0.125],[-0.5,12.5],[0,0],[8.5,-2.25],[0,0]],"v":[[-13.312,-85.625],[-59.25,-54.25],[-50.5,-40.25],[24.75,-39.75],[33.25,-55]],"c":true}]}],"ix":2},"nm":"Path 1","mn":"ADBE Vector Shape - Group","hd":false},{"ty":"st","c":{"a":0,"k":[0.243100002408,0.925499975681,0.564700007439,1],"ix":3},"o":{"a":0,"k":100,"ix":4},"w":{"a":0,"k":0,"ix":5},"lc":1,"lj":1,"ml":4,"bm":0,"nm":"Stroke 1","mn":"ADBE Vector Graphic - Stroke","hd":false},{"ty":"tr","p":{"a":0,"k":[0.195,0.038],"ix":2},"a":{"a":0,"k":[0,0],"ix":1},"s":{"a":0,"k":[100,100],"ix":3},"r":{"a":0,"k":0,"ix":6},"o":{"a":0,"k":100,"ix":7},"sk":{"a":0,"k":0,"ix":4},"sa":{"a":0,"k":0,"ix":5},"nm":"Transform"}],"nm":"Shape 1","np":2,"cix":2,"bm":0,"ix":2,"mn":"ADBE Vector Group","hd":false}],"ip":0,"op":42,"st":0,"bm":0},{"ddd":0,"ind":4,"ty":4,"nm":"Basic shape 2","sr":1,"ks":{"o":{"a":0,"k":100,"ix":11},"r":{"a":0,"k":0,"ix":10},"p":{"a":0,"k":[120.819,71.113,0],"ix":2,"l":2},"a":{"a":0,"k":[-0.449,-12.698,0],"ix":1,"l":2},"s":{"a":0,"k":[403,403,100],"ix":6,"l":2}},"ao":0,"shapes":[{"ty":"gr","it":[{"ind":0,"ty":"sh","ix":1,"ks":{"a":1,"k":[{"i":{"x":0.833,"y":1},"o":{"x":0.167,"y":0},"t":8,"s":[{"i":[[-1.992,0],[-1.99,-0.351],[0.038,-3.128],[0.046,-0.123],[0.224,0],[-0.06,3.949],[-0.47,4.902],[-3.082,0.542]],"o":[[1.992,0],[3.082,0.542],[-0.013,0.932],[-1.113,3.747],[-0.224,0],[0.017,-0.995],[0.299,-3.114],[1.99,-0.351]],"v":[[0,-17.473],[5.972,-16.945],[11.644,-10.681],[11.833,-11.611],[-0.993,-7.924],[-12.58,-11.731],[-12.512,-12.542],[-5.972,-16.945]],"c":true}]},{"i":{"x":0.833,"y":1},"o":{"x":0.167,"y":0},"t":13,"s":[{"i":[[-1.992,0],[-1.99,-0.351],[-0.102,-3.122],[0.069,-2.131],[0.224,0],[-0.003,3.948],[-0.47,4.902],[-3.082,0.542]],"o":[[1.992,0],[3.082,0.542],[0.19,2.603],[-0.682,3.814],[-0.224,0],[-0.03,-2.623],[0.299,-3.114],[1.99,-0.351]],"v":[[0,-17.473],[5.972,-16.945],[11.644,-10.681],[11.864,-7.03],[-0.713,-5.577],[-12.424,-7.399],[-12.15,-11.767],[-5.972,-16.945]],"c":true}]},{"i":{"x":0.833,"y":1},"o":{"x":0.167,"y":0},"t":16,"s":[{"i":[[-1.992,0],[-1.99,-0.351],[-0.187,-3.118],[0.082,-3.336],[0.224,0],[0.031,3.948],[-0.47,4.902],[-3.082,0.542]],"o":[[1.992,0],[3.082,0.542],[0.312,3.606],[-0.424,3.855],[-0.224,0],[-0.057,-3.6],[0.299,-3.114],[1.99,-0.351]],"v":[[0,-17.473],[5.972,-16.945],[11.644,-10.681],[12.01,-4.101],[-0.673,-1.691],[-12.331,-4.364],[-11.933,-11.301],[-5.972,-16.945]],"c":true}]},{"i":{"x":0.833,"y":1},"o":{"x":0.167,"y":0},"t":18,"s":[{"i":[[-1.992,0],[-1.99,-0.351],[-0.243,-3.116],[0.091,-4.139],[0.224,0],[0.054,3.948],[-0.47,4.902],[-3.082,0.542]],"o":[[1.992,0],[3.082,0.542],[0.393,4.274],[-0.251,3.881],[-0.224,0],[-0.076,-4.251],[0.299,-3.114],[1.99,-0.351]],"v":[[0,-17.473],[5.972,-16.945],[11.644,-10.681],[12.107,-3.079],[-0.647,-0.031],[-12.269,-3.271],[-11.788,-10.991],[-5.972,-16.945]],"c":true}]},{"i":{"x":0.833,"y":1},"o":{"x":0.167,"y":0},"t":20,"s":[{"i":[[-1.992,0],[-1.99,-0.351],[-0.299,-3.114],[0.1,-4.943],[0.224,0],[0.076,3.948],[-0.47,4.902],[-3.082,0.542]],"o":[[1.992,0],[3.082,0.542],[0.474,4.942],[-0.079,3.908],[-0.224,0],[-0.095,-4.902],[0.299,-3.114],[1.99,-0.351]],"v":[[0,-17.473],[5.972,-16.945],[11.644,-10.681],[12.205,-0.196],[-0.62,3.49],[-12.207,-0.317],[-11.644,-10.681],[-5.972,-16.945]],"c":true}]},{"t":30,"s":[{"i":[[-1.992,0],[-1.99,-0.351],[-0.299,-3.114],[0.1,-4.943],[0.224,0],[0.076,3.948],[-0.47,4.902],[-3.082,0.542]],"o":[[1.992,0],[3.082,0.542],[0.474,4.942],[-0.079,3.908],[-0.224,0],[-0.095,-4.902],[0.299,-3.114],[1.99,-0.351]],"v":[[0,-17.473],[5.972,-16.945],[11.644,-10.681],[12.205,6.628],[-0.62,10.314],[-12.207,6.507],[-11.644,-10.681],[-5.972,-16.945]],"c":true}]}],"ix":2},"nm":"Path 1","mn":"ADBE Vector Shape - Group","hd":false},{"ty":"fl","c":{"a":0,"k":[0,0.313699990511,1,1],"ix":4},"o":{"a":0,"k":100,"ix":5},"r":1,"bm":0,"nm":"Fill 1","mn":"ADBE Vector Graphic - Fill","hd":false},{"ty":"tr","p":{"a":0,"k":[0,0],"ix":2},"a":{"a":0,"k":[0,0],"ix":1},"s":{"a":0,"k":[100,100],"ix":3},"r":{"a":0,"k":0,"ix":6},"o":{"a":0,"k":100,"ix":7},"sk":{"a":0,"k":0,"ix":4},"sa":{"a":0,"k":0,"ix":5},"nm":"Transform"}],"nm":"Group 1","np":2,"cix":2,"bm":0,"ix":1,"mn":"ADBE Vector Group","hd":false}],"ip":8,"op":32,"st":-4,"bm":0},{"ddd":0,"ind":5,"ty":4,"nm":"BlueRibbon_Full","sr":1,"ks":{"o":{"a":0,"k":100,"ix":11},"r":{"a":0,"k":0,"ix":10},"p":{"a":0,"k":[122.426,78.099,0],"ix":2,"l":2},"a":{"a":0,"k":[-0.05,-10.965,0],"ix":1,"l":2},"s":{"a":0,"k":[403,403,100],"ix":6,"l":2}},"ao":0,"shapes":[{"ty":"gr","it":[{"ind":0,"ty":"sh","ix":1,"ks":{"a":1,"k":[{"i":{"x":0.833,"y":1},"o":{"x":0.333,"y":0},"t":32,"s":[{"i":[[-1.992,0],[-1.99,-0.351],[-0.299,-3.114],[0.992,-8.85],[0.909,0],[0.342,0.234],[2.74,2.296],[0.224,0],[0.182,-0.152],[2.434,-1.66],[0.377,0],[0.11,0.977],[-0.849,8.85],[-3.082,0.542]],"o":[[1.992,0],[3.082,0.542],[0.849,8.85],[-0.11,0.977],[-0.377,0],[-2.434,-1.66],[-0.182,-0.152],[-0.224,0],[-2.74,2.296],[-0.342,0.234],[-0.909,0],[-0.992,-8.85],[0.299,-3.114],[1.99,-0.351]],"v":[[0,-17.473],[5.972,-16.945],[11.644,-10.681],[11.429,15.87],[9.549,17.473],[8.443,17.13],[0.629,11.037],[0,10.81],[-0.629,11.037],[-8.443,17.13],[-9.549,17.473],[-11.429,15.87],[-11.644,-10.681],[-5.972,-16.945]],"c":true}]},{"i":{"x":0.667,"y":1},"o":{"x":0.167,"y":0},"t":43,"s":[{"i":[[-1.992,0],[-1.99,-0.351],[-0.299,-3.114],[-2.155,-7.381],[0.909,0],[0.342,0.234],[2.74,2.296],[0.224,0],[0.182,-0.152],[2.434,-1.66],[0.377,0],[-0.126,0.975],[-0.849,8.85],[-3.082,0.542]],"o":[[1.992,0],[3.082,0.542],[0.849,8.85],[0.275,0.943],[-0.377,0],[-2.434,-1.66],[-0.182,-0.152],[-0.224,0],[-2.74,2.296],[-0.342,0.234],[-0.909,0],[1.224,-9.49],[0.299,-3.114],[1.99,-0.351]],"v":[[0,-17.473],[5.972,-16.945],[11.644,-10.681],[12.794,15.746],[10.914,17.349],[9.808,17.006],[0.629,11.037],[0,10.81],[-0.629,11.037],[-10.056,16.758],[-11.162,17.1],[-13.042,15.498],[-11.644,-10.681],[-5.972,-16.945]],"c":true}]},{"i":{"x":0.667,"y":1},"o":{"x":0.333,"y":0},"t":60,"s":[{"i":[[-1.992,0],[-1.99,-0.351],[-0.299,-3.114],[0.992,-8.85],[0.909,0],[0.342,0.234],[2.74,2.296],[0.224,0],[0.182,-0.152],[2.434,-1.66],[0.377,0],[0.11,0.977],[-0.849,8.85],[-3.082,0.542]],"o":[[1.992,0],[3.082,0.542],[0.849,8.85],[-0.11,0.977],[-0.377,0],[-2.434,-1.66],[-0.182,-0.152],[-0.224,0],[-2.74,2.296],[-0.342,0.234],[-0.909,0],[-0.992,-8.85],[0.299,-3.114],[1.99,-0.351]],"v":[[0,-17.473],[5.972,-16.945],[11.644,-10.681],[10.188,15.87],[8.308,17.473],[7.202,17.13],[0.629,11.037],[0,10.81],[-0.629,11.037],[-7.512,17.13],[-8.618,17.473],[-10.498,15.87],[-11.644,-10.681],[-5.972,-16.945]],"c":true}]},{"t":80,"s":[{"i":[[-1.992,0],[-1.99,-0.351],[-0.299,-3.114],[0.992,-8.85],[0.909,0],[0.342,0.234],[2.74,2.296],[0.224,0],[0.182,-0.152],[2.434,-1.66],[0.377,0],[0.11,0.977],[-0.849,8.85],[-3.082,0.542]],"o":[[1.992,0],[3.082,0.542],[0.849,8.85],[-0.11,0.977],[-0.377,0],[-2.434,-1.66],[-0.182,-0.152],[-0.224,0],[-2.74,2.296],[-0.342,0.234],[-0.909,0],[-0.992,-8.85],[0.299,-3.114],[1.99,-0.351]],"v":[[0,-17.473],[5.972,-16.945],[11.644,-10.681],[11.429,15.87],[9.549,17.473],[8.443,17.13],[0.629,11.037],[0,10.81],[-0.629,11.037],[-8.443,17.13],[-9.549,17.473],[-11.429,15.87],[-11.644,-10.681],[-5.972,-16.945]],"c":true}]}],"ix":2},"nm":"Path 1","mn":"ADBE Vector Shape - Group","hd":false},{"ty":"fl","c":{"a":0,"k":[0,0.313699990511,1,1],"ix":4},"o":{"a":0,"k":100,"ix":5},"r":1,"bm":0,"nm":"Fill 1","mn":"ADBE Vector Graphic - Fill","hd":false},{"ty":"fl","c":{"a":0,"k":[1,1,1,1],"ix":4},"o":{"a":0,"k":100,"ix":5},"r":1,"bm":0,"nm":"Fill 2","mn":"ADBE Vector Graphic - Fill","hd":false},{"ty":"tr","p":{"a":0,"k":[0,0],"ix":2},"a":{"a":0,"k":[0,0],"ix":1},"s":{"a":0,"k":[100,100],"ix":3},"r":{"a":0,"k":0,"ix":6},"o":{"a":0,"k":100,"ix":7},"sk":{"a":0,"k":0,"ix":4},"sa":{"a":0,"k":0,"ix":5},"nm":"Transform"}],"nm":"Group 1","np":3,"cix":2,"bm":0,"ix":1,"mn":"ADBE Vector Group","hd":false}],"ip":32,"op":81,"st":-4,"bm":0},{"ddd":0,"ind":6,"ty":4,"nm":"Border_grey","sr":1,"ks":{"o":{"a":0,"k":100,"ix":11},"r":{"a":0,"k":0,"ix":10},"p":{"a":0,"k":[122.426,78.099,0],"ix":2,"l":2},"a":{"a":0,"k":[-0.05,-10.965,0],"ix":1,"l":2},"s":{"a":0,"k":[390,390,100],"ix":6,"l":2}},"ao":0,"shapes":[{"ty":"gr","it":[{"ind":0,"ty":"sh","ix":1,"ks":{"a":1,"k":[{"i":{"x":0.833,"y":0.833},"o":{"x":0.167,"y":0},"t":0,"s":[{"i":[[-1.992,0],[-1.99,-0.351],[-0.299,-3.114],[0.992,-8.85],[0.909,0],[0.342,0.234],[2.74,2.296],[0.224,0],[0.182,-0.152],[2.434,-1.66],[0.377,0],[0.11,0.977],[-0.849,8.85],[-3.082,0.542]],"o":[[1.992,0],[3.082,0.542],[0.849,8.85],[-0.11,0.977],[-0.377,0],[-2.434,-1.66],[-0.182,-0.152],[-0.224,0],[-2.74,2.296],[-0.342,0.234],[-0.909,0],[-0.992,-8.85],[0.299,-3.114],[1.99,-0.351]],"v":[[0,-17.473],[5.972,-16.945],[11.644,-10.681],[11.429,15.87],[9.549,17.473],[8.443,17.13],[0.629,11.037],[0,10.81],[-0.629,11.037],[-8.443,17.13],[-9.549,17.473],[-11.429,15.87],[-11.644,-10.681],[-5.972,-16.945]],"c":true}]},{"i":{"x":0.833,"y":1},"o":{"x":0.167,"y":0.167},"t":5,"s":[{"i":[[-1.992,0],[-1.99,-0.351],[-0.241,-3.118],[0.739,-6.227],[0.909,0],[0.342,0.234],[2.74,2.296],[0.224,0],[0.182,-0.152],[2.434,-1.66],[0.377,0],[0.087,0.979],[-0.616,5.862],[-3.082,0.542]],"o":[[1.992,0],[3.082,0.542],[0.568,6.381],[-0.13,0.974],[-0.377,0],[-2.434,-1.66],[-0.182,-0.152],[-0.224,0],[-2.74,2.296],[-0.342,0.234],[-0.909,0],[-0.692,-7.029],[0.46,-3.087],[1.99,-0.351]],"v":[[0,-16.96],[5.972,-16.432],[11.644,-10.681],[11.311,8.827],[9.431,10.429],[8.325,10.087],[0.511,3.994],[-0.118,3.767],[-0.747,3.994],[-8.561,10.087],[-9.667,10.429],[-11.547,8.827],[-11.644,-10.681],[-5.972,-16.432]],"c":true}]},{"i":{"x":0.833,"y":1},"o":{"x":0.167,"y":0},"t":10,"s":[{"i":[[-1.992,0],[-1.99,-0.351],[-0.147,-3.124],[0.326,-1.953],[0.909,0],[0.342,0.234],[2.74,2.296],[0.224,0],[0.182,-0.152],[2.434,-1.66],[0.377,0],[0.049,0.982],[-0.236,0.995],[-3.082,0.542]],"o":[[1.992,0],[3.082,0.542],[0.111,2.359],[-0.162,0.969],[-0.377,0],[-2.434,-1.66],[-0.182,-0.152],[-0.224,0],[-2.74,2.296],[-0.342,0.234],[-0.909,0],[-0.203,-4.062],[0.723,-3.043],[1.99,-0.351]],"v":[[0,-16.511],[5.972,-15.983],[11.644,-10.681],[11.119,-2.647],[9.239,-1.045],[8.133,-1.387],[0.319,-7.48],[-0.31,-7.707],[-0.939,-7.48],[-8.753,-1.387],[-9.859,-1.045],[-11.739,-2.647],[-11.644,-10.681],[-5.972,-15.983]],"c":true}]},{"i":{"x":0.833,"y":1},"o":{"x":0.01,"y":0.01},"t":14,"s":[{"i":[[-1.992,0],[-1.99,-0.351],[-0.133,-3.125],[0.202,-0.898],[0.909,0],[0.342,0.234],[1.511,0.585],[0.224,0],[0.236,0.024],[2.434,-1.66],[0.377,0],[-0.102,0.978],[-0.112,0.498],[-3.082,0.542]],"o":[[1.992,0],[3.082,0.542],[0.111,2.607],[-0.015,0.983],[-0.377,0],[-2.434,-1.66],[-0.221,-0.086],[-0.224,0],[-2.752,-0.283],[-0.342,0.234],[-0.909,0],[0.107,-0.836],[0.683,-3.052],[1.99,-0.351]],"v":[[0,-16.383],[5.459,-15.278],[11.131,-10.104],[10.978,-9.328],[9.098,-7.726],[7.992,-8.068],[0.319,-7.48],[-0.31,-7.707],[-0.939,-7.48],[-8.753,-8.211],[-9.859,-7.869],[-11.739,-9.471],[-11.644,-10.681],[-5.972,-15.855]],"c":true}]},{"t":16,"s":[{"i":[[-1.992,0],[-1.99,-0.351],[-0.133,-3.125],[0.202,-0.898],[0.909,0],[0.342,0.234],[1.511,0.585],[0.224,0],[0.236,0.024],[2.434,-1.66],[0.377,0],[-0.102,0.978],[-0.112,0.498],[-3.082,0.542]],"o":[[1.992,0],[3.082,0.542],[0.111,2.607],[-0.015,0.983],[-0.377,0],[-2.434,-1.66],[-0.221,-0.086],[-0.224,0],[-2.752,-0.283],[-0.342,0.234],[-0.909,0],[0.107,-0.836],[0.683,-3.052],[1.99,-0.351]],"v":[[0,-16.383],[5.01,-15.855],[10.682,-10.681],[10.529,-9.905],[8.649,-8.303],[7.543,-8.645],[0.319,-7.48],[-0.31,-7.707],[-0.939,-7.48],[-7.856,-8.211],[-8.962,-7.869],[-10.842,-9.471],[-10.747,-10.681],[-5.972,-15.855]],"c":true}]}],"ix":2},"nm":"Path 1","mn":"ADBE Vector Shape - Group","hd":false},{"ty":"fl","c":{"a":0,"k":[1,1,1,1],"ix":4},"o":{"a":0,"k":0,"ix":5},"r":1,"bm":0,"nm":"Fill 1","mn":"ADBE Vector Graphic - Fill","hd":false},{"ty":"tr","p":{"a":0,"k":[0,0],"ix":2},"a":{"a":0,"k":[0,0],"ix":1},"s":{"a":0,"k":[100,100],"ix":3},"r":{"a":0,"k":0,"ix":6},"o":{"a":0,"k":60,"ix":7},"sk":{"a":0,"k":0,"ix":4},"sa":{"a":0,"k":0,"ix":5},"nm":"Transform"}],"nm":"Group 1","np":2,"cix":2,"bm":0,"ix":1,"mn":"ADBE Vector Group","hd":false},{"ty":"st","c":{"a":0,"k":[0.007843137255,0.023529411765,0.047058823529,1],"ix":3},"o":{"a":0,"k":34,"ix":4},"w":{"a":0,"k":2.2,"ix":5},"lc":1,"lj":1,"ml":4,"bm":0,"nm":"Stroke 1","mn":"ADBE Vector Graphic - Stroke","hd":false}],"ip":0,"op":42,"st":0,"bm":0},{"ddd":0,"ind":7,"ty":4,"nm":"Fill_white","sr":1,"ks":{"o":{"a":0,"k":100,"ix":11},"r":{"a":0,"k":0,"ix":10},"p":{"a":0,"k":[122.426,80.099,0],"ix":2,"l":2},"a":{"a":0,"k":[-0.05,-10.965,0],"ix":1,"l":2},"s":{"a":0,"k":[366,366,100],"ix":6,"l":2}},"ao":0,"shapes":[{"ty":"gr","it":[{"ind":0,"ty":"sh","ix":1,"ks":{"a":1,"k":[{"i":{"x":0.833,"y":0.833},"o":{"x":0.167,"y":0},"t":0,"s":[{"i":[[-1.992,0],[-1.99,-0.351],[-0.299,-3.114],[0.992,-8.85],[0.909,0],[0.342,0.234],[2.74,2.296],[0.224,0],[0.182,-0.152],[2.434,-1.66],[0.377,0],[0.11,0.977],[-0.849,8.85],[-3.082,0.542]],"o":[[1.992,0],[3.082,0.542],[0.849,8.85],[-0.11,0.977],[-0.377,0],[-2.434,-1.66],[-0.182,-0.152],[-0.224,0],[-2.74,2.296],[-0.342,0.234],[-0.909,0],[-0.992,-8.85],[0.299,-3.114],[1.99,-0.351]],"v":[[0,-17.473],[5.972,-16.945],[11.644,-10.681],[11.429,15.87],[9.549,17.473],[8.443,17.13],[0.629,11.037],[0,10.81],[-0.629,11.037],[-8.443,17.13],[-9.549,17.473],[-11.429,15.87],[-11.644,-10.681],[-5.972,-16.945]],"c":true}]},{"i":{"x":0.833,"y":1},"o":{"x":0.167,"y":0.167},"t":5,"s":[{"i":[[-1.992,0],[-1.99,-0.351],[-0.241,-3.118],[0.739,-6.227],[0.909,0],[0.342,0.234],[2.74,2.296],[0.224,0],[0.182,-0.152],[2.434,-1.66],[0.377,0],[0.087,0.979],[-0.616,5.862],[-3.082,0.542]],"o":[[1.992,0],[3.082,0.542],[0.568,6.381],[-0.13,0.974],[-0.377,0],[-2.434,-1.66],[-0.182,-0.152],[-0.224,0],[-2.74,2.296],[-0.342,0.234],[-0.909,0],[-0.692,-7.029],[0.46,-3.087],[1.99,-0.351]],"v":[[0,-16.96],[5.972,-16.432],[11.644,-10.681],[11.311,8.827],[9.431,10.429],[8.325,10.087],[0.511,3.994],[-0.118,3.767],[-0.747,3.994],[-8.561,10.087],[-9.667,10.429],[-11.547,8.827],[-11.644,-10.681],[-5.972,-16.432]],"c":true}]},{"i":{"x":0.833,"y":1},"o":{"x":0.167,"y":0},"t":10,"s":[{"i":[[-1.992,0],[-1.99,-0.351],[-0.147,-3.124],[0.326,-1.953],[0.909,0],[0.342,0.234],[2.74,2.296],[0.224,0],[0.182,-0.152],[2.434,-1.66],[0.377,0],[0.049,0.982],[-0.236,0.995],[-3.082,0.542]],"o":[[1.992,0],[3.082,0.542],[0.111,2.359],[-0.162,0.969],[-0.377,0],[-2.434,-1.66],[-0.182,-0.152],[-0.224,0],[-2.74,2.296],[-0.342,0.234],[-0.909,0],[-0.203,-4.062],[0.723,-3.043],[1.99,-0.351]],"v":[[0,-16.511],[5.972,-15.983],[11.644,-10.681],[11.119,-2.647],[9.239,-1.045],[8.133,-1.387],[0.319,-7.48],[-0.31,-7.707],[-0.939,-7.48],[-8.753,-1.387],[-9.859,-1.045],[-11.739,-2.647],[-11.644,-10.681],[-5.972,-15.983]],"c":true}]},{"t":14,"s":[{"i":[[-1.992,0],[-1.99,-0.351],[-0.133,-3.125],[0.202,-0.898],[0.909,0],[0.342,0.234],[1.511,0.585],[0.224,0],[0.236,0.024],[2.434,-1.66],[0.377,0],[-0.102,0.978],[-0.112,0.498],[-3.082,0.542]],"o":[[1.992,0],[3.082,0.542],[0.111,2.607],[-0.015,0.983],[-0.377,0],[-2.434,-1.66],[-0.221,-0.086],[-0.224,0],[-2.752,-0.283],[-0.342,0.234],[-0.909,0],[0.107,-0.836],[0.683,-3.052],[1.99,-0.351]],"v":[[0,-16.383],[5.972,-15.855],[11.644,-10.681],[11.491,-9.905],[9.611,-8.303],[8.505,-8.645],[0.319,-7.48],[-0.31,-7.707],[-0.939,-7.48],[-8.753,-8.211],[-9.859,-7.869],[-11.739,-9.471],[-11.644,-10.681],[-5.972,-15.855]],"c":true}]}],"ix":2},"nm":"Path 1","mn":"ADBE Vector Shape - Group","hd":false},{"ty":"fl","c":{"a":0,"k":[1,1,1,1],"ix":4},"o":{"a":0,"k":100,"ix":5},"r":1,"bm":0,"nm":"Fill 1","mn":"ADBE Vector Graphic - Fill","hd":false},{"ty":"tr","p":{"a":0,"k":[0,0],"ix":2},"a":{"a":0,"k":[0,0],"ix":1},"s":{"a":0,"k":[100,100],"ix":3},"r":{"a":0,"k":0,"ix":6},"o":{"a":0,"k":60,"ix":7},"sk":{"a":0,"k":0,"ix":4},"sa":{"a":0,"k":0,"ix":5},"nm":"Transform"}],"nm":"Group 1","np":2,"cix":2,"bm":0,"ix":1,"mn":"ADBE Vector Group","hd":false}],"ip":0,"op":42,"st":0,"bm":0}],"markers":[]}

