{"v":"5.9.0","ip":0,"op":30,"fr":60,"w":480,"h":480,"nm":"C","assets":[],"layers":[{"ind":1,"ty":4,"nm":"t","sr":0.4,"ks":{"o":{"a":0,"k":100.0},"r":{"a":0,"k":0.0},"p":{"a":0,"k":[251.029,358.45,0.0],"l":2},"a":{"a":0,"k":[0.0,0.0,0.0],"l":2},"s":{"a":0,"k":[98.0,98.0,100.0],"l":2}},"shapes":[{"ty":"gr","nm":"S","bm":0,"it":[{"ty":"sh","nm":"P","ind":0,"ks":{"k":{"i":[[0.0,0.0],[0.0,0.0],[0.0,0.0]],"o":[[0.0,0.0],[0.0,0.0],[0.0,0.0]],"v":[[-124.005,-93.984],[-64.005,-33.984],[103.995,-201.984]],"c":false},"a":0}},{"ty":"st","nm":"S","bm":0,"lc":2,"lj":2,"o":{"a":0,"k":100.0},"w":{"a":0,"k":36.0},"c":{"a":0,"k":[1.0,1.0,1.0,1.0]}},{"ty":"tr","o":{"a":0,"k":100.0},"r":{"a":0,"k":0.0},"p":{"a":0,"k":[0.0,0.0]},"a":{"a":0,"k":[0.0,0.0]},"s":{"a":0,"k":[100.242,99.886]},"nm":"T","sk":{"a":0,"k":0.0},"sa":{"a":0,"k":0.0}}]},{"ty":"tm","nm":"T","s":{"a":1,"k":[{"i":{"x":[1],"y":[1]},"o":{"x":[0],"y":[0]},"t":12.813,"s":[0.0]},{"t":20,"s":[100.0]}]},"e":{"a":0,"k":0.0},"o":{"a":0,"k":0.0},"m":1}],"ip":0,"op":184.248,"st":-64.0},{"ind":2,"ty":4,"nm":"t","sr":0.4,"ks":{"o":{"a":0,"k":100.0},"r":{"a":0,"k":0.0},"p":{"a":0,"k":[251.029,358.45,0.0],"l":2},"a":{"a":0,"k":[0.0,0.0,0.0],"l":2},"s":{"a":0,"k":[98.0,98.0,100.0],"l":2}},"shapes":[{"ty":"gr","nm":"S","bm":0,"it":[{"ty":"sh","nm":"P","ind":0,"ks":{"k":{"i":[[0.0,0.0],[0.0,0.0],[0.0,0.0]],"o":[[0.0,0.0],[0.0,0.0],[0.0,0.0]],"v":[[-124.005,-93.984],[-64.005,-33.984],[103.995,-201.984]],"c":false},"a":0}},{"ty":"st","nm":"S","bm":0,"lc":2,"lj":2,"o":{"a":1,"k":[{"i":{"x":[0],"y":[1]},"o":{"x":[0.598],"y":[0]},"t":0,"s":[0.0]},{"i":{"x":[0],"y":[1]},"o":{"x":[0.677],"y":[0]},"t":10.411,"s":[20.0]},{"i":{"x":[0.392],"y":[1]},"o":{"x":[0.441],"y":[0]},"t":18.419,"s":[60.0]},{"t":28.829,"s":[0.0]}]},"w":{"a":0,"k":36.0},"c":{"a":0,"k":[1.0,1.0,1.0,1.0]}},{"ty":"tr","o":{"a":0,"k":100.0},"r":{"a":0,"k":0.0},"p":{"a":0,"k":[0.0,0.0]},"a":{"a":0,"k":[0.0,0.0]},"s":{"a":0,"k":[100.242,99.886]},"nm":"T","sk":{"a":0,"k":0.0},"sa":{"a":0,"k":0.0}}]}],"ip":0,"op":184.248,"st":-64.0},{"ind":3,"ty":4,"nm":"S","sr":0.4,"ks":{"o":{"a":1,"k":[{"i":{"x":[0.833],"y":[0.833]},"o":{"x":[0.167],"y":[0.167]},"t":4,"s":[15.0]},{"t":12,"s":[0.0]}]},"r":{"a":0,"k":0.0},"p":{"a":0,"k":[234.766,232.583,0.0],"l":2},"a":{"a":0,"k":[0.0,0.0,0.0],"l":2},"s":{"k":[{"i":{"x":[0.667,0.667,0.667],"y":[1.0,1.0,1.0]},"o":{"x":[0.333,0.333,0.333],"y":[0.0,0.0,0.0]},"t":2,"s":[390,390,100]},{"t":6,"s":[360,360,100]}],"a":1,"l":2}},"shapes":[{"ty":"gr","nm":"R","bm":0,"it":[{"ty":"rc","nm":"R","d":1,"s":{"a":0,"k":[94.0,94.0]},"p":{"a":0,"k":[0.0,0.0]},"r":{"a":0,"k":18.0}},{"ty":"st","nm":"S","bm":0,"lc":1,"lj":1,"ml":4.0,"o":{"a":0,"k":100.0},"w":{"a":0,"k":8.0},"c":{"a":0,"k":[0.007843137719,0.023529412225,0.04705882445,1.0]}},{"ty":"tr","o":{"a":0,"k":100.0},"r":{"a":0,"k":0.0},"p":{"a":0,"k":[1.342,1.902]},"a":{"a":0,"k":[0.0,0.0]},"s":{"a":0,"k":[100.0,100.0]},"nm":"T","sk":{"a":0,"k":0.0},"sa":{"a":0,"k":0.0}}]},{"ty":"st","nm":"S","bm":0,"lc":1,"lj":1,"ml":4.0,"o":{"a":0,"k":100.0},"w":{"a":0,"k":8.0},"c":{"a":0,"k":[1.0,0.32549020648,0.243137255311,1.0]}}],"ip":0,"op":184.248,"st":-64.0},{"ind":4,"ty":4,"nm":"S","sr":0.4,"ks":{"o":{"a":1,"k":[{"i":{"x":[0.833],"y":[0.833]},"o":{"x":[0.167],"y":[0.167]},"t":4.004,"s":[0.0]},{"t":12.012,"s":[99.99]}]},"r":{"a":0,"k":0.0},"p":{"a":0,"k":[237.566,237.167,0.0],"l":2},"a":{"a":0,"k":[0.0,0.0,0.0],"l":2},"s":{"k":[{"i":{"x":[0.667,0.667,0.667],"y":[1.0,1.0,1.0]},"o":{"x":[0.333,0.333,0.333],"y":[0.0,0.0,0.0]},"t":10,"s":[360,360,100]},{"t":16,"s":[390,390,100]}],"a":1,"l":2}},"shapes":[{"ty":"gr","nm":"R","bm":0,"it":[{"ty":"rc","nm":"R","d":1,"s":{"a":0,"k":[98.0,98.0]},"p":{"a":0,"k":[0.0,0.0]},"r":{"a":0,"k":18.0}},{"ty":"st","nm":"S","bm":0,"lc":1,"lj":1,"ml":4.0,"o":{"a":0,"k":100.0},"w":{"a":0,"k":4.0},"c":{"a":0,"k":[1.0,0.325490196078,0.243137254902,1.0]}},{"ty":"fl","nm":"F","bm":0,"c":{"a":0,"k":[1.0,0.325490196078,0.243137254902,1.0]},"o":{"a":0,"k":100.0},"r":1},{"ty":"tr","o":{"a":0,"k":100.0},"r":{"a":0,"k":0.0},"p":{"a":0,"k":[0.624,0.727]},"a":{"a":0,"k":[0.0,0.0]},"s":{"a":0,"k":[100.0,100.0]},"nm":"T","sk":{"a":0,"k":0.0},"sa":{"a":0,"k":0.0}}]},{"ty":"fl","nm":"F","bm":0,"c":{"a":0,"k":[1.0,0.32549020648,0.243137255311,1.0]},"o":{"a":0,"k":100.0},"r":1},{"ty":"st","nm":"S","bm":0,"lc":1,"lj":1,"ml":4.0,"o":{"a":0,"k":100.0},"w":{"a":0,"k":4.0},"c":{"a":0,"k":[1.0,0.32549020648,0.243137255311,1.0]}}],"ip":0,"op":184.248,"st":-64.0},{"ind":5,"ty":4,"nm":"P","sr":0.4,"ks":{"o":{"a":1,"k":[{"i":{"x":[0.667],"y":[1]},"o":{"x":[0.333],"y":[0]},"t":10,"s":[0.0]},{"i":{"x":[0.667],"y":[1]},"o":{"x":[0.333],"y":[0]},"t":11.531,"s":[100.0]},{"t":24,"s":[0.0]}]},"r":{"a":0,"k":0.0},"p":{"a":0,"k":[240.909,240.417,0.0],"l":2},"a":{"a":0,"k":[0.0,0.0,0.0],"l":2},"s":{"k":[{"i":{"x":[0.667,0.667,0.667],"y":[1.0,1.0,1.0]},"o":{"x":[0.333,0.333,0.333],"y":[0.0,0.0,0.0]},"t":10,"s":[360,360,100]},{"t":24,"s":[480,480,100]}],"a":1,"l":2}},"shapes":[{"ty":"gr","nm":"R","bm":0,"it":[{"ty":"rc","nm":"R","d":1,"s":{"a":0,"k":[100.0,100.0]},"p":{"a":0,"k":[0.0,0.0]},"r":{"a":0,"k":18.0}},{"ty":"st","nm":"S","bm":0,"lc":1,"lj":1,"ml":4.0,"o":{"a":0,"k":100.0},"w":{"a":0,"k":4.0},"c":{"a":0,"k":[1.0,0.325490196078,0.243137254902,1.0]}},{"ty":"fl","nm":"F","bm":0,"c":{"a":0,"k":[1.0,0.325490196078,0.243137254902,1.0]},"o":{"a":0,"k":100.0},"r":1},{"ty":"tr","o":{"a":0,"k":100.0},"r":{"a":0,"k":0.0},"p":{"a":0,"k":[-0.189,-0.087]},"a":{"a":0,"k":[0.0,0.0]},"s":{"a":0,"k":[100.0,100.0]},"nm":"T","sk":{"a":0,"k":0.0},"sa":{"a":0,"k":0.0}}]},{"ty":"fl","nm":"F","bm":0,"c":{"a":0,"k":[1.0,0.32549020648,0.243137255311,1.0]},"o":{"a":0,"k":100.0},"r":1},{"ty":"st","nm":"S","bm":0,"lc":1,"lj":1,"ml":4.0,"o":{"a":0,"k":100.0},"w":{"a":0,"k":4.0},"c":{"a":0,"k":[1.0,0.32549020648,0.243137255311,1.0]}}],"ip":0,"op":184.248,"st":-64.0}],"markers":[]}

