{"v":"5.9.0","fr":30,"ip":0,"op":40,"w":20,"h":20,"nm":"Comp 2","ddd":0,"assets":[],"layers":[{"ddd":0,"ind":1,"ty":3,"nm":"Null 2","sr":1,"ks":{"o":{"a":0,"k":0,"ix":11},"r":{"a":0,"k":0,"ix":10},"p":{"a":0,"k":[10.125,10.875,0],"ix":2,"l":2},"a":{"a":0,"k":[50.388,51.938,0],"ix":1,"l":2},"s":{"a":0,"k":[25.447,25.447,100],"ix":6,"l":2}},"ao":0,"ip":0,"op":300,"st":0,"bm":0},{"ddd":0,"ind":2,"ty":4,"nm":"Shape Layer 1","parent":1,"sr":1,"ks":{"o":{"a":0,"k":100,"ix":11},"r":{"a":0,"k":-45,"ix":10},"p":{"a":0,"k":[49.262,47.866,0],"ix":2,"l":2},"a":{"a":0,"k":[-410.326,-529.305,0],"ix":1,"l":2},"s":{"a":0,"k":[100,100,100],"ix":6,"l":2}},"ao":0,"shapes":[{"ty":"gr","it":[{"d":1,"ty":"el","s":{"a":0,"k":[95,32],"ix":2},"p":{"a":0,"k":[0,0],"ix":3},"nm":"Ellipse Path 1","mn":"ADBE Vector Shape - Ellipse","hd":false},{"ty":"st","c":{"a":0,"k":[1,0.713725490196,0.03137254902,1],"ix":3},"o":{"a":0,"k":100,"ix":4},"w":{"a":0,"k":3,"ix":5},"lc":1,"lj":1,"ml":4,"bm":0,"nm":"Stroke 1","mn":"ADBE Vector Graphic - Stroke","hd":false},{"ty":"tr","p":{"a":0,"k":[-410.326,-529.305],"ix":2},"a":{"a":0,"k":[0,0],"ix":1},"s":{"a":0,"k":[100,100],"ix":3},"r":{"a":0,"k":0,"ix":6},"o":{"a":0,"k":100,"ix":7},"sk":{"a":0,"k":0,"ix":4},"sa":{"a":0,"k":0,"ix":5},"nm":"Transform"}],"nm":"Ellipse 1","np":3,"cix":2,"bm":0,"ix":1,"mn":"ADBE Vector Group","hd":false},{"ty":"tm","s":{"a":1,"k":[{"i":{"x":[0.5],"y":[1]},"o":{"x":[0.5],"y":[0]},"t":8,"s":[0]},{"i":{"x":[0.675],"y":[1]},"o":{"x":[0.533],"y":[0]},"t":10.5,"s":[0]},{"i":{"x":[0.573],"y":[1]},"o":{"x":[0.26],"y":[0]},"t":35,"s":[0]},{"t":40,"s":[0]}],"ix":1},"e":{"a":1,"k":[{"i":{"x":[0.5],"y":[1]},"o":{"x":[0.5],"y":[0]},"t":8,"s":[0]},{"i":{"x":[0.675],"y":[-4.112]},"o":{"x":[0.533],"y":[0]},"t":10.5,"s":[8]},{"i":{"x":[0.573],"y":[1]},"o":{"x":[0.26],"y":[0.119]},"t":35,"s":[7]},{"t":40,"s":[0]}],"ix":2},"o":{"a":1,"k":[{"i":{"x":[0.2],"y":[1]},"o":{"x":[0.4],"y":[0]},"t":5,"s":[24.121]},{"t":40,"s":[340]}],"ix":3},"m":1,"ix":2,"nm":"Trim Paths 1","mn":"ADBE Vector Filter - Trim","hd":false}],"ip":5,"op":40.5,"st":0,"bm":0},{"ddd":0,"ind":3,"ty":4,"nm":"1 Outlines","parent":1,"sr":1,"ks":{"o":{"a":0,"k":100,"ix":11},"r":{"a":1,"k":[{"i":{"x":[0.5],"y":[1]},"o":{"x":[0.5],"y":[0]},"t":0,"s":[0]},{"i":{"x":[0.5],"y":[1]},"o":{"x":[0.5],"y":[0]},"t":10,"s":[-14]},{"t":20,"s":[0]}],"ix":10},"p":{"a":1,"k":[{"i":{"x":0.5,"y":1},"o":{"x":0.5,"y":0},"t":0,"s":[36.023,43.042,0],"to":[0,0,0],"ti":[0,0,0]},{"i":{"x":0.5,"y":1},"o":{"x":0.5,"y":0},"t":10,"s":[31.023,38.042,0],"to":[0,0,0],"ti":[0,0,0]},{"t":20,"s":[36.023,43.042,0]}],"ix":2,"l":2},"a":{"a":0,"k":[4,2,0],"ix":1,"l":2},"s":{"a":0,"k":[300,300,100],"ix":6,"l":2}},"ao":0,"shapes":[{"ty":"gr","it":[{"ind":0,"ty":"sh","ix":1,"ks":{"a":0,"k":{"i":[[0,0],[-1.105,0],[0,0],[0,0],[0,0],[0,0.552]],"o":[[0,-1.105],[0,0],[0,0],[0,0],[-0.552,0],[0,0]],"v":[[-4,0],[-2,-2],[4,-2],[4,2],[-3,2],[-4,1]],"c":true},"ix":2},"nm":"Path 1","mn":"ADBE Vector Shape - Group","hd":false},{"ty":"fl","c":{"a":0,"k":[1,0.713725490196,0.03137254902,1],"ix":4},"o":{"a":0,"k":100,"ix":5},"r":1,"bm":0,"nm":"Fill 1","mn":"ADBE Vector Graphic - Fill","hd":false},{"ty":"tr","p":{"a":0,"k":[4,2],"ix":2},"a":{"a":0,"k":[0,0],"ix":1},"s":{"a":0,"k":[100,100],"ix":3},"r":{"a":0,"k":0,"ix":6},"o":{"a":0,"k":100,"ix":7},"sk":{"a":0,"k":0,"ix":4},"sa":{"a":0,"k":0,"ix":5},"nm":"Transform"}],"nm":"Group 1","np":2,"cix":2,"bm":0,"ix":1,"mn":"ADBE Vector Group","hd":false}],"ip":0,"op":1125,"st":0,"bm":0},{"ddd":0,"ind":4,"ty":4,"nm":"2 Outlines","parent":1,"sr":1,"ks":{"o":{"a":0,"k":100,"ix":11},"r":{"a":1,"k":[{"i":{"x":[0.5],"y":[1]},"o":{"x":[0.5],"y":[0]},"t":1.5,"s":[0]},{"i":{"x":[0.5],"y":[1]},"o":{"x":[0.5],"y":[0]},"t":11.5,"s":[13]},{"t":21.5,"s":[0]}],"ix":10},"p":{"a":1,"k":[{"i":{"x":0.5,"y":1},"o":{"x":0.5,"y":0},"t":1.5,"s":[63.023,43.042,0],"to":[0,0,0],"ti":[0,0,0]},{"i":{"x":0.5,"y":1},"o":{"x":0.5,"y":0},"t":11.5,"s":[68.023,38.042,0],"to":[0,0,0],"ti":[0,0,0]},{"t":21.5,"s":[63.023,43.042,0]}],"ix":2,"l":2},"a":{"a":0,"k":[4,2,0],"ix":1,"l":2},"s":{"a":0,"k":[300,300,100],"ix":6,"l":2}},"ao":0,"shapes":[{"ty":"gr","it":[{"ind":0,"ty":"sh","ix":1,"ks":{"a":0,"k":{"i":[[0,0],[0,0],[0,-1.105],[0,0],[0.552,0],[0,0]],"o":[[0,0],[1.105,0],[0,0],[0,0.552],[0,0],[0,0]],"v":[[-4,-2],[2,-2],[4,0],[4,1],[3,2],[-4,2]],"c":true},"ix":2},"nm":"Path 1","mn":"ADBE Vector Shape - Group","hd":false},{"ty":"fl","c":{"a":0,"k":[1,0.713725490196,0.03137254902,1],"ix":4},"o":{"a":0,"k":100,"ix":5},"r":1,"bm":0,"nm":"Fill 1","mn":"ADBE Vector Graphic - Fill","hd":false},{"ty":"tr","p":{"a":0,"k":[4,2],"ix":2},"a":{"a":0,"k":[0,0],"ix":1},"s":{"a":0,"k":[100,100],"ix":3},"r":{"a":0,"k":0,"ix":6},"o":{"a":0,"k":100,"ix":7},"sk":{"a":0,"k":0,"ix":4},"sa":{"a":0,"k":0,"ix":5},"nm":"Transform"}],"nm":"Group 1","np":2,"cix":2,"bm":0,"ix":1,"mn":"ADBE Vector Group","hd":false}],"ip":0,"op":1125,"st":0,"bm":0},{"ddd":0,"ind":5,"ty":4,"nm":"3 Outlines","parent":1,"sr":1,"ks":{"o":{"a":0,"k":100,"ix":11},"r":{"a":1,"k":[{"i":{"x":[0.5],"y":[1]},"o":{"x":[0.5],"y":[0]},"t":3,"s":[0]},{"i":{"x":[0.5],"y":[1]},"o":{"x":[0.5],"y":[0]},"t":13,"s":[12]},{"t":23,"s":[0]}],"ix":10},"p":{"a":1,"k":[{"i":{"x":0.5,"y":1},"o":{"x":0.5,"y":0},"t":3,"s":[61.523,64.042,0],"to":[0,0,0],"ti":[0,0,0]},{"i":{"x":0.5,"y":1},"o":{"x":0.5,"y":0},"t":13,"s":[66.523,69.042,0],"to":[0,0,0],"ti":[0,0,0]},{"t":23,"s":[61.523,64.042,0]}],"ix":2,"l":2},"a":{"a":0,"k":[3.5,4,0],"ix":1,"l":2},"s":{"a":0,"k":[300,300,100],"ix":6,"l":2}},"ao":0,"shapes":[{"ty":"gr","it":[{"ind":0,"ty":"sh","ix":1,"ks":{"a":0,"k":{"i":[[0,0],[0,0],[0,0],[1.105,0],[0,0]],"o":[[0,0],[0,0],[0,1.105],[0,0],[0,0]],"v":[[-3.5,-4],[3.5,-4],[3.5,2],[1.5,4],[-3.5,4]],"c":true},"ix":2},"nm":"Path 1","mn":"ADBE Vector Shape - Group","hd":false},{"ty":"fl","c":{"a":0,"k":[1,0.713725490196,0.03137254902,1],"ix":4},"o":{"a":0,"k":100,"ix":5},"r":1,"bm":0,"nm":"Fill 1","mn":"ADBE Vector Graphic - Fill","hd":false},{"ty":"tr","p":{"a":0,"k":[3.5,4],"ix":2},"a":{"a":0,"k":[0,0],"ix":1},"s":{"a":0,"k":[100,100],"ix":3},"r":{"a":0,"k":0,"ix":6},"o":{"a":0,"k":100,"ix":7},"sk":{"a":0,"k":0,"ix":4},"sa":{"a":0,"k":0,"ix":5},"nm":"Transform"}],"nm":"Group 1","np":2,"cix":2,"bm":0,"ix":1,"mn":"ADBE Vector Group","hd":false}],"ip":0,"op":1125,"st":0,"bm":0},{"ddd":0,"ind":6,"ty":4,"nm":"4 Outlines","parent":1,"sr":1,"ks":{"o":{"a":0,"k":100,"ix":11},"r":{"a":1,"k":[{"i":{"x":[0.5],"y":[1]},"o":{"x":[0.5],"y":[0]},"t":4.5,"s":[0]},{"i":{"x":[0.5],"y":[1]},"o":{"x":[0.5],"y":[0]},"t":14.5,"s":[-12]},{"t":24.5,"s":[0]}],"ix":10},"p":{"a":1,"k":[{"i":{"x":0.5,"y":1},"o":{"x":0.5,"y":0},"t":4.5,"s":[37.523,64.042,0],"to":[0,0,0],"ti":[0,0,0]},{"i":{"x":0.5,"y":1},"o":{"x":0.5,"y":0},"t":14.5,"s":[32.523,69.042,0],"to":[0,0,0],"ti":[0,0,0]},{"t":24.5,"s":[37.523,64.042,0]}],"ix":2,"l":2},"a":{"a":0,"k":[3.5,4,0],"ix":1,"l":2},"s":{"a":0,"k":[300,300,100],"ix":6,"l":2}},"ao":0,"shapes":[{"ty":"gr","it":[{"ind":0,"ty":"sh","ix":1,"ks":{"a":0,"k":{"i":[[0,0],[0,0],[0,0],[0,0],[0,1.105]],"o":[[0,0],[0,0],[0,0],[-1.105,0],[0,0]],"v":[[-3.5,-4],[3.5,-4],[3.5,4],[-1.5,4],[-3.5,2]],"c":true},"ix":2},"nm":"Path 1","mn":"ADBE Vector Shape - Group","hd":false},{"ty":"fl","c":{"a":0,"k":[1,0.713725490196,0.03137254902,1],"ix":4},"o":{"a":0,"k":100,"ix":5},"r":1,"bm":0,"nm":"Fill 1","mn":"ADBE Vector Graphic - Fill","hd":false},{"ty":"tr","p":{"a":0,"k":[3.5,4],"ix":2},"a":{"a":0,"k":[0,0],"ix":1},"s":{"a":0,"k":[100,100],"ix":3},"r":{"a":0,"k":0,"ix":6},"o":{"a":0,"k":100,"ix":7},"sk":{"a":0,"k":0,"ix":4},"sa":{"a":0,"k":0,"ix":5},"nm":"Transform"}],"nm":"Group 1","np":2,"cix":2,"bm":0,"ix":1,"mn":"ADBE Vector Group","hd":false}],"ip":0,"op":1125,"st":0,"bm":0},{"ddd":0,"ind":7,"ty":4,"nm":"Ribbon Outlines","parent":1,"sr":1,"ks":{"o":{"a":0,"k":100,"ix":11},"r":{"a":1,"k":[{"i":{"x":[0.5],"y":[1]},"o":{"x":[0.5],"y":[0]},"t":1.5,"s":[0]},{"i":{"x":[0.5],"y":[1]},"o":{"x":[0.5],"y":[0]},"t":9,"s":[16]},{"i":{"x":[0.5],"y":[1]},"o":{"x":[0.5],"y":[0]},"t":14,"s":[-12]},{"t":21.5,"s":[0]}],"ix":10},"p":{"a":1,"k":[{"i":{"x":0.5,"y":1},"o":{"x":0.5,"y":0},"t":1.5,"s":[50.75,26.75,0],"to":[0,0,0],"ti":[0,0,0]},{"i":{"x":0.5,"y":1},"o":{"x":0.5,"y":0},"t":11.5,"s":[50.75,19.5,0],"to":[0,0,0],"ti":[0,0,0]},{"t":21.5,"s":[50.75,26.75,0]}],"ix":2,"l":2},"a":{"a":0,"k":[6.5,2.5,0],"ix":1,"l":2},"s":{"a":0,"k":[300,300,100],"ix":6,"l":2}},"ao":0,"shapes":[{"ty":"gr","it":[{"ind":0,"ty":"sh","ix":1,"ks":{"a":0,"k":{"i":[[0,0],[0,0],[0,0],[0,0]],"o":[[0,0],[0,0],[0,0],[0,0]],"v":[[-2.442,1.748],[-2.442,2.498],[-3.308,2.498],[-3.184,1.641]],"c":true},"ix":2},"nm":"Path 1","mn":"ADBE Vector Shape - Group","hd":false},{"ind":1,"ty":"sh","ix":2,"ks":{"a":0,"k":{"i":[[0,0],[-0.669,0.268],[-0.089,0.119],[0,0.233],[0,0],[0.308,-0.41],[0.491,-0.197],[1.76,0]],"o":[[1.74,0],[0.321,-0.129],[0.082,-0.11],[0,0],[0,0.503],[-0.302,0.401],[-0.956,0.383],[0,0]],"v":[[-2.442,0.998],[1.092,0.585],[1.669,0.2],[1.808,-0.29],[3.308,-0.29],[2.868,1.1],[1.649,1.978],[-2.442,2.498]],"c":true},"ix":2},"nm":"Path 2","mn":"ADBE Vector Shape - Group","hd":false},{"ind":2,"ty":"sh","ix":3,"ks":{"a":0,"k":{"i":[[0,0],[0.14,0.064],[0.483,-0.158],[0.204,-1.418],[0,0],[-1.422,0.464],[-0.657,-0.302],[0,-0.891]],"o":[[0,-0.359],[-0.202,-0.093],[-0.953,0.311],[0,0],[0.296,-2.055],[0.704,-0.23],[0.72,0.331],[0,0]],"v":[[1.808,-0.29],[1.534,-0.833],[0.478,-0.798],[-1.7,1.855],[-3.184,1.641],[0.013,-2.224],[2.16,-2.196],[3.308,-0.29]],"c":true},"ix":2},"nm":"Path 3","mn":"ADBE Vector Shape - Group","hd":false},{"ty":"mm","mm":1,"nm":"Merge Paths 1","mn":"ADBE Vector Filter - Merge","hd":false},{"ty":"fl","c":{"a":0,"k":[1,0.713725490196,0.03137254902,1],"ix":4},"o":{"a":0,"k":100,"ix":5},"r":1,"bm":0,"nm":"Fill 1","mn":"ADBE Vector Graphic - Fill","hd":false},{"ty":"tr","p":{"a":0,"k":[9.192,2.409],"ix":2},"a":{"a":0,"k":[0,0],"ix":1},"s":{"a":0,"k":[100,100],"ix":3},"r":{"a":0,"k":0,"ix":6},"o":{"a":0,"k":100,"ix":7},"sk":{"a":0,"k":0,"ix":4},"sa":{"a":0,"k":0,"ix":5},"nm":"Transform"}],"nm":"Group 1","np":5,"cix":2,"bm":0,"ix":1,"mn":"ADBE Vector Group","hd":false},{"ty":"gr","it":[{"ind":0,"ty":"sh","ix":1,"ks":{"a":0,"k":{"i":[[0,0],[0,0],[0,0],[0,0]],"o":[[0,0],[0,0],[0,0],[0,0]],"v":[[2.442,1.748],[2.442,2.498],[3.308,2.498],[3.184,1.641]],"c":true},"ix":2},"nm":"Path 1","mn":"ADBE Vector Shape - Group","hd":false},{"ind":1,"ty":"sh","ix":2,"ks":{"a":0,"k":{"i":[[0,0],[0.669,0.268],[0.089,0.119],[0,0.233],[0,0],[-0.308,-0.41],[-0.491,-0.197],[-1.76,0]],"o":[[-1.74,0],[-0.321,-0.129],[-0.082,-0.11],[0,0],[0,0.503],[0.302,0.401],[0.956,0.383],[0,0]],"v":[[2.442,0.998],[-1.092,0.585],[-1.669,0.2],[-1.808,-0.29],[-3.308,-0.29],[-2.868,1.1],[-1.649,1.978],[2.442,2.498]],"c":true},"ix":2},"nm":"Path 2","mn":"ADBE Vector Shape - Group","hd":false},{"ind":2,"ty":"sh","ix":3,"ks":{"a":0,"k":{"i":[[0,0],[-0.14,0.064],[-0.483,-0.158],[-0.204,-1.418],[0,0],[1.422,0.464],[0.657,-0.302],[0,-0.891]],"o":[[0,-0.359],[0.202,-0.093],[0.953,0.311],[0,0],[-0.296,-2.055],[-0.704,-0.23],[-0.72,0.331],[0,0]],"v":[[-1.808,-0.29],[-1.534,-0.833],[-0.478,-0.798],[1.7,1.855],[3.184,1.641],[-0.013,-2.224],[-2.16,-2.196],[-3.308,-0.29]],"c":true},"ix":2},"nm":"Path 3","mn":"ADBE Vector Shape - Group","hd":false},{"ty":"mm","mm":1,"nm":"Merge Paths 1","mn":"ADBE Vector Filter - Merge","hd":false},{"ty":"fl","c":{"a":0,"k":[1,0.713725490196,0.03137254902,1],"ix":4},"o":{"a":0,"k":100,"ix":5},"r":1,"bm":0,"nm":"Fill 1","mn":"ADBE Vector Graphic - Fill","hd":false},{"ty":"tr","p":{"a":0,"k":[3.308,2.409],"ix":2},"a":{"a":0,"k":[0,0],"ix":1},"s":{"a":0,"k":[100,100],"ix":3},"r":{"a":0,"k":0,"ix":6},"o":{"a":0,"k":100,"ix":7},"sk":{"a":0,"k":0,"ix":4},"sa":{"a":0,"k":0,"ix":5},"nm":"Transform"}],"nm":"Group 2","np":5,"cix":2,"bm":0,"ix":2,"mn":"ADBE Vector Group","hd":false}],"ip":0,"op":1125,"st":0,"bm":0}],"markers":[]}
